Month,Agency,Projection,Recovery
10/1/2020,Subway,Best Case (Dec 2020),0.33
10/1/2020,Subway,Midpoint (Dec 2020),0.33
10/1/2020,Subway,Worst Case (Dec 2020),0.33
10/1/2020,Bus,Best Case (Dec 2020),0.45
10/1/2020,Bus,Midpoint (Dec 2020),0.45
10/1/2020,Bus,Worst Case (Dec 2020),0.45
10/1/2020,LIRR,Best Case (Dec 2020),0.25
10/1/2020,LIRR,Midpoint (Dec 2020),0.25
10/1/2020,LIRR,Worst Case (Dec 2020),0.25
10/1/2020,MNR,Best Case (Dec 2020),0.23
10/1/2020,MNR,Midpoint (Dec 2020),0.23
10/1/2020,MNR,Worst Case (Dec 2020),0.23
10/1/2020,SIR,Best Case (Dec 2020),0.33
10/1/2020,SIR,Midpoint (Dec 2020),0.33
10/1/2020,SIR,Worst Case (Dec 2020),0.33
10/1/2020,BT,Best Case (May 2020),0.65
10/1/2020,BT,Midpoint (May 2020),0.5
10/1/2020,BT,Worst Case (May 2020),0.35
10/1/2020,BT,Best Case (Nov 2020),0.87
10/1/2020,BT,Midpoint (Nov 2020),0.87
10/1/2020,BT,Worst Case (Nov 2020),0.87
10/1/2020,BT,Best Case (Dec 2020),0.87
10/1/2020,BT,Midpoint (Dec 2020),0.87
10/1/2020,BT,Worst Case (Dec 2020),0.87
10/1/2020,MTA Consolidated,Best Case (May 2020),0.45
10/1/2020,MTA Consolidated,Midpoint (May 2020),0.225
10/1/2020,MTA Consolidated,Worst Case (May 2020),0
10/1/2020,MTA Consolidated,Best Case (Nov 2020),0.33
10/1/2020,MTA Consolidated,Midpoint (Nov 2020),0.33
10/1/2020,MTA Consolidated,Worst Case (Nov 2020),0.33
10/1/2020,MTA Consolidated,Best Case (Dec 2020),0.36
10/1/2020,MTA Consolidated,Midpoint (Dec 2020),0.36
10/1/2020,MTA Consolidated,Worst Case (Dec 2020),0.36
11/1/2020,Subway,Best Case (Dec 2020),0.33
11/1/2020,Subway,Midpoint (Dec 2020),0.33
11/1/2020,Subway,Worst Case (Dec 2020),0.33
11/1/2020,Bus,Best Case (Dec 2020),0.45
11/1/2020,Bus,Midpoint (Dec 2020),0.45
11/1/2020,Bus,Worst Case (Dec 2020),0.45
11/1/2020,LIRR,Best Case (Dec 2020),0.25
11/1/2020,LIRR,Midpoint (Dec 2020),0.25
11/1/2020,LIRR,Worst Case (Dec 2020),0.25
11/1/2020,MNR,Best Case (Dec 2020),0.23
11/1/2020,MNR,Midpoint (Dec 2020),0.23
11/1/2020,MNR,Worst Case (Dec 2020),0.23
11/1/2020,SIR,Best Case (Dec 2020),0.33
11/1/2020,SIR,Midpoint (Dec 2020),0.33
11/1/2020,SIR,Worst Case (Dec 2020),0.33
11/1/2020,BT,Best Case (May 2020),0.65
11/1/2020,BT,Midpoint (May 2020),0.5
11/1/2020,BT,Worst Case (May 2020),0.35
11/1/2020,BT,Best Case (Nov 2020),0.87
11/1/2020,BT,Midpoint (Nov 2020),0.87
11/1/2020,BT,Worst Case (Nov 2020),0.87
11/1/2020,BT,Best Case (Dec 2020),0.87
11/1/2020,BT,Midpoint (Dec 2020),0.87
11/1/2020,BT,Worst Case (Dec 2020),0.87
11/1/2020,MTA Consolidated,Best Case (May 2020),0.45
11/1/2020,MTA Consolidated,Midpoint (May 2020),0.225
11/1/2020,MTA Consolidated,Worst Case (May 2020),0
11/1/2020,MTA Consolidated,Best Case (Nov 2020),0.33
11/1/2020,MTA Consolidated,Midpoint (Nov 2020),0.33
11/1/2020,MTA Consolidated,Worst Case (Nov 2020),0.33
11/1/2020,MTA Consolidated,Best Case (Dec 2020),0.36
11/1/2020,MTA Consolidated,Midpoint (Dec 2020),0.36
11/1/2020,MTA Consolidated,Worst Case (Dec 2020),0.36
12/1/2020,Subway,Best Case (Dec 2020),0.33
12/1/2020,Subway,Midpoint (Dec 2020),0.33
12/1/2020,Subway,Worst Case (Dec 2020),0.33
12/1/2020,Bus,Best Case (Dec 2020),0.45
12/1/2020,Bus,Midpoint (Dec 2020),0.45
12/1/2020,Bus,Worst Case (Dec 2020),0.45
12/1/2020,LIRR,Best Case (Dec 2020),0.25
12/1/2020,LIRR,Midpoint (Dec 2020),0.25
12/1/2020,LIRR,Worst Case (Dec 2020),0.25
12/1/2020,MNR,Best Case (Dec 2020),0.23
12/1/2020,MNR,Midpoint (Dec 2020),0.23
12/1/2020,MNR,Worst Case (Dec 2020),0.23
12/1/2020,SIR,Best Case (Dec 2020),0.33
12/1/2020,SIR,Midpoint (Dec 2020),0.33
12/1/2020,SIR,Worst Case (Dec 2020),0.33
12/1/2020,BT,Best Case (May 2020),0.65
12/1/2020,BT,Midpoint (May 2020),0.5
12/1/2020,BT,Worst Case (May 2020),0.35
12/1/2020,BT,Best Case (Nov 2020),0.87
12/1/2020,BT,Midpoint (Nov 2020),0.87
12/1/2020,BT,Worst Case (Nov 2020),0.87
12/1/2020,BT,Best Case (Dec 2020),0.87
12/1/2020,BT,Midpoint (Dec 2020),0.87
12/1/2020,BT,Worst Case (Dec 2020),0.87
12/1/2020,MTA Consolidated,Best Case (May 2020),0.45
12/1/2020,MTA Consolidated,Midpoint (May 2020),0.225
12/1/2020,MTA Consolidated,Worst Case (May 2020),0
12/1/2020,MTA Consolidated,Best Case (Nov 2020),0.33
12/1/2020,MTA Consolidated,Midpoint (Nov 2020),0.33
12/1/2020,MTA Consolidated,Worst Case (Nov 2020),0.33
12/1/2020,MTA Consolidated,Best Case (Dec 2020),0.36
12/1/2020,MTA Consolidated,Midpoint (Dec 2020),0.36
12/1/2020,MTA Consolidated,Worst Case (Dec 2020),0.36
1/1/2021,Subway,Best Case (Dec 2020),0.41
1/1/2021,Subway,Midpoint (Dec 2020),0.29
1/1/2021,Subway,Worst Case (Dec 2020),0.17
1/1/2021,Bus,Best Case (Dec 2020),0.51
1/1/2021,Bus,Midpoint (Dec 2020),0.37
1/1/2021,Bus,Worst Case (Dec 2020),0.23
1/1/2021,LIRR,Best Case (Dec 2020),0.32
1/1/2021,LIRR,Midpoint (Dec 2020),0.23
1/1/2021,LIRR,Worst Case (Dec 2020),0.14
1/1/2021,MNR,Best Case (Dec 2020),0.3
1/1/2021,MNR,Midpoint (Dec 2020),0.205
1/1/2021,MNR,Worst Case (Dec 2020),0.11
1/1/2021,SIR,Best Case (Dec 2020),0.41
1/1/2021,SIR,Midpoint (Dec 2020),0.29
1/1/2021,SIR,Worst Case (Dec 2020),0.17
1/1/2021,BT,Best Case (May 2020),0.65
1/1/2021,BT,Midpoint (May 2020),0.5
1/1/2021,BT,Worst Case (May 2020),0.35
1/1/2021,BT,Best Case (Nov 2020),0.86
1/1/2021,BT,Midpoint (Nov 2020),0.785
1/1/2021,BT,Worst Case (Nov 2020),0.71
1/1/2021,BT,Best Case (Dec 2020),0.86
1/1/2021,BT,Midpoint (Dec 2020),0.785
1/1/2021,BT,Worst Case (Dec 2020),0.71
1/1/2021,MTA Consolidated,Best Case (May 2020),0.55
1/1/2021,MTA Consolidated,Midpoint (May 2020),0.325
1/1/2021,MTA Consolidated,Worst Case (May 2020),0.1
1/1/2021,MTA Consolidated,Best Case (Nov 2020),0.36
1/1/2021,MTA Consolidated,Midpoint (Nov 2020),0.27
1/1/2021,MTA Consolidated,Worst Case (Nov 2020),0.18
1/1/2021,MTA Consolidated,Best Case (Dec 2020),0.43
1/1/2021,MTA Consolidated,Midpoint (Dec 2020),0.305
1/1/2021,MTA Consolidated,Worst Case (Dec 2020),0.18
2/1/2021,Subway,Best Case (Dec 2020),0.41
2/1/2021,Subway,Midpoint (Dec 2020),0.29
2/1/2021,Subway,Worst Case (Dec 2020),0.17
2/1/2021,Bus,Best Case (Dec 2020),0.51
2/1/2021,Bus,Midpoint (Dec 2020),0.37
2/1/2021,Bus,Worst Case (Dec 2020),0.23
2/1/2021,LIRR,Best Case (Dec 2020),0.32
2/1/2021,LIRR,Midpoint (Dec 2020),0.23
2/1/2021,LIRR,Worst Case (Dec 2020),0.14
2/1/2021,MNR,Best Case (Dec 2020),0.3
2/1/2021,MNR,Midpoint (Dec 2020),0.205
2/1/2021,MNR,Worst Case (Dec 2020),0.11
2/1/2021,SIR,Best Case (Dec 2020),0.41
2/1/2021,SIR,Midpoint (Dec 2020),0.29
2/1/2021,SIR,Worst Case (Dec 2020),0.17
2/1/2021,BT,Best Case (May 2020),0.65
2/1/2021,BT,Midpoint (May 2020),0.513
2/1/2021,BT,Worst Case (May 2020),0.375
2/1/2021,BT,Best Case (Nov 2020),0.86
2/1/2021,BT,Midpoint (Nov 2020),0.785
2/1/2021,BT,Worst Case (Nov 2020),0.71
2/1/2021,BT,Best Case (Dec 2020),0.86
2/1/2021,BT,Midpoint (Dec 2020),0.785
2/1/2021,BT,Worst Case (Dec 2020),0.71
2/1/2021,MTA Consolidated,Best Case (May 2020),0.55
2/1/2021,MTA Consolidated,Midpoint (May 2020),0.338
2/1/2021,MTA Consolidated,Worst Case (May 2020),0.125
2/1/2021,MTA Consolidated,Best Case (Nov 2020),0.36
2/1/2021,MTA Consolidated,Midpoint (Nov 2020),0.27
2/1/2021,MTA Consolidated,Worst Case (Nov 2020),0.18
2/1/2021,MTA Consolidated,Best Case (Dec 2020),0.43
2/1/2021,MTA Consolidated,Midpoint (Dec 2020),0.305
2/1/2021,MTA Consolidated,Worst Case (Dec 2020),0.18
3/1/2021,Subway,Best Case (Dec 2020),0.41
3/1/2021,Subway,Midpoint (Dec 2020),0.29
3/1/2021,Subway,Worst Case (Dec 2020),0.17
3/1/2021,Bus,Best Case (Dec 2020),0.51
3/1/2021,Bus,Midpoint (Dec 2020),0.37
3/1/2021,Bus,Worst Case (Dec 2020),0.23
3/1/2021,LIRR,Best Case (Dec 2020),0.32
3/1/2021,LIRR,Midpoint (Dec 2020),0.23
3/1/2021,LIRR,Worst Case (Dec 2020),0.14
3/1/2021,MNR,Best Case (Dec 2020),0.3
3/1/2021,MNR,Midpoint (Dec 2020),0.205
3/1/2021,MNR,Worst Case (Dec 2020),0.11
3/1/2021,SIR,Best Case (Dec 2020),0.41
3/1/2021,SIR,Midpoint (Dec 2020),0.29
3/1/2021,SIR,Worst Case (Dec 2020),0.17
3/1/2021,BT,Best Case (May 2020),0.675
3/1/2021,BT,Midpoint (May 2020),0.538
3/1/2021,BT,Worst Case (May 2020),0.4
3/1/2021,BT,Best Case (Nov 2020),0.86
3/1/2021,BT,Midpoint (Nov 2020),0.785
3/1/2021,BT,Worst Case (Nov 2020),0.71
3/1/2021,BT,Best Case (Dec 2020),0.86
3/1/2021,BT,Midpoint (Dec 2020),0.785
3/1/2021,BT,Worst Case (Dec 2020),0.71
3/1/2021,MTA Consolidated,Best Case (May 2020),0.55
3/1/2021,MTA Consolidated,Midpoint (May 2020),0.35
3/1/2021,MTA Consolidated,Worst Case (May 2020),0.15
3/1/2021,MTA Consolidated,Best Case (Nov 2020),0.36
3/1/2021,MTA Consolidated,Midpoint (Nov 2020),0.27
3/1/2021,MTA Consolidated,Worst Case (Nov 2020),0.18
3/1/2021,MTA Consolidated,Best Case (Dec 2020),0.43
3/1/2021,MTA Consolidated,Midpoint (Dec 2020),0.305
3/1/2021,MTA Consolidated,Worst Case (Dec 2020),0.18
4/1/2021,Subway,Best Case (Dec 2020),0.49
4/1/2021,Subway,Midpoint (Dec 2020),0.37
4/1/2021,Subway,Worst Case (Dec 2020),0.25
4/1/2021,Bus,Best Case (Dec 2020),0.56
4/1/2021,Bus,Midpoint (Dec 2020),0.445
4/1/2021,Bus,Worst Case (Dec 2020),0.33
4/1/2021,LIRR,Best Case (Dec 2020),0.4
4/1/2021,LIRR,Midpoint (Dec 2020),0.305
4/1/2021,LIRR,Worst Case (Dec 2020),0.21
4/1/2021,MNR,Best Case (Dec 2020),0.38
4/1/2021,MNR,Midpoint (Dec 2020),0.275
4/1/2021,MNR,Worst Case (Dec 2020),0.17
4/1/2021,SIR,Best Case (Dec 2020),0.49
4/1/2021,SIR,Midpoint (Dec 2020),0.37
4/1/2021,SIR,Worst Case (Dec 2020),0.25
4/1/2021,BT,Best Case (May 2020),0.7
4/1/2021,BT,Midpoint (May 2020),0.563
4/1/2021,BT,Worst Case (May 2020),0.425
4/1/2021,BT,Best Case (Nov 2020),0.98
4/1/2021,BT,Midpoint (Nov 2020),0.915
4/1/2021,BT,Worst Case (Nov 2020),0.85
4/1/2021,BT,Best Case (Dec 2020),0.98
4/1/2021,BT,Midpoint (Dec 2020),0.915
4/1/2021,BT,Worst Case (Dec 2020),0.85
4/1/2021,MTA Consolidated,Best Case (May 2020),0.575
4/1/2021,MTA Consolidated,Midpoint (May 2020),0.388
4/1/2021,MTA Consolidated,Worst Case (May 2020),0.2
4/1/2021,MTA Consolidated,Best Case (Nov 2020),0.44
4/1/2021,MTA Consolidated,Midpoint (Nov 2020),0.345
4/1/2021,MTA Consolidated,Worst Case (Nov 2020),0.25
4/1/2021,MTA Consolidated,Best Case (Dec 2020),0.5
4/1/2021,MTA Consolidated,Midpoint (Dec 2020),0.385
4/1/2021,MTA Consolidated,Worst Case (Dec 2020),0.27
5/1/2021,Subway,Best Case (Dec 2020),0.49
5/1/2021,Subway,Midpoint (Dec 2020),0.37
5/1/2021,Subway,Worst Case (Dec 2020),0.25
5/1/2021,Bus,Best Case (Dec 2020),0.56
5/1/2021,Bus,Midpoint (Dec 2020),0.445
5/1/2021,Bus,Worst Case (Dec 2020),0.33
5/1/2021,LIRR,Best Case (Dec 2020),0.4
5/1/2021,LIRR,Midpoint (Dec 2020),0.305
5/1/2021,LIRR,Worst Case (Dec 2020),0.21
5/1/2021,MNR,Best Case (Dec 2020),0.38
5/1/2021,MNR,Midpoint (Dec 2020),0.275
5/1/2021,MNR,Worst Case (Dec 2020),0.17
5/1/2021,SIR,Best Case (Dec 2020),0.49
5/1/2021,SIR,Midpoint (Dec 2020),0.37
5/1/2021,SIR,Worst Case (Dec 2020),0.25
5/1/2021,BT,Best Case (May 2020),0.725
5/1/2021,BT,Midpoint (May 2020),0.588
5/1/2021,BT,Worst Case (May 2020),0.45
5/1/2021,BT,Best Case (Nov 2020),0.98
5/1/2021,BT,Midpoint (Nov 2020),0.915
5/1/2021,BT,Worst Case (Nov 2020),0.85
5/1/2021,BT,Best Case (Dec 2020),0.98
5/1/2021,BT,Midpoint (Dec 2020),0.915
5/1/2021,BT,Worst Case (Dec 2020),0.85
5/1/2021,MTA Consolidated,Best Case (May 2020),0.6
5/1/2021,MTA Consolidated,Midpoint (May 2020),0.425
5/1/2021,MTA Consolidated,Worst Case (May 2020),0.25
5/1/2021,MTA Consolidated,Best Case (Nov 2020),0.44
5/1/2021,MTA Consolidated,Midpoint (Nov 2020),0.345
5/1/2021,MTA Consolidated,Worst Case (Nov 2020),0.25
5/1/2021,MTA Consolidated,Best Case (Dec 2020),0.5
5/1/2021,MTA Consolidated,Midpoint (Dec 2020),0.385
5/1/2021,MTA Consolidated,Worst Case (Dec 2020),0.27
6/1/2021,Subway,Best Case (Dec 2020),0.49
6/1/2021,Subway,Midpoint (Dec 2020),0.37
6/1/2021,Subway,Worst Case (Dec 2020),0.25
6/1/2021,Bus,Best Case (Dec 2020),0.56
6/1/2021,Bus,Midpoint (Dec 2020),0.445
6/1/2021,Bus,Worst Case (Dec 2020),0.33
6/1/2021,LIRR,Best Case (Dec 2020),0.4
6/1/2021,LIRR,Midpoint (Dec 2020),0.305
6/1/2021,LIRR,Worst Case (Dec 2020),0.21
6/1/2021,MNR,Best Case (Dec 2020),0.38
6/1/2021,MNR,Midpoint (Dec 2020),0.275
6/1/2021,MNR,Worst Case (Dec 2020),0.17
6/1/2021,SIR,Best Case (Dec 2020),0.49
6/1/2021,SIR,Midpoint (Dec 2020),0.37
6/1/2021,SIR,Worst Case (Dec 2020),0.25
6/1/2021,BT,Best Case (May 2020),0.75
6/1/2021,BT,Midpoint (May 2020),0.625
6/1/2021,BT,Worst Case (May 2020),0.5
6/1/2021,BT,Best Case (Nov 2020),0.98
6/1/2021,BT,Midpoint (Nov 2020),0.915
6/1/2021,BT,Worst Case (Nov 2020),0.85
6/1/2021,BT,Best Case (Dec 2020),0.98
6/1/2021,BT,Midpoint (Dec 2020),0.915
6/1/2021,BT,Worst Case (Dec 2020),0.85
6/1/2021,MTA Consolidated,Best Case (May 2020),0.625
6/1/2021,MTA Consolidated,Midpoint (May 2020),0.463
6/1/2021,MTA Consolidated,Worst Case (May 2020),0.3
6/1/2021,MTA Consolidated,Best Case (Nov 2020),0.44
6/1/2021,MTA Consolidated,Midpoint (Nov 2020),0.345
6/1/2021,MTA Consolidated,Worst Case (Nov 2020),0.25
6/1/2021,MTA Consolidated,Best Case (Dec 2020),0.5
6/1/2021,MTA Consolidated,Midpoint (Dec 2020),0.385
6/1/2021,MTA Consolidated,Worst Case (Dec 2020),0.27
7/1/2021,Subway,Best Case (Dec 2020),0.68
7/1/2021,Subway,Midpoint (Dec 2020),0.49
7/1/2021,Subway,Worst Case (Dec 2020),0.3
7/1/2021,Bus,Best Case (Dec 2020),0.77
7/1/2021,Bus,Midpoint (Dec 2020),0.575
7/1/2021,Bus,Worst Case (Dec 2020),0.38
7/1/2021,LIRR,Best Case (Dec 2020),0.6
7/1/2021,LIRR,Midpoint (Dec 2020),0.425
7/1/2021,LIRR,Worst Case (Dec 2020),0.25
7/1/2021,MNR,Best Case (Dec 2020),0.56
7/1/2021,MNR,Midpoint (Dec 2020),0.385
7/1/2021,MNR,Worst Case (Dec 2020),0.21
7/1/2021,SIR,Best Case (Dec 2020),0.68
7/1/2021,SIR,Midpoint (Dec 2020),0.49
7/1/2021,SIR,Worst Case (Dec 2020),0.3
7/1/2021,BT,Best Case (May 2020),0.8
7/1/2021,BT,Midpoint (May 2020),0.675
7/1/2021,BT,Worst Case (May 2020),0.55
7/1/2021,BT,Best Case (Nov 2020),1
7/1/2021,BT,Midpoint (Nov 2020),0.935
7/1/2021,BT,Worst Case (Nov 2020),0.87
7/1/2021,BT,Best Case (Dec 2020),1
7/1/2021,BT,Midpoint (Dec 2020),0.935
7/1/2021,BT,Worst Case (Dec 2020),0.87
7/1/2021,MTA Consolidated,Best Case (May 2020),0.65
7/1/2021,MTA Consolidated,Midpoint (May 2020),0.525
7/1/2021,MTA Consolidated,Worst Case (May 2020),0.4
7/1/2021,MTA Consolidated,Best Case (Nov 2020),0.51
7/1/2021,MTA Consolidated,Midpoint (Nov 2020),0.405
7/1/2021,MTA Consolidated,Worst Case (Nov 2020),0.3
7/1/2021,MTA Consolidated,Best Case (Dec 2020),0.7
7/1/2021,MTA Consolidated,Midpoint (Dec 2020),0.51
7/1/2021,MTA Consolidated,Worst Case (Dec 2020),0.32
8/1/2021,Subway,Best Case (Dec 2020),0.68
8/1/2021,Subway,Midpoint (Dec 2020),0.49
8/1/2021,Subway,Worst Case (Dec 2020),0.3
8/1/2021,Bus,Best Case (Dec 2020),0.77
8/1/2021,Bus,Midpoint (Dec 2020),0.575
8/1/2021,Bus,Worst Case (Dec 2020),0.38
8/1/2021,LIRR,Best Case (Dec 2020),0.6
8/1/2021,LIRR,Midpoint (Dec 2020),0.425
8/1/2021,LIRR,Worst Case (Dec 2020),0.25
8/1/2021,MNR,Best Case (Dec 2020),0.56
8/1/2021,MNR,Midpoint (Dec 2020),0.385
8/1/2021,MNR,Worst Case (Dec 2020),0.21
8/1/2021,SIR,Best Case (Dec 2020),0.68
8/1/2021,SIR,Midpoint (Dec 2020),0.49
8/1/2021,SIR,Worst Case (Dec 2020),0.3
8/1/2021,BT,Best Case (May 2020),0.85
8/1/2021,BT,Midpoint (May 2020),0.725
8/1/2021,BT,Worst Case (May 2020),0.6
8/1/2021,BT,Best Case (Nov 2020),1
8/1/2021,BT,Midpoint (Nov 2020),0.935
8/1/2021,BT,Worst Case (Nov 2020),0.87
8/1/2021,BT,Best Case (Dec 2020),1
8/1/2021,BT,Midpoint (Dec 2020),0.935
8/1/2021,BT,Worst Case (Dec 2020),0.87
8/1/2021,MTA Consolidated,Best Case (May 2020),0.675
8/1/2021,MTA Consolidated,Midpoint (May 2020),0.588
8/1/2021,MTA Consolidated,Worst Case (May 2020),0.5
8/1/2021,MTA Consolidated,Best Case (Nov 2020),0.51
8/1/2021,MTA Consolidated,Midpoint (Nov 2020),0.405
8/1/2021,MTA Consolidated,Worst Case (Nov 2020),0.3
8/1/2021,MTA Consolidated,Best Case (Dec 2020),0.7
8/1/2021,MTA Consolidated,Midpoint (Dec 2020),0.51
8/1/2021,MTA Consolidated,Worst Case (Dec 2020),0.32
9/1/2021,Subway,Best Case (Dec 2020),0.68
9/1/2021,Subway,Midpoint (Dec 2020),0.49
9/1/2021,Subway,Worst Case (Dec 2020),0.3
9/1/2021,Bus,Best Case (Dec 2020),0.77
9/1/2021,Bus,Midpoint (Dec 2020),0.575
9/1/2021,Bus,Worst Case (Dec 2020),0.38
9/1/2021,LIRR,Best Case (Dec 2020),0.6
9/1/2021,LIRR,Midpoint (Dec 2020),0.425
9/1/2021,LIRR,Worst Case (Dec 2020),0.25
9/1/2021,MNR,Best Case (Dec 2020),0.56
9/1/2021,MNR,Midpoint (Dec 2020),0.385
9/1/2021,MNR,Worst Case (Dec 2020),0.21
9/1/2021,SIR,Best Case (Dec 2020),0.68
9/1/2021,SIR,Midpoint (Dec 2020),0.49
9/1/2021,SIR,Worst Case (Dec 2020),0.3
9/1/2021,BT,Best Case (May 2020),0.85
9/1/2021,BT,Midpoint (May 2020),0.775
9/1/2021,BT,Worst Case (May 2020),0.7
9/1/2021,BT,Best Case (Nov 2020),1
9/1/2021,BT,Midpoint (Nov 2020),0.935
9/1/2021,BT,Worst Case (Nov 2020),0.87
9/1/2021,BT,Best Case (Dec 2020),1
9/1/2021,BT,Midpoint (Dec 2020),0.935
9/1/2021,BT,Worst Case (Dec 2020),0.87
9/1/2021,MTA Consolidated,Best Case (May 2020),0.7
9/1/2021,MTA Consolidated,Midpoint (May 2020),0.65
9/1/2021,MTA Consolidated,Worst Case (May 2020),0.6
9/1/2021,MTA Consolidated,Best Case (Nov 2020),0.51
9/1/2021,MTA Consolidated,Midpoint (Nov 2020),0.405
9/1/2021,MTA Consolidated,Worst Case (Nov 2020),0.3
9/1/2021,MTA Consolidated,Best Case (Dec 2020),0.7
9/1/2021,MTA Consolidated,Midpoint (Dec 2020),0.51
9/1/2021,MTA Consolidated,Worst Case (Dec 2020),0.32
10/1/2021,Subway,Best Case (Dec 2020),0.78
10/1/2021,Subway,Midpoint (Dec 2020),0.555
10/1/2021,Subway,Worst Case (Dec 2020),0.33
10/1/2021,Bus,Best Case (Dec 2020),0.84
10/1/2021,Bus,Midpoint (Dec 2020),0.62
10/1/2021,Bus,Worst Case (Dec 2020),0.4
10/1/2021,LIRR,Best Case (Dec 2020),0.7
10/1/2021,LIRR,Midpoint (Dec 2020),0.495
10/1/2021,LIRR,Worst Case (Dec 2020),0.29
10/1/2021,MNR,Best Case (Dec 2020),0.64
10/1/2021,MNR,Midpoint (Dec 2020),0.44
10/1/2021,MNR,Worst Case (Dec 2020),0.24
10/1/2021,SIR,Best Case (Dec 2020),0.78
10/1/2021,SIR,Midpoint (Dec 2020),0.555
10/1/2021,SIR,Worst Case (Dec 2020),0.33
10/1/2021,BT,Best Case (May 2020),0.85
10/1/2021,BT,Midpoint (May 2020),0.775
10/1/2021,BT,Worst Case (May 2020),0.7
10/1/2021,BT,Best Case (Nov 2020),0.98
10/1/2021,BT,Midpoint (Nov 2020),0.92
10/1/2021,BT,Worst Case (Nov 2020),0.86
10/1/2021,BT,Best Case (Dec 2020),0.98
10/1/2021,BT,Midpoint (Dec 2020),0.92
10/1/2021,BT,Worst Case (Dec 2020),0.86
10/1/2021,MTA Consolidated,Best Case (May 2020),0.75
10/1/2021,MTA Consolidated,Midpoint (May 2020),0.675
10/1/2021,MTA Consolidated,Worst Case (May 2020),0.6
10/1/2021,MTA Consolidated,Best Case (Nov 2020),0.69
10/1/2021,MTA Consolidated,Midpoint (Nov 2020),0.525
10/1/2021,MTA Consolidated,Worst Case (Nov 2020),0.36
10/1/2021,MTA Consolidated,Best Case (Dec 2020),0.79
10/1/2021,MTA Consolidated,Midpoint (Dec 2020),0.57
10/1/2021,MTA Consolidated,Worst Case (Dec 2020),0.35
11/1/2021,Subway,Best Case (Dec 2020),0.78
11/1/2021,Subway,Midpoint (Dec 2020),0.555
11/1/2021,Subway,Worst Case (Dec 2020),0.33
11/1/2021,Bus,Best Case (Dec 2020),0.84
11/1/2021,Bus,Midpoint (Dec 2020),0.62
11/1/2021,Bus,Worst Case (Dec 2020),0.4
11/1/2021,LIRR,Best Case (Dec 2020),0.7
11/1/2021,LIRR,Midpoint (Dec 2020),0.495
11/1/2021,LIRR,Worst Case (Dec 2020),0.29
11/1/2021,MNR,Best Case (Dec 2020),0.64
11/1/2021,MNR,Midpoint (Dec 2020),0.44
11/1/2021,MNR,Worst Case (Dec 2020),0.24
11/1/2021,SIR,Best Case (Dec 2020),0.78
11/1/2021,SIR,Midpoint (Dec 2020),0.555
11/1/2021,SIR,Worst Case (Dec 2020),0.33
11/1/2021,BT,Best Case (May 2020),0.85
11/1/2021,BT,Midpoint (May 2020),0.775
11/1/2021,BT,Worst Case (May 2020),0.7
11/1/2021,BT,Best Case (Nov 2020),0.98
11/1/2021,BT,Midpoint (Nov 2020),0.92
11/1/2021,BT,Worst Case (Nov 2020),0.86
11/1/2021,BT,Best Case (Dec 2020),0.98
11/1/2021,BT,Midpoint (Dec 2020),0.92
11/1/2021,BT,Worst Case (Dec 2020),0.86
11/1/2021,MTA Consolidated,Best Case (May 2020),0.8
11/1/2021,MTA Consolidated,Midpoint (May 2020),0.7
11/1/2021,MTA Consolidated,Worst Case (May 2020),0.6
11/1/2021,MTA Consolidated,Best Case (Nov 2020),0.69
11/1/2021,MTA Consolidated,Midpoint (Nov 2020),0.525
11/1/2021,MTA Consolidated,Worst Case (Nov 2020),0.36
11/1/2021,MTA Consolidated,Best Case (Dec 2020),0.79
11/1/2021,MTA Consolidated,Midpoint (Dec 2020),0.57
11/1/2021,MTA Consolidated,Worst Case (Dec 2020),0.35
12/1/2021,Subway,Best Case (Dec 2020),0.78
12/1/2021,Subway,Midpoint (Dec 2020),0.555
12/1/2021,Subway,Worst Case (Dec 2020),0.33
12/1/2021,Bus,Best Case (Dec 2020),0.84
12/1/2021,Bus,Midpoint (Dec 2020),0.62
12/1/2021,Bus,Worst Case (Dec 2020),0.4
12/1/2021,LIRR,Best Case (Dec 2020),0.7
12/1/2021,LIRR,Midpoint (Dec 2020),0.495
12/1/2021,LIRR,Worst Case (Dec 2020),0.29
12/1/2021,MNR,Best Case (Dec 2020),0.64
12/1/2021,MNR,Midpoint (Dec 2020),0.44
12/1/2021,MNR,Worst Case (Dec 2020),0.24
12/1/2021,SIR,Best Case (Dec 2020),0.78
12/1/2021,SIR,Midpoint (Dec 2020),0.555
12/1/2021,SIR,Worst Case (Dec 2020),0.33
12/1/2021,BT,Best Case (May 2020),0.85
12/1/2021,BT,Midpoint (May 2020),0.775
12/1/2021,BT,Worst Case (May 2020),0.7
12/1/2021,BT,Best Case (Nov 2020),0.98
12/1/2021,BT,Midpoint (Nov 2020),0.92
12/1/2021,BT,Worst Case (Nov 2020),0.86
12/1/2021,BT,Best Case (Dec 2020),0.98
12/1/2021,BT,Midpoint (Dec 2020),0.92
12/1/2021,BT,Worst Case (Dec 2020),0.86
12/1/2021,MTA Consolidated,Best Case (May 2020),0.85
12/1/2021,MTA Consolidated,Midpoint (May 2020),0.725
12/1/2021,MTA Consolidated,Worst Case (May 2020),0.6
12/1/2021,MTA Consolidated,Best Case (Nov 2020),0.69
12/1/2021,MTA Consolidated,Midpoint (Nov 2020),0.525
12/1/2021,MTA Consolidated,Worst Case (Nov 2020),0.36
12/1/2021,MTA Consolidated,Best Case (Dec 2020),0.79
12/1/2021,MTA Consolidated,Midpoint (Dec 2020),0.57
12/1/2021,MTA Consolidated,Worst Case (Dec 2020),0.35
1/1/2022,Subway,Best Case (Dec 2020),0.83
1/1/2022,Subway,Midpoint (Dec 2020),0.67
1/1/2022,Subway,Worst Case (Dec 2020),0.51
1/1/2022,Bus,Best Case (Dec 2020),0.87
1/1/2022,Bus,Midpoint (Dec 2020),0.725
1/1/2022,Bus,Worst Case (Dec 2020),0.58
1/1/2022,LIRR,Best Case (Dec 2020),0.75
1/1/2022,LIRR,Midpoint (Dec 2020),0.605
1/1/2022,LIRR,Worst Case (Dec 2020),0.46
1/1/2022,MNR,Best Case (Dec 2020),0.69
1/1/2022,MNR,Midpoint (Dec 2020),0.55
1/1/2022,MNR,Worst Case (Dec 2020),0.41
1/1/2022,SIR,Best Case (Dec 2020),0.83
1/1/2022,SIR,Midpoint (Dec 2020),0.67
1/1/2022,SIR,Worst Case (Dec 2020),0.51
1/1/2022,BT,Best Case (May 2020),0.85
1/1/2022,BT,Midpoint (May 2020),0.775
1/1/2022,BT,Worst Case (May 2020),0.7
1/1/2022,BT,Best Case (Nov 2020),0.98
1/1/2022,BT,Midpoint (Nov 2020),0.92
1/1/2022,BT,Worst Case (Nov 2020),0.86
1/1/2022,BT,Best Case (Dec 2020),0.98
1/1/2022,BT,Midpoint (Dec 2020),0.92
1/1/2022,BT,Worst Case (Dec 2020),0.86
1/1/2022,MTA Consolidated,Best Case (May 2020),0.85
1/1/2022,MTA Consolidated,Midpoint (May 2020),0.725
1/1/2022,MTA Consolidated,Worst Case (May 2020),0.6
1/1/2022,MTA Consolidated,Best Case (Nov 2020),0.8
1/1/2022,MTA Consolidated,Midpoint (Nov 2020),0.595
1/1/2022,MTA Consolidated,Worst Case (Nov 2020),0.39
1/1/2022,MTA Consolidated,Best Case (Dec 2020),0.84
1/1/2022,MTA Consolidated,Midpoint (Dec 2020),0.68
1/1/2022,MTA Consolidated,Worst Case (Dec 2020),0.52
2/1/2022,Subway,Best Case (Dec 2020),0.83
2/1/2022,Subway,Midpoint (Dec 2020),0.67
2/1/2022,Subway,Worst Case (Dec 2020),0.51
2/1/2022,Bus,Best Case (Dec 2020),0.87
2/1/2022,Bus,Midpoint (Dec 2020),0.725
2/1/2022,Bus,Worst Case (Dec 2020),0.58
2/1/2022,LIRR,Best Case (Dec 2020),0.75
2/1/2022,LIRR,Midpoint (Dec 2020),0.605
2/1/2022,LIRR,Worst Case (Dec 2020),0.46
2/1/2022,MNR,Best Case (Dec 2020),0.69
2/1/2022,MNR,Midpoint (Dec 2020),0.55
2/1/2022,MNR,Worst Case (Dec 2020),0.41
2/1/2022,SIR,Best Case (Dec 2020),0.83
2/1/2022,SIR,Midpoint (Dec 2020),0.67
2/1/2022,SIR,Worst Case (Dec 2020),0.51
2/1/2022,BT,Best Case (May 2020),0.85
2/1/2022,BT,Midpoint (May 2020),0.8
2/1/2022,BT,Worst Case (May 2020),0.75
2/1/2022,BT,Best Case (Nov 2020),0.98
2/1/2022,BT,Midpoint (Nov 2020),0.92
2/1/2022,BT,Worst Case (Nov 2020),0.86
2/1/2022,BT,Best Case (Dec 2020),0.98
2/1/2022,BT,Midpoint (Dec 2020),0.92
2/1/2022,BT,Worst Case (Dec 2020),0.86
2/1/2022,MTA Consolidated,Best Case (May 2020),0.85
2/1/2022,MTA Consolidated,Midpoint (May 2020),0.725
2/1/2022,MTA Consolidated,Worst Case (May 2020),0.6
2/1/2022,MTA Consolidated,Best Case (Nov 2020),0.8
2/1/2022,MTA Consolidated,Midpoint (Nov 2020),0.595
2/1/2022,MTA Consolidated,Worst Case (Nov 2020),0.39
2/1/2022,MTA Consolidated,Best Case (Dec 2020),0.84
2/1/2022,MTA Consolidated,Midpoint (Dec 2020),0.68
2/1/2022,MTA Consolidated,Worst Case (Dec 2020),0.52
3/1/2022,Subway,Best Case (Dec 2020),0.83
3/1/2022,Subway,Midpoint (Dec 2020),0.67
3/1/2022,Subway,Worst Case (Dec 2020),0.51
3/1/2022,Bus,Best Case (Dec 2020),0.87
3/1/2022,Bus,Midpoint (Dec 2020),0.725
3/1/2022,Bus,Worst Case (Dec 2020),0.58
3/1/2022,LIRR,Best Case (Dec 2020),0.75
3/1/2022,LIRR,Midpoint (Dec 2020),0.605
3/1/2022,LIRR,Worst Case (Dec 2020),0.46
3/1/2022,MNR,Best Case (Dec 2020),0.69
3/1/2022,MNR,Midpoint (Dec 2020),0.55
3/1/2022,MNR,Worst Case (Dec 2020),0.41
3/1/2022,SIR,Best Case (Dec 2020),0.83
3/1/2022,SIR,Midpoint (Dec 2020),0.67
3/1/2022,SIR,Worst Case (Dec 2020),0.51
3/1/2022,BT,Best Case (May 2020),0.85
3/1/2022,BT,Midpoint (May 2020),0.825
3/1/2022,BT,Worst Case (May 2020),0.8
3/1/2022,BT,Best Case (Nov 2020),0.98
3/1/2022,BT,Midpoint (Nov 2020),0.92
3/1/2022,BT,Worst Case (Nov 2020),0.86
3/1/2022,BT,Best Case (Dec 2020),0.98
3/1/2022,BT,Midpoint (Dec 2020),0.92
3/1/2022,BT,Worst Case (Dec 2020),0.86
3/1/2022,MTA Consolidated,Best Case (May 2020),0.85
3/1/2022,MTA Consolidated,Midpoint (May 2020),0.725
3/1/2022,MTA Consolidated,Worst Case (May 2020),0.6
3/1/2022,MTA Consolidated,Best Case (Nov 2020),0.8
3/1/2022,MTA Consolidated,Midpoint (Nov 2020),0.595
3/1/2022,MTA Consolidated,Worst Case (Nov 2020),0.39
3/1/2022,MTA Consolidated,Best Case (Dec 2020),0.84
3/1/2022,MTA Consolidated,Midpoint (Dec 2020),0.68
3/1/2022,MTA Consolidated,Worst Case (Dec 2020),0.52
4/1/2022,Subway,Best Case (Dec 2020),0.86
4/1/2022,Subway,Midpoint (Dec 2020),0.745
4/1/2022,Subway,Worst Case (Dec 2020),0.63
4/1/2022,Subway,Best Case (Apr 2022),0.572
4/1/2022,Subway,Midpoint (Apr 2022),0.5642
4/1/2022,Subway,Worst Case (Apr 2022),0.556
4/1/2022,Bus,Best Case (Dec 2020),0.87
4/1/2022,Bus,Midpoint (Dec 2020),0.78
4/1/2022,Bus,Worst Case (Dec 2020),0.69
4/1/2022,Bus,Best Case (Apr 2022),0.615
4/1/2022,Bus,Midpoint (Apr 2022),0.6011
4/1/2022,Bus,Worst Case (Apr 2022),0.588
4/1/2022,LIRR,Best Case (Dec 2020),0.79
4/1/2022,LIRR,Midpoint (Dec 2020),0.675
4/1/2022,LIRR,Worst Case (Dec 2020),0.56
4/1/2022,LIRR,Best Case (Apr 2022),0.557
4/1/2022,LIRR,Midpoint (Apr 2022),0.546
4/1/2022,LIRR,Worst Case (Apr 2022),0.535
4/1/2022,MNR,Best Case (Dec 2020),0.74
4/1/2022,MNR,Midpoint (Dec 2020),0.625
4/1/2022,MNR,Worst Case (Dec 2020),0.51
4/1/2022,MNR,Best Case (Apr 2022),0.515
4/1/2022,MNR,Midpoint (Apr 2022),0.5074
4/1/2022,MNR,Worst Case (Apr 2022),0.499
4/1/2022,SIR,Best Case (Dec 2020),0.86
4/1/2022,SIR,Midpoint (Dec 2020),0.745
4/1/2022,SIR,Worst Case (Dec 2020),0.63
4/1/2022,SIR,Best Case (Apr 2022),0.572
4/1/2022,SIR,Midpoint (Apr 2022),0.556
4/1/2022,SIR,Worst Case (Apr 2022),0.556
4/1/2022,BT,Best Case (May 2020),0.9
4/1/2022,BT,Midpoint (May 2020),0.863
4/1/2022,BT,Worst Case (May 2020),0.825
4/1/2022,BT,Best Case (Nov 2020),1
4/1/2022,BT,Midpoint (Nov 2020),0.96
4/1/2022,BT,Worst Case (Nov 2020),0.92
4/1/2022,BT,Best Case (Dec 2020),1
4/1/2022,BT,Midpoint (Dec 2020),0.96
4/1/2022,BT,Worst Case (Dec 2020),0.92
4/1/2022,MTA Consolidated,Best Case (May 2020),0.9
4/1/2022,MTA Consolidated,Midpoint (May 2020),0.75
4/1/2022,MTA Consolidated,Worst Case (May 2020),0.6
4/1/2022,MTA Consolidated,Best Case (Nov 2020),0.84
4/1/2022,MTA Consolidated,Midpoint (Nov 2020),0.66
4/1/2022,MTA Consolidated,Worst Case (Nov 2020),0.48
4/1/2022,MTA Consolidated,Best Case (Dec 2020),0.86
4/1/2022,MTA Consolidated,Midpoint (Dec 2020),0.75
4/1/2022,MTA Consolidated,Worst Case (Dec 2020),0.64
4/1/2022,MTA Consolidated,Best Case (Apr 2022),0.5803
4/1/2022,MTA Consolidated,Midpoint (Apr 2022),0.5706
4/1/2022,MTA Consolidated,Worst Case (Apr 2022),0.561
5/1/2022,Subway,Best Case (Dec 2020),0.86
5/1/2022,Subway,Midpoint (Dec 2020),0.745
5/1/2022,Subway,Worst Case (Dec 2020),0.63
5/1/2022,Subway,Best Case (Apr 2022),0.589
5/1/2022,Subway,Midpoint (Apr 2022),0.5773
5/1/2022,Subway,Worst Case (Apr 2022),0.566
5/1/2022,Bus,Best Case (Dec 2020),0.87
5/1/2022,Bus,Midpoint (Dec 2020),0.78
5/1/2022,Bus,Worst Case (Dec 2020),0.69
5/1/2022,Bus,Best Case (Apr 2022),0.631
5/1/2022,Bus,Midpoint (Apr 2022),0.6139
5/1/2022,Bus,Worst Case (Apr 2022),0.597
5/1/2022,LIRR,Best Case (Dec 2020),0.79
5/1/2022,LIRR,Midpoint (Dec 2020),0.675
5/1/2022,LIRR,Worst Case (Dec 2020),0.56
5/1/2022,LIRR,Best Case (Apr 2022),0.571
5/1/2022,LIRR,Midpoint (Apr 2022),0.5566
5/1/2022,LIRR,Worst Case (Apr 2022),0.542
5/1/2022,MNR,Best Case (Dec 2020),0.74
5/1/2022,MNR,Midpoint (Dec 2020),0.625
5/1/2022,MNR,Worst Case (Dec 2020),0.51
5/1/2022,MNR,Best Case (Apr 2022),0.527
5/1/2022,MNR,Midpoint (Apr 2022),0.5159
5/1/2022,MNR,Worst Case (Apr 2022),0.505
5/1/2022,SIR,Best Case (Dec 2020),0.86
5/1/2022,SIR,Midpoint (Dec 2020),0.745
5/1/2022,SIR,Worst Case (Dec 2020),0.63
5/1/2022,SIR,Best Case (Apr 2022),0.589
5/1/2022,SIR,Midpoint (Apr 2022),0.5658
5/1/2022,SIR,Worst Case (Apr 2022),0.566
5/1/2022,BT,Best Case (May 2020),0.95
5/1/2022,BT,Midpoint (May 2020),0.9
5/1/2022,BT,Worst Case (May 2020),0.85
5/1/2022,BT,Best Case (Nov 2020),1
5/1/2022,BT,Midpoint (Nov 2020),0.96
5/1/2022,BT,Worst Case (Nov 2020),0.92
5/1/2022,BT,Best Case (Dec 2020),1
5/1/2022,BT,Midpoint (Dec 2020),0.96
5/1/2022,BT,Worst Case (Dec 2020),0.92
5/1/2022,MTA Consolidated,Best Case (May 2020),0.95
5/1/2022,MTA Consolidated,Midpoint (May 2020),0.775
5/1/2022,MTA Consolidated,Worst Case (May 2020),0.6
5/1/2022,MTA Consolidated,Best Case (Nov 2020),0.84
5/1/2022,MTA Consolidated,Midpoint (Nov 2020),0.66
5/1/2022,MTA Consolidated,Worst Case (Nov 2020),0.48
5/1/2022,MTA Consolidated,Best Case (Dec 2020),0.86
5/1/2022,MTA Consolidated,Midpoint (Dec 2020),0.75
5/1/2022,MTA Consolidated,Worst Case (Dec 2020),0.64
5/1/2022,MTA Consolidated,Best Case (Apr 2022),0.5965
5/1/2022,MTA Consolidated,Midpoint (Apr 2022),0.5834
5/1/2022,MTA Consolidated,Worst Case (Apr 2022),0.5703
6/1/2022,Subway,Best Case (Dec 2020),0.86
6/1/2022,Subway,Midpoint (Dec 2020),0.745
6/1/2022,Subway,Worst Case (Dec 2020),0.63
6/1/2022,Subway,Best Case (Apr 2022),0.605
6/1/2022,Subway,Midpoint (Apr 2022),0.5904
6/1/2022,Subway,Worst Case (Apr 2022),0.576
6/1/2022,Bus,Best Case (Dec 2020),0.87
6/1/2022,Bus,Midpoint (Dec 2020),0.78
6/1/2022,Bus,Worst Case (Dec 2020),0.69
6/1/2022,Bus,Best Case (Apr 2022),0.648
6/1/2022,Bus,Midpoint (Apr 2022),0.6267
6/1/2022,Bus,Worst Case (Apr 2022),0.605
6/1/2022,LIRR,Best Case (Dec 2020),0.79
6/1/2022,LIRR,Midpoint (Dec 2020),0.675
6/1/2022,LIRR,Worst Case (Dec 2020),0.56
6/1/2022,LIRR,Best Case (Apr 2022),0.585
6/1/2022,LIRR,Midpoint (Apr 2022),0.5673
6/1/2022,LIRR,Worst Case (Apr 2022),0.55
6/1/2022,MNR,Best Case (Dec 2020),0.74
6/1/2022,MNR,Midpoint (Dec 2020),0.625
6/1/2022,MNR,Worst Case (Dec 2020),0.51
6/1/2022,MNR,Best Case (Apr 2022),0.539
6/1/2022,MNR,Midpoint (Apr 2022),0.5245
6/1/2022,MNR,Worst Case (Apr 2022),0.51
6/1/2022,SIR,Best Case (Dec 2020),0.86
6/1/2022,SIR,Midpoint (Dec 2020),0.745
6/1/2022,SIR,Worst Case (Dec 2020),0.63
6/1/2022,SIR,Best Case (Apr 2022),0.605
6/1/2022,SIR,Midpoint (Apr 2022),0.5757
6/1/2022,SIR,Worst Case (Apr 2022),0.576
6/1/2022,BT,Best Case (May 2020),1
6/1/2022,BT,Midpoint (May 2020),0.938
6/1/2022,BT,Worst Case (May 2020),0.875
6/1/2022,BT,Best Case (Nov 2020),1
6/1/2022,BT,Midpoint (Nov 2020),0.96
6/1/2022,BT,Worst Case (Nov 2020),0.92
6/1/2022,BT,Best Case (Dec 2020),1
6/1/2022,BT,Midpoint (Dec 2020),0.96
6/1/2022,BT,Worst Case (Dec 2020),0.92
6/1/2022,MTA Consolidated,Best Case (May 2020),1
6/1/2022,MTA Consolidated,Midpoint (May 2020),0.813
6/1/2022,MTA Consolidated,Worst Case (May 2020),0.625
6/1/2022,MTA Consolidated,Best Case (Nov 2020),0.84
6/1/2022,MTA Consolidated,Midpoint (Nov 2020),0.66
6/1/2022,MTA Consolidated,Worst Case (Nov 2020),0.48
6/1/2022,MTA Consolidated,Best Case (Dec 2020),0.86
6/1/2022,MTA Consolidated,Midpoint (Dec 2020),0.75
6/1/2022,MTA Consolidated,Worst Case (Dec 2020),0.64
6/1/2022,MTA Consolidated,Best Case (Apr 2022),0.6126
6/1/2022,MTA Consolidated,Midpoint (Apr 2022),0.5962
6/1/2022,MTA Consolidated,Worst Case (Apr 2022),0.5797
7/1/2022,Subway,Best Case (Dec 2020),0.88
7/1/2022,Subway,Midpoint (Dec 2020),0.825
7/1/2022,Subway,Worst Case (Dec 2020),0.77
7/1/2022,Subway,Best Case (Apr 2022),0.625
7/1/2022,Subway,Midpoint (Apr 2022),0.6072
7/1/2022,Subway,Worst Case (Apr 2022),0.589
7/1/2022,Bus,Best Case (Dec 2020),0.88
7/1/2022,Bus,Midpoint (Dec 2020),0.83
7/1/2022,Bus,Worst Case (Dec 2020),0.78
7/1/2022,Bus,Best Case (Apr 2022),0.667
7/1/2022,Bus,Midpoint (Apr 2022),0.6421
7/1/2022,Bus,Worst Case (Apr 2022),0.617
7/1/2022,LIRR,Best Case (Dec 2020),0.82
7/1/2022,LIRR,Midpoint (Dec 2020),0.745
7/1/2022,LIRR,Worst Case (Dec 2020),0.67
7/1/2022,LIRR,Best Case (Apr 2022),0.597
7/1/2022,LIRR,Midpoint (Apr 2022),0.5763
7/1/2022,LIRR,Worst Case (Apr 2022),0.556
7/1/2022,MNR,Best Case (Dec 2020),0.79
7/1/2022,MNR,Midpoint (Dec 2020),0.705
7/1/2022,MNR,Worst Case (Dec 2020),0.62
7/1/2022,MNR,Best Case (Apr 2022),0.549
7/1/2022,MNR,Midpoint (Apr 2022),0.5315
7/1/2022,MNR,Worst Case (Apr 2022),0.514
7/1/2022,SIR,Best Case (Dec 2020),0.88
7/1/2022,SIR,Midpoint (Dec 2020),0.825
7/1/2022,SIR,Worst Case (Dec 2020),0.77
7/1/2022,SIR,Best Case (Apr 2022),0.625
7/1/2022,SIR,Midpoint (Apr 2022),0.5893
7/1/2022,SIR,Worst Case (Apr 2022),0.589
7/1/2022,BT,Best Case (May 2020),1
7/1/2022,BT,Midpoint (May 2020),0.95
7/1/2022,BT,Worst Case (May 2020),0.9
7/1/2022,BT,Best Case (Nov 2020),1
7/1/2022,BT,Midpoint (Nov 2020),0.97
7/1/2022,BT,Worst Case (Nov 2020),0.94
7/1/2022,BT,Best Case (Dec 2020),1
7/1/2022,BT,Midpoint (Dec 2020),0.97
7/1/2022,BT,Worst Case (Dec 2020),0.94
7/1/2022,MTA Consolidated,Best Case (May 2020),1
7/1/2022,MTA Consolidated,Midpoint (May 2020),0.825
7/1/2022,MTA Consolidated,Worst Case (May 2020),0.65
7/1/2022,MTA Consolidated,Best Case (Nov 2020),0.87
7/1/2022,MTA Consolidated,Midpoint (Nov 2020),0.745
7/1/2022,MTA Consolidated,Worst Case (Nov 2020),0.62
7/1/2022,MTA Consolidated,Best Case (Dec 2020),0.88
7/1/2022,MTA Consolidated,Midpoint (Dec 2020),0.82
7/1/2022,MTA Consolidated,Worst Case (Dec 2020),0.76
7/1/2022,MTA Consolidated,Best Case (Apr 2022),0.6317
7/1/2022,MTA Consolidated,Midpoint (Apr 2022),0.6119
7/1/2022,MTA Consolidated,Worst Case (Apr 2022),0.592
8/1/2022,Subway,Best Case (Dec 2020),0.88
8/1/2022,Subway,Midpoint (Dec 2020),0.825
8/1/2022,Subway,Worst Case (Dec 2020),0.77
8/1/2022,Subway,Best Case (Apr 2022),0.638
8/1/2022,Subway,Midpoint (Apr 2022),0.6166
8/1/2022,Subway,Worst Case (Apr 2022),0.595
8/1/2022,Bus,Best Case (Dec 2020),0.88
8/1/2022,Bus,Midpoint (Dec 2020),0.83
8/1/2022,Bus,Worst Case (Dec 2020),0.78
8/1/2022,Bus,Best Case (Apr 2022),0.681
8/1/2022,Bus,Midpoint (Apr 2022),0.6523
8/1/2022,Bus,Worst Case (Apr 2022),0.623
8/1/2022,LIRR,Best Case (Dec 2020),0.82
8/1/2022,LIRR,Midpoint (Dec 2020),0.745
8/1/2022,LIRR,Worst Case (Dec 2020),0.67
8/1/2022,LIRR,Best Case (Apr 2022),0.612
8/1/2022,LIRR,Midpoint (Apr 2022),0.5885
8/1/2022,LIRR,Worst Case (Apr 2022),0.565
8/1/2022,MNR,Best Case (Dec 2020),0.79
8/1/2022,MNR,Midpoint (Dec 2020),0.705
8/1/2022,MNR,Worst Case (Dec 2020),0.62
8/1/2022,MNR,Best Case (Apr 2022),0.562
8/1/2022,MNR,Midpoint (Apr 2022),0.5416
8/1/2022,MNR,Worst Case (Apr 2022),0.521
8/1/2022,SIR,Best Case (Dec 2020),0.88
8/1/2022,SIR,Midpoint (Dec 2020),0.825
8/1/2022,SIR,Worst Case (Dec 2020),0.77
8/1/2022,SIR,Best Case (Apr 2022),0.638
8/1/2022,SIR,Midpoint (Apr 2022),0.5954
8/1/2022,SIR,Worst Case (Apr 2022),0.595
8/1/2022,BT,Best Case (May 2020),1
8/1/2022,BT,Midpoint (May 2020),0.975
8/1/2022,BT,Worst Case (May 2020),0.95
8/1/2022,BT,Best Case (Nov 2020),1
8/1/2022,BT,Midpoint (Nov 2020),0.97
8/1/2022,BT,Worst Case (Nov 2020),0.94
8/1/2022,BT,Best Case (Dec 2020),1
8/1/2022,BT,Midpoint (Dec 2020),0.97
8/1/2022,BT,Worst Case (Dec 2020),0.94
8/1/2022,MTA Consolidated,Best Case (May 2020),1
8/1/2022,MTA Consolidated,Midpoint (May 2020),0.85
8/1/2022,MTA Consolidated,Worst Case (May 2020),0.7
8/1/2022,MTA Consolidated,Best Case (Nov 2020),0.87
8/1/2022,MTA Consolidated,Midpoint (Nov 2020),0.745
8/1/2022,MTA Consolidated,Worst Case (Nov 2020),0.62
8/1/2022,MTA Consolidated,Best Case (Dec 2020),0.88
8/1/2022,MTA Consolidated,Midpoint (Dec 2020),0.82
8/1/2022,MTA Consolidated,Worst Case (Dec 2020),0.76
8/1/2022,MTA Consolidated,Best Case (Apr 2022),0.645
8/1/2022,MTA Consolidated,Midpoint (Apr 2022),0.6217
8/1/2022,MTA Consolidated,Worst Case (Apr 2022),0.5984
9/1/2022,Subway,Best Case (Dec 2020),0.88
9/1/2022,Subway,Midpoint (Dec 2020),0.825
9/1/2022,Subway,Worst Case (Dec 2020),0.77
9/1/2022,Subway,Best Case (Apr 2022),0.651
9/1/2022,Subway,Midpoint (Apr 2022),0.6261
9/1/2022,Subway,Worst Case (Apr 2022),0.602
9/1/2022,Bus,Best Case (Dec 2020),0.88
9/1/2022,Bus,Midpoint (Dec 2020),0.83
9/1/2022,Bus,Worst Case (Dec 2020),0.78
9/1/2022,Bus,Best Case (Apr 2022),0.696
9/1/2022,Bus,Midpoint (Apr 2022),0.6624
9/1/2022,Bus,Worst Case (Apr 2022),0.629
9/1/2022,LIRR,Best Case (Dec 2020),0.82
9/1/2022,LIRR,Midpoint (Dec 2020),0.745
9/1/2022,LIRR,Worst Case (Dec 2020),0.67
9/1/2022,LIRR,Best Case (Apr 2022),0.627
9/1/2022,LIRR,Midpoint (Apr 2022),0.6008
9/1/2022,LIRR,Worst Case (Apr 2022),0.574
9/1/2022,MNR,Best Case (Dec 2020),0.79
9/1/2022,MNR,Midpoint (Dec 2020),0.705
9/1/2022,MNR,Worst Case (Dec 2020),0.62
9/1/2022,MNR,Best Case (Apr 2022),0.576
9/1/2022,MNR,Midpoint (Apr 2022),0.5516
9/1/2022,MNR,Worst Case (Apr 2022),0.527
9/1/2022,SIR,Best Case (Dec 2020),0.88
9/1/2022,SIR,Midpoint (Dec 2020),0.825
9/1/2022,SIR,Worst Case (Dec 2020),0.77
9/1/2022,SIR,Best Case (Apr 2022),0.651
9/1/2022,SIR,Midpoint (Apr 2022),0.6016
9/1/2022,SIR,Worst Case (Apr 2022),0.602
9/1/2022,BT,Best Case (May 2020),1
9/1/2022,BT,Midpoint (May 2020),1
9/1/2022,BT,Worst Case (May 2020),1
9/1/2022,BT,Best Case (Nov 2020),1
9/1/2022,BT,Midpoint (Nov 2020),0.97
9/1/2022,BT,Worst Case (Nov 2020),0.94
9/1/2022,BT,Best Case (Dec 2020),1
9/1/2022,BT,Midpoint (Dec 2020),0.97
9/1/2022,BT,Worst Case (Dec 2020),0.94
9/1/2022,MTA Consolidated,Best Case (May 2020),1
9/1/2022,MTA Consolidated,Midpoint (May 2020),0.875
9/1/2022,MTA Consolidated,Worst Case (May 2020),0.75
9/1/2022,MTA Consolidated,Best Case (Nov 2020),0.87
9/1/2022,MTA Consolidated,Midpoint (Nov 2020),0.745
9/1/2022,MTA Consolidated,Worst Case (Nov 2020),0.62
9/1/2022,MTA Consolidated,Best Case (Dec 2020),0.88
9/1/2022,MTA Consolidated,Midpoint (Dec 2020),0.82
9/1/2022,MTA Consolidated,Worst Case (Dec 2020),0.76
9/1/2022,MTA Consolidated,Best Case (Apr 2022),0.6582
9/1/2022,MTA Consolidated,Midpoint (Apr 2022),0.6315
9/1/2022,MTA Consolidated,Worst Case (Apr 2022),0.6047
10/1/2022,Subway,Best Case (Dec 2020),0.91
10/1/2022,Subway,Midpoint (Dec 2020),0.855
10/1/2022,Subway,Worst Case (Dec 2020),0.8
10/1/2022,Subway,Best Case (Apr 2022),0.675
10/1/2022,Subway,Midpoint (Apr 2022),0.6461
10/1/2022,Subway,Worst Case (Apr 2022),0.617
10/1/2022,Bus,Best Case (Dec 2020),0.9
10/1/2022,Bus,Midpoint (Dec 2020),0.855
10/1/2022,Bus,Worst Case (Dec 2020),0.81
10/1/2022,Bus,Best Case (Apr 2022),0.723
10/1/2022,Bus,Midpoint (Apr 2022),0.6838
10/1/2022,Bus,Worst Case (Apr 2022),0.644
10/1/2022,LIRR,Best Case (Dec 2020),0.85
10/1/2022,LIRR,Midpoint (Dec 2020),0.775
10/1/2022,LIRR,Worst Case (Dec 2020),0.7
10/1/2022,LIRR,Best Case (Apr 2022),0.652
10/1/2022,LIRR,Midpoint (Apr 2022),0.6217
10/1/2022,LIRR,Worst Case (Apr 2022),0.592
10/1/2022,MNR,Best Case (Dec 2020),0.83
10/1/2022,MNR,Midpoint (Dec 2020),0.74
10/1/2022,MNR,Worst Case (Dec 2020),0.65
10/1/2022,MNR,Best Case (Apr 2022),0.595
10/1/2022,MNR,Midpoint (Apr 2022),0.5676
10/1/2022,MNR,Worst Case (Apr 2022),0.54
10/1/2022,SIR,Best Case (Dec 2020),0.91
10/1/2022,SIR,Midpoint (Dec 2020),0.855
10/1/2022,SIR,Worst Case (Dec 2020),0.8
10/1/2022,SIR,Best Case (Apr 2022),0.675
10/1/2022,SIR,Midpoint (Apr 2022),0.6172
10/1/2022,SIR,Worst Case (Apr 2022),0.617
10/1/2022,BT,Best Case (May 2020),1
10/1/2022,BT,Midpoint (May 2020),1
10/1/2022,BT,Worst Case (May 2020),1
10/1/2022,BT,Best Case (Nov 2020),1
10/1/2022,BT,Midpoint (Nov 2020),0.97
10/1/2022,BT,Worst Case (Nov 2020),0.94
10/1/2022,BT,Best Case (Dec 2020),1
10/1/2022,BT,Midpoint (Dec 2020),0.97
10/1/2022,BT,Worst Case (Dec 2020),0.94
10/1/2022,MTA Consolidated,Best Case (May 2020),1
10/1/2022,MTA Consolidated,Midpoint (May 2020),0.9
10/1/2022,MTA Consolidated,Worst Case (May 2020),0.8
10/1/2022,MTA Consolidated,Best Case (Nov 2020),0.89
10/1/2022,MTA Consolidated,Midpoint (Nov 2020),0.775
10/1/2022,MTA Consolidated,Worst Case (Nov 2020),0.66
10/1/2022,MTA Consolidated,Best Case (Dec 2020),0.9
10/1/2022,MTA Consolidated,Midpoint (Dec 2020),0.845
10/1/2022,MTA Consolidated,Worst Case (Dec 2020),0.79
10/1/2022,MTA Consolidated,Best Case (Apr 2022),0.6833
10/1/2022,MTA Consolidated,Midpoint (Apr 2022),0.6517
10/1/2022,MTA Consolidated,Worst Case (Apr 2022),0.6201
11/1/2022,Subway,Best Case (Dec 2020),0.91
11/1/2022,Subway,Midpoint (Dec 2020),0.855
11/1/2022,Subway,Worst Case (Dec 2020),0.8
11/1/2022,Subway,Best Case (Apr 2022),0.676
11/1/2022,Subway,Midpoint (Apr 2022),0.645
11/1/2022,Subway,Worst Case (Apr 2022),0.614
11/1/2022,Bus,Best Case (Dec 2020),0.9
11/1/2022,Bus,Midpoint (Dec 2020),0.855
11/1/2022,Bus,Worst Case (Dec 2020),0.81
11/1/2022,Bus,Best Case (Apr 2022),0.724
11/1/2022,Bus,Midpoint (Apr 2022),0.6826
11/1/2022,Bus,Worst Case (Apr 2022),0.642
11/1/2022,LIRR,Best Case (Dec 2020),0.85
11/1/2022,LIRR,Midpoint (Dec 2020),0.775
11/1/2022,LIRR,Worst Case (Dec 2020),0.7
11/1/2022,LIRR,Best Case (Apr 2022),0.658
11/1/2022,LIRR,Midpoint (Apr 2022),0.6253
11/1/2022,LIRR,Worst Case (Apr 2022),0.592
11/1/2022,MNR,Best Case (Dec 2020),0.83
11/1/2022,MNR,Midpoint (Dec 2020),0.74
11/1/2022,MNR,Worst Case (Dec 2020),0.65
11/1/2022,MNR,Best Case (Apr 2022),0.603
11/1/2022,MNR,Midpoint (Apr 2022),0.5717
11/1/2022,MNR,Worst Case (Apr 2022),0.541
11/1/2022,SIR,Best Case (Dec 2020),0.91
11/1/2022,SIR,Midpoint (Dec 2020),0.855
11/1/2022,SIR,Worst Case (Dec 2020),0.8
11/1/2022,SIR,Best Case (Apr 2022),0.676
11/1/2022,SIR,Midpoint (Apr 2022),0.6139
11/1/2022,SIR,Worst Case (Apr 2022),0.614
11/1/2022,BT,Best Case (May 2020),1
11/1/2022,BT,Midpoint (May 2020),1
11/1/2022,BT,Worst Case (May 2020),1
11/1/2022,BT,Best Case (Nov 2020),1
11/1/2022,BT,Midpoint (Nov 2020),0.97
11/1/2022,BT,Worst Case (Nov 2020),0.94
11/1/2022,BT,Best Case (Dec 2020),1
11/1/2022,BT,Midpoint (Dec 2020),0.97
11/1/2022,BT,Worst Case (Dec 2020),0.94
11/1/2022,MTA Consolidated,Best Case (May 2020),1
11/1/2022,MTA Consolidated,Midpoint (May 2020),0.925
11/1/2022,MTA Consolidated,Worst Case (May 2020),0.85
11/1/2022,MTA Consolidated,Best Case (Nov 2020),0.89
11/1/2022,MTA Consolidated,Midpoint (Nov 2020),0.775
11/1/2022,MTA Consolidated,Worst Case (Nov 2020),0.66
11/1/2022,MTA Consolidated,Best Case (Dec 2020),0.9
11/1/2022,MTA Consolidated,Midpoint (Dec 2020),0.845
11/1/2022,MTA Consolidated,Worst Case (Dec 2020),0.79
11/1/2022,MTA Consolidated,Best Case (Apr 2022),0.6848
11/1/2022,MTA Consolidated,Midpoint (Apr 2022),0.6511
11/1/2022,MTA Consolidated,Worst Case (Apr 2022),0.6174
12/1/2022,Subway,Best Case (Dec 2020),0.91
12/1/2022,Subway,Midpoint (Dec 2020),0.855
12/1/2022,Subway,Worst Case (Dec 2020),0.8
12/1/2022,Subway,Best Case (Apr 2022),0.677
12/1/2022,Subway,Midpoint (Apr 2022),0.644
12/1/2022,Subway,Worst Case (Apr 2022),0.611
12/1/2022,Bus,Best Case (Dec 2020),0.9
12/1/2022,Bus,Midpoint (Dec 2020),0.855
12/1/2022,Bus,Worst Case (Dec 2020),0.81
12/1/2022,Bus,Best Case (Apr 2022),0.724
12/1/2022,Bus,Midpoint (Apr 2022),0.6815
12/1/2022,Bus,Worst Case (Apr 2022),0.639
12/1/2022,LIRR,Best Case (Dec 2020),0.85
12/1/2022,LIRR,Midpoint (Dec 2020),0.775
12/1/2022,LIRR,Worst Case (Dec 2020),0.7
12/1/2022,LIRR,Best Case (Apr 2022),0.665
12/1/2022,LIRR,Midpoint (Apr 2022),0.629
12/1/2022,LIRR,Worst Case (Apr 2022),0.593
12/1/2022,MNR,Best Case (Dec 2020),0.83
12/1/2022,MNR,Midpoint (Dec 2020),0.74
12/1/2022,MNR,Worst Case (Dec 2020),0.65
12/1/2022,MNR,Best Case (Apr 2022),0.61
12/1/2022,MNR,Midpoint (Apr 2022),0.5759
12/1/2022,MNR,Worst Case (Apr 2022),0.541
12/1/2022,SIR,Best Case (Dec 2020),0.91
12/1/2022,SIR,Midpoint (Dec 2020),0.855
12/1/2022,SIR,Worst Case (Dec 2020),0.8
12/1/2022,SIR,Best Case (Apr 2022),0.677
12/1/2022,SIR,Midpoint (Apr 2022),0.6107
12/1/2022,SIR,Worst Case (Apr 2022),0.611
12/1/2022,BT,Best Case (May 2020),1
12/1/2022,BT,Midpoint (May 2020),1
12/1/2022,BT,Worst Case (May 2020),1
12/1/2022,BT,Best Case (Nov 2020),1
12/1/2022,BT,Midpoint (Nov 2020),0.97
12/1/2022,BT,Worst Case (Nov 2020),0.94
12/1/2022,BT,Best Case (Dec 2020),1
12/1/2022,BT,Midpoint (Dec 2020),0.97
12/1/2022,BT,Worst Case (Dec 2020),0.94
12/1/2022,MTA Consolidated,Best Case (May 2020),1
12/1/2022,MTA Consolidated,Midpoint (May 2020),0.95
12/1/2022,MTA Consolidated,Worst Case (May 2020),0.9
12/1/2022,MTA Consolidated,Best Case (Nov 2020),0.89
12/1/2022,MTA Consolidated,Midpoint (Nov 2020),0.775
12/1/2022,MTA Consolidated,Worst Case (Nov 2020),0.66
12/1/2022,MTA Consolidated,Best Case (Dec 2020),0.9
12/1/2022,MTA Consolidated,Midpoint (Dec 2020),0.845
12/1/2022,MTA Consolidated,Worst Case (Dec 2020),0.79
12/1/2022,MTA Consolidated,Best Case (Apr 2022),0.686
12/1/2022,MTA Consolidated,Midpoint (Apr 2022),0.65
12/1/2022,MTA Consolidated,Worst Case (Apr 2022),0.615
1/1/2023,Subway,Best Case (Dec 2020),0.91
1/1/2023,Subway,Midpoint (Dec 2020),0.865
1/1/2023,Subway,Worst Case (Dec 2020),0.82
1/1/2023,Subway,Best Case (Apr 2022),0.672
1/1/2023,Subway,Midpoint (Apr 2022),0.6367
1/1/2023,Subway,Worst Case (Apr 2022),0.601
1/1/2023,Bus,Best Case (Dec 2020),0.9
1/1/2023,Bus,Midpoint (Dec 2020),0.865
1/1/2023,Bus,Worst Case (Dec 2020),0.83
1/1/2023,Bus,Best Case (Apr 2022),0.713
1/1/2023,Bus,Midpoint (Apr 2022),0.6694
1/1/2023,Bus,Worst Case (Apr 2022),0.626
1/1/2023,LIRR,Best Case (Dec 2020),0.86
1/1/2023,LIRR,Midpoint (Dec 2020),0.785
1/1/2023,LIRR,Worst Case (Dec 2020),0.71
1/1/2023,LIRR,Best Case (Apr 2022),0.67
1/1/2023,LIRR,Midpoint (Apr 2022),0.6299
1/1/2023,LIRR,Worst Case (Apr 2022),0.59
1/1/2023,MNR,Best Case (Dec 2020),0.83
1/1/2023,MNR,Midpoint (Dec 2020),0.74
1/1/2023,MNR,Worst Case (Dec 2020),0.65
1/1/2023,MNR,Best Case (Apr 2022),0.616
1/1/2023,MNR,Midpoint (Apr 2022),0.5774
1/1/2023,MNR,Worst Case (Apr 2022),0.539
1/1/2023,SIR,Best Case (Dec 2020),0.91
1/1/2023,SIR,Midpoint (Dec 2020),0.865
1/1/2023,SIR,Worst Case (Dec 2020),0.82
1/1/2023,SIR,Best Case (Apr 2022),0.672
1/1/2023,SIR,Midpoint (Apr 2022),0.601
1/1/2023,SIR,Worst Case (Apr 2022),0.601
1/1/2023,BT,Best Case (May 2020),1
1/1/2023,BT,Midpoint (May 2020),1
1/1/2023,BT,Worst Case (May 2020),1
1/1/2023,BT,Best Case (Nov 2020),1
1/1/2023,BT,Midpoint (Nov 2020),0.97
1/1/2023,BT,Worst Case (Nov 2020),0.94
1/1/2023,BT,Best Case (Dec 2020),1
1/1/2023,BT,Midpoint (Dec 2020),0.97
1/1/2023,BT,Worst Case (Dec 2020),0.94
1/1/2023,MTA Consolidated,Best Case (May 2020),1
1/1/2023,MTA Consolidated,Midpoint (May 2020),0.975
1/1/2023,MTA Consolidated,Worst Case (May 2020),0.95
1/1/2023,MTA Consolidated,Best Case (Nov 2020),0.9
1/1/2023,MTA Consolidated,Midpoint (Nov 2020),0.79
1/1/2023,MTA Consolidated,Worst Case (Nov 2020),0.68
1/1/2023,MTA Consolidated,Best Case (Dec 2020),0.9
1/1/2023,MTA Consolidated,Midpoint (Dec 2020),0.855
1/1/2023,MTA Consolidated,Worst Case (Dec 2020),0.81
1/1/2023,MTA Consolidated,Best Case (Apr 2022),0.681
1/1/2023,MTA Consolidated,Midpoint (Apr 2022),0.643
1/1/2023,MTA Consolidated,Worst Case (Apr 2022),0.605
2/1/2023,Subway,Best Case (Dec 2020),0.91
2/1/2023,Subway,Midpoint (Dec 2020),0.865
2/1/2023,Subway,Worst Case (Dec 2020),0.82
2/1/2023,Subway,Best Case (Apr 2022),0.68
2/1/2023,Subway,Midpoint (Apr 2022),0.6419
2/1/2023,Subway,Worst Case (Apr 2022),0.604
2/1/2023,Bus,Best Case (Dec 2020),0.9
2/1/2023,Bus,Midpoint (Dec 2020),0.865
2/1/2023,Bus,Worst Case (Dec 2020),0.83
2/1/2023,Bus,Best Case (Apr 2022),0.725
2/1/2023,Bus,Midpoint (Apr 2022),0.6791
2/1/2023,Bus,Worst Case (Apr 2022),0.633
2/1/2023,LIRR,Best Case (Dec 2020),0.86
2/1/2023,LIRR,Midpoint (Dec 2020),0.785
2/1/2023,LIRR,Worst Case (Dec 2020),0.71
2/1/2023,LIRR,Best Case (Apr 2022),0.679
2/1/2023,LIRR,Midpoint (Apr 2022),0.6364
2/1/2023,LIRR,Worst Case (Apr 2022),0.594
2/1/2023,MNR,Best Case (Dec 2020),0.83
2/1/2023,MNR,Midpoint (Dec 2020),0.74
2/1/2023,MNR,Worst Case (Dec 2020),0.65
2/1/2023,MNR,Best Case (Apr 2022),0.625
2/1/2023,MNR,Midpoint (Apr 2022),0.5842
2/1/2023,MNR,Worst Case (Apr 2022),0.543
2/1/2023,SIR,Best Case (Dec 2020),0.91
2/1/2023,SIR,Midpoint (Dec 2020),0.865
2/1/2023,SIR,Worst Case (Dec 2020),0.82
2/1/2023,SIR,Best Case (Apr 2022),0.68
2/1/2023,SIR,Midpoint (Apr 2022),0.6042
2/1/2023,SIR,Worst Case (Apr 2022),0.604
2/1/2023,BT,Best Case (May 2020),1
2/1/2023,BT,Midpoint (May 2020),1
2/1/2023,BT,Worst Case (May 2020),1
2/1/2023,BT,Best Case (Nov 2020),1
2/1/2023,BT,Midpoint (Nov 2020),0.97
2/1/2023,BT,Worst Case (Nov 2020),0.94
2/1/2023,BT,Best Case (Dec 2020),1
2/1/2023,BT,Midpoint (Dec 2020),0.97
2/1/2023,BT,Worst Case (Dec 2020),0.94
2/1/2023,MTA Consolidated,Best Case (May 2020),1
2/1/2023,MTA Consolidated,Midpoint (May 2020),1
2/1/2023,MTA Consolidated,Worst Case (May 2020),1
2/1/2023,MTA Consolidated,Best Case (Nov 2020),0.9
2/1/2023,MTA Consolidated,Midpoint (Nov 2020),0.79
2/1/2023,MTA Consolidated,Worst Case (Nov 2020),0.68
2/1/2023,MTA Consolidated,Best Case (Dec 2020),0.9
2/1/2023,MTA Consolidated,Midpoint (Dec 2020),0.855
2/1/2023,MTA Consolidated,Worst Case (Dec 2020),0.81
2/1/2023,MTA Consolidated,Best Case (Apr 2022),0.689
2/1/2023,MTA Consolidated,Midpoint (Apr 2022),0.649
2/1/2023,MTA Consolidated,Worst Case (Apr 2022),0.609
3/1/2023,Subway,Best Case (Dec 2020),0.91
3/1/2023,Subway,Midpoint (Dec 2020),0.865
3/1/2023,Subway,Worst Case (Dec 2020),0.82
3/1/2023,Subway,Best Case (Apr 2022),0.687
3/1/2023,Subway,Midpoint (Apr 2022),0.6471
3/1/2023,Subway,Worst Case (Apr 2022),0.607
3/1/2023,Bus,Best Case (Dec 2020),0.9
3/1/2023,Bus,Midpoint (Dec 2020),0.865
3/1/2023,Bus,Worst Case (Dec 2020),0.83
3/1/2023,Bus,Best Case (Apr 2022),0.737
3/1/2023,Bus,Midpoint (Apr 2022),0.6889
3/1/2023,Bus,Worst Case (Apr 2022),0.641
3/1/2023,LIRR,Best Case (Dec 2020),0.86
3/1/2023,LIRR,Midpoint (Dec 2020),0.785
3/1/2023,LIRR,Worst Case (Dec 2020),0.71
3/1/2023,LIRR,Best Case (Apr 2022),0.687
3/1/2023,LIRR,Midpoint (Apr 2022),0.643
3/1/2023,LIRR,Worst Case (Apr 2022),0.599
3/1/2023,MNR,Best Case (Dec 2020),0.83
3/1/2023,MNR,Midpoint (Dec 2020),0.74
3/1/2023,MNR,Worst Case (Dec 2020),0.65
3/1/2023,MNR,Best Case (Apr 2022),0.635
3/1/2023,MNR,Midpoint (Apr 2022),0.591
3/1/2023,MNR,Worst Case (Apr 2022),0.547
3/1/2023,SIR,Best Case (Dec 2020),0.91
3/1/2023,SIR,Midpoint (Dec 2020),0.865
3/1/2023,SIR,Worst Case (Dec 2020),0.82
3/1/2023,SIR,Best Case (Apr 2022),0.687
3/1/2023,SIR,Midpoint (Apr 2022),0.6075
3/1/2023,SIR,Worst Case (Apr 2022),0.607
3/1/2023,BT,Best Case (May 2020),1
3/1/2023,BT,Midpoint (May 2020),1
3/1/2023,BT,Worst Case (May 2020),1
3/1/2023,BT,Best Case (Nov 2020),1
3/1/2023,BT,Midpoint (Nov 2020),0.97
3/1/2023,BT,Worst Case (Nov 2020),0.94
3/1/2023,BT,Best Case (Dec 2020),1
3/1/2023,BT,Midpoint (Dec 2020),0.97
3/1/2023,BT,Worst Case (Dec 2020),0.94
3/1/2023,MTA Consolidated,Best Case (May 2020),1
3/1/2023,MTA Consolidated,Midpoint (May 2020),1
3/1/2023,MTA Consolidated,Worst Case (May 2020),1
3/1/2023,MTA Consolidated,Best Case (Nov 2020),0.9
3/1/2023,MTA Consolidated,Midpoint (Nov 2020),0.79
3/1/2023,MTA Consolidated,Worst Case (Nov 2020),0.68
3/1/2023,MTA Consolidated,Best Case (Dec 2020),0.9
3/1/2023,MTA Consolidated,Midpoint (Dec 2020),0.855
3/1/2023,MTA Consolidated,Worst Case (Dec 2020),0.81
3/1/2023,MTA Consolidated,Best Case (Apr 2022),0.698
3/1/2023,MTA Consolidated,Midpoint (Apr 2022),0.656
3/1/2023,MTA Consolidated,Worst Case (Apr 2022),0.614
4/1/2023,Subway,Best Case (Dec 2020),0.91
4/1/2023,Subway,Midpoint (Dec 2020),0.865
4/1/2023,Subway,Worst Case (Dec 2020),0.82
4/1/2023,Subway,Best Case (Apr 2022),0.688
4/1/2023,Subway,Midpoint (Apr 2022),0.6467
4/1/2023,Subway,Worst Case (Apr 2022),0.606
4/1/2023,Bus,Best Case (Dec 2020),0.9
4/1/2023,Bus,Midpoint (Dec 2020),0.865
4/1/2023,Bus,Worst Case (Dec 2020),0.83
4/1/2023,Bus,Best Case (Apr 2022),0.751
4/1/2023,Bus,Midpoint (Apr 2022),0.7015
4/1/2023,Bus,Worst Case (Apr 2022),0.652
4/1/2023,LIRR,Best Case (Dec 2020),0.86
4/1/2023,LIRR,Midpoint (Dec 2020),0.785
4/1/2023,LIRR,Worst Case (Dec 2020),0.71
4/1/2023,LIRR,Best Case (Apr 2022),0.694
4/1/2023,LIRR,Midpoint (Apr 2022),0.6484
4/1/2023,LIRR,Worst Case (Apr 2022),0.603
4/1/2023,MNR,Best Case (Dec 2020),0.83
4/1/2023,MNR,Midpoint (Dec 2020),0.74
4/1/2023,MNR,Worst Case (Dec 2020),0.65
4/1/2023,MNR,Best Case (Apr 2022),0.644
4/1/2023,MNR,Midpoint (Apr 2022),0.5967
4/1/2023,MNR,Worst Case (Apr 2022),0.55
4/1/2023,SIR,Best Case (Dec 2020),0.91
4/1/2023,SIR,Midpoint (Dec 2020),0.865
4/1/2023,SIR,Worst Case (Dec 2020),0.82
4/1/2023,SIR,Best Case (Apr 2022),0.688
4/1/2023,SIR,Midpoint (Apr 2022),0.6055
4/1/2023,SIR,Worst Case (Apr 2022),0.606
4/1/2023,BT,Best Case (May 2020),1
4/1/2023,BT,Midpoint (May 2020),1
4/1/2023,BT,Worst Case (May 2020),1
4/1/2023,BT,Best Case (Nov 2020),1
4/1/2023,BT,Midpoint (Nov 2020),0.97
4/1/2023,BT,Worst Case (Nov 2020),0.94
4/1/2023,BT,Best Case (Dec 2020),1
4/1/2023,BT,Midpoint (Dec 2020),0.97
4/1/2023,BT,Worst Case (Dec 2020),0.94
4/1/2023,MTA Consolidated,Best Case (May 2020),1
4/1/2023,MTA Consolidated,Midpoint (May 2020),1
4/1/2023,MTA Consolidated,Worst Case (May 2020),1
4/1/2023,MTA Consolidated,Best Case (Nov 2020),0.9
4/1/2023,MTA Consolidated,Midpoint (Nov 2020),0.8
4/1/2023,MTA Consolidated,Worst Case (Nov 2020),0.7
4/1/2023,MTA Consolidated,Best Case (Dec 2020),0.9
4/1/2023,MTA Consolidated,Midpoint (Dec 2020),0.855
4/1/2023,MTA Consolidated,Worst Case (Dec 2020),0.81
4/1/2023,MTA Consolidated,Best Case (Apr 2022),0.703
4/1/2023,MTA Consolidated,Midpoint (Apr 2022),0.659
4/1/2023,MTA Consolidated,Worst Case (Apr 2022),0.615
5/1/2023,Subway,Best Case (Dec 2020),0.91
5/1/2023,Subway,Midpoint (Dec 2020),0.865
5/1/2023,Subway,Worst Case (Dec 2020),0.82
5/1/2023,Subway,Best Case (Apr 2022),0.701
5/1/2023,Subway,Midpoint (Apr 2022),0.6575
5/1/2023,Subway,Worst Case (Apr 2022),0.614
5/1/2023,Bus,Best Case (Dec 2020),0.9
5/1/2023,Bus,Midpoint (Dec 2020),0.865
5/1/2023,Bus,Worst Case (Dec 2020),0.83
5/1/2023,Bus,Best Case (Apr 2022),0.76
5/1/2023,Bus,Midpoint (Apr 2022),0.7085
5/1/2023,Bus,Worst Case (Apr 2022),0.657
5/1/2023,LIRR,Best Case (Dec 2020),0.86
5/1/2023,LIRR,Midpoint (Dec 2020),0.785
5/1/2023,LIRR,Worst Case (Dec 2020),0.71
5/1/2023,LIRR,Best Case (Apr 2022),0.704
5/1/2023,LIRR,Midpoint (Apr 2022),0.6561
5/1/2023,LIRR,Worst Case (Apr 2022),0.609
5/1/2023,MNR,Best Case (Dec 2020),0.83
5/1/2023,MNR,Midpoint (Dec 2020),0.74
5/1/2023,MNR,Worst Case (Dec 2020),0.65
5/1/2023,MNR,Best Case (Apr 2022),0.655
5/1/2023,MNR,Midpoint (Apr 2022),0.6046
5/1/2023,MNR,Worst Case (Apr 2022),0.554
5/1/2023,SIR,Best Case (Dec 2020),0.91
5/1/2023,SIR,Midpoint (Dec 2020),0.865
5/1/2023,SIR,Worst Case (Dec 2020),0.82
5/1/2023,SIR,Best Case (Apr 2022),0.701
5/1/2023,SIR,Midpoint (Apr 2022),0.6139
5/1/2023,SIR,Worst Case (Apr 2022),0.614
5/1/2023,BT,Best Case (May 2020),1
5/1/2023,BT,Midpoint (May 2020),1
5/1/2023,BT,Worst Case (May 2020),1
5/1/2023,BT,Best Case (Nov 2020),1
5/1/2023,BT,Midpoint (Nov 2020),0.97
5/1/2023,BT,Worst Case (Nov 2020),0.94
5/1/2023,BT,Best Case (Dec 2020),1
5/1/2023,BT,Midpoint (Dec 2020),0.97
5/1/2023,BT,Worst Case (Dec 2020),0.94
5/1/2023,MTA Consolidated,Best Case (May 2020),1
5/1/2023,MTA Consolidated,Midpoint (May 2020),1
5/1/2023,MTA Consolidated,Worst Case (May 2020),1
5/1/2023,MTA Consolidated,Best Case (Nov 2020),0.9
5/1/2023,MTA Consolidated,Midpoint (Nov 2020),0.8
5/1/2023,MTA Consolidated,Worst Case (Nov 2020),0.7
5/1/2023,MTA Consolidated,Best Case (Dec 2020),0.9
5/1/2023,MTA Consolidated,Midpoint (Dec 2020),0.855
5/1/2023,MTA Consolidated,Worst Case (Dec 2020),0.81
5/1/2023,MTA Consolidated,Best Case (Apr 2022),0.714
5/1/2023,MTA Consolidated,Midpoint (Apr 2022),0.668
5/1/2023,MTA Consolidated,Worst Case (Apr 2022),0.623
6/1/2023,Subway,Best Case (Dec 2020),0.91
6/1/2023,Subway,Midpoint (Dec 2020),0.865
6/1/2023,Subway,Worst Case (Dec 2020),0.82
6/1/2023,Subway,Best Case (Apr 2022),0.714
6/1/2023,Subway,Midpoint (Apr 2022),0.6684
6/1/2023,Subway,Worst Case (Apr 2022),0.622
6/1/2023,Bus,Best Case (Dec 2020),0.9
6/1/2023,Bus,Midpoint (Dec 2020),0.865
6/1/2023,Bus,Worst Case (Dec 2020),0.83
6/1/2023,Bus,Best Case (Apr 2022),0.769
6/1/2023,Bus,Midpoint (Apr 2022),0.7155
6/1/2023,Bus,Worst Case (Apr 2022),0.662
6/1/2023,LIRR,Best Case (Dec 2020),0.86
6/1/2023,LIRR,Midpoint (Dec 2020),0.785
6/1/2023,LIRR,Worst Case (Dec 2020),0.71
6/1/2023,LIRR,Best Case (Apr 2022),0.713
6/1/2023,LIRR,Midpoint (Apr 2022),0.6638
6/1/2023,LIRR,Worst Case (Apr 2022),0.614
6/1/2023,MNR,Best Case (Dec 2020),0.83
6/1/2023,MNR,Midpoint (Dec 2020),0.74
6/1/2023,MNR,Worst Case (Dec 2020),0.65
6/1/2023,MNR,Best Case (Apr 2022),0.666
6/1/2023,MNR,Midpoint (Apr 2022),0.6125
6/1/2023,MNR,Worst Case (Apr 2022),0.559
6/1/2023,SIR,Best Case (Dec 2020),0.91
6/1/2023,SIR,Midpoint (Dec 2020),0.865
6/1/2023,SIR,Worst Case (Dec 2020),0.82
6/1/2023,SIR,Best Case (Apr 2022),0.714
6/1/2023,SIR,Midpoint (Apr 2022),0.6223
6/1/2023,SIR,Worst Case (Apr 2022),0.622
6/1/2023,BT,Best Case (May 2020),1
6/1/2023,BT,Midpoint (May 2020),1
6/1/2023,BT,Worst Case (May 2020),1
6/1/2023,BT,Best Case (Nov 2020),1
6/1/2023,BT,Midpoint (Nov 2020),0.97
6/1/2023,BT,Worst Case (Nov 2020),0.94
6/1/2023,BT,Best Case (Dec 2020),1
6/1/2023,BT,Midpoint (Dec 2020),0.97
6/1/2023,BT,Worst Case (Dec 2020),0.94
6/1/2023,MTA Consolidated,Best Case (May 2020),1
6/1/2023,MTA Consolidated,Midpoint (May 2020),1
6/1/2023,MTA Consolidated,Worst Case (May 2020),1
6/1/2023,MTA Consolidated,Best Case (Nov 2020),0.9
6/1/2023,MTA Consolidated,Midpoint (Nov 2020),0.8
6/1/2023,MTA Consolidated,Worst Case (Nov 2020),0.7
6/1/2023,MTA Consolidated,Best Case (Dec 2020),0.9
6/1/2023,MTA Consolidated,Midpoint (Dec 2020),0.855
6/1/2023,MTA Consolidated,Worst Case (Dec 2020),0.81
6/1/2023,MTA Consolidated,Best Case (Apr 2022),0.726
6/1/2023,MTA Consolidated,Midpoint (Apr 2022),0.678
6/1/2023,MTA Consolidated,Worst Case (Apr 2022),0.63
7/1/2023,Subway,Best Case (Dec 2020),0.91
7/1/2023,Subway,Midpoint (Dec 2020),0.865
7/1/2023,Subway,Worst Case (Dec 2020),0.82
7/1/2023,Subway,Best Case (Apr 2022),0.732
7/1/2023,Subway,Midpoint (Apr 2022),0.6838
7/1/2023,Subway,Worst Case (Apr 2022),0.635
7/1/2023,Bus,Best Case (Dec 2020),0.9
7/1/2023,Bus,Midpoint (Dec 2020),0.865
7/1/2023,Bus,Worst Case (Dec 2020),0.83
7/1/2023,Bus,Best Case (Apr 2022),0.781
7/1/2023,Bus,Midpoint (Apr 2022),0.7258
7/1/2023,Bus,Worst Case (Apr 2022),0.671
7/1/2023,LIRR,Best Case (Dec 2020),0.86
7/1/2023,LIRR,Midpoint (Dec 2020),0.785
7/1/2023,LIRR,Worst Case (Dec 2020),0.71
7/1/2023,LIRR,Best Case (Apr 2022),0.721
7/1/2023,LIRR,Midpoint (Apr 2022),0.6701
7/1/2023,LIRR,Worst Case (Apr 2022),0.619
7/1/2023,MNR,Best Case (Dec 2020),0.83
7/1/2023,MNR,Midpoint (Dec 2020),0.74
7/1/2023,MNR,Worst Case (Dec 2020),0.65
7/1/2023,MNR,Best Case (Apr 2022),0.675
7/1/2023,MNR,Midpoint (Apr 2022),0.6189
7/1/2023,MNR,Worst Case (Apr 2022),0.563
7/1/2023,SIR,Best Case (Dec 2020),0.91
7/1/2023,SIR,Midpoint (Dec 2020),0.865
7/1/2023,SIR,Worst Case (Dec 2020),0.82
7/1/2023,SIR,Best Case (Apr 2022),0.732
7/1/2023,SIR,Midpoint (Apr 2022),0.635
7/1/2023,SIR,Worst Case (Apr 2022),0.635
7/1/2023,BT,Best Case (May 2020),1
7/1/2023,BT,Midpoint (May 2020),1
7/1/2023,BT,Worst Case (May 2020),1
7/1/2023,BT,Best Case (Nov 2020),1
7/1/2023,BT,Midpoint (Nov 2020),0.97
7/1/2023,BT,Worst Case (Nov 2020),0.94
7/1/2023,BT,Best Case (Dec 2020),1
7/1/2023,BT,Midpoint (Dec 2020),0.97
7/1/2023,BT,Worst Case (Dec 2020),0.94
7/1/2023,MTA Consolidated,Best Case (May 2020),1
7/1/2023,MTA Consolidated,Midpoint (May 2020),1
9/1/2023,LIRR,Midpoint (Apr 2022),0.6884
7/1/2023,MTA Consolidated,Worst Case (May 2020),1
7/1/2023,MTA Consolidated,Best Case (Nov 2020),0.91
7/1/2023,MTA Consolidated,Midpoint (Nov 2020),0.815
7/1/2023,MTA Consolidated,Worst Case (Nov 2020),0.72
7/1/2023,MTA Consolidated,Best Case (Dec 2020),0.9
7/1/2023,MTA Consolidated,Midpoint (Dec 2020),0.855
7/1/2023,MTA Consolidated,Worst Case (Dec 2020),0.81
7/1/2023,MTA Consolidated,Best Case (Apr 2022),0.742
7/1/2023,MTA Consolidated,Midpoint (Apr 2022),0.691
7/1/2023,MTA Consolidated,Worst Case (Apr 2022),0.641
8/1/2023,Subway,Best Case (Dec 2020),0.91
8/1/2023,Subway,Midpoint (Dec 2020),0.865
8/1/2023,Subway,Worst Case (Dec 2020),0.82
8/1/2023,Subway,Best Case (Apr 2022),0.741
8/1/2023,Subway,Midpoint (Apr 2022),0.6901
8/1/2023,Subway,Worst Case (Apr 2022),0.639
8/1/2023,Bus,Best Case (Dec 2020),0.9
8/1/2023,Bus,Midpoint (Dec 2020),0.865
8/1/2023,Bus,Worst Case (Dec 2020),0.83
8/1/2023,Bus,Best Case (Apr 2022),0.786
8/1/2023,Bus,Midpoint (Apr 2022),0.7295
8/1/2023,Bus,Worst Case (Apr 2022),0.673
8/1/2023,LIRR,Best Case (Dec 2020),0.86
8/1/2023,LIRR,Midpoint (Dec 2020),0.785
8/1/2023,LIRR,Worst Case (Dec 2020),0.71
8/1/2023,LIRR,Best Case (Apr 2022),0.733
8/1/2023,LIRR,Midpoint (Apr 2022),0.6793
8/1/2023,LIRR,Worst Case (Apr 2022),0.626
8/1/2023,MNR,Best Case (Dec 2020),0.83
8/1/2023,MNR,Midpoint (Dec 2020),0.74
8/1/2023,MNR,Worst Case (Dec 2020),0.65
8/1/2023,MNR,Best Case (Apr 2022),0.688
8/1/2023,MNR,Midpoint (Apr 2022),0.6282
8/1/2023,MNR,Worst Case (Apr 2022),0.569
8/1/2023,SIR,Best Case (Dec 2020),0.91
8/1/2023,SIR,Midpoint (Dec 2020),0.865
8/1/2023,SIR,Worst Case (Dec 2020),0.82
8/1/2023,SIR,Best Case (Apr 2022),0.741
8/1/2023,SIR,Midpoint (Apr 2022),0.6391
8/1/2023,SIR,Worst Case (Apr 2022),0.639
8/1/2023,BT,Best Case (May 2020),1
8/1/2023,BT,Midpoint (May 2020),1
8/1/2023,BT,Worst Case (May 2020),1
8/1/2023,BT,Best Case (Nov 2020),1
8/1/2023,BT,Midpoint (Nov 2020),0.97
8/1/2023,BT,Worst Case (Nov 2020),0.94
8/1/2023,BT,Best Case (Dec 2020),1
8/1/2023,BT,Midpoint (Dec 2020),0.97
8/1/2023,BT,Worst Case (Dec 2020),0.94
8/1/2023,MTA Consolidated,Best Case (May 2020),1
8/1/2023,MTA Consolidated,Midpoint (May 2020),1
8/1/2023,MTA Consolidated,Worst Case (May 2020),1
8/1/2023,MTA Consolidated,Best Case (Nov 2020),0.91
8/1/2023,MTA Consolidated,Midpoint (Nov 2020),0.815
8/1/2023,MTA Consolidated,Worst Case (Nov 2020),0.72
8/1/2023,MTA Consolidated,Best Case (Dec 2020),0.9
8/1/2023,MTA Consolidated,Midpoint (Dec 2020),0.855
8/1/2023,MTA Consolidated,Worst Case (Dec 2020),0.81
8/1/2023,MTA Consolidated,Best Case (Apr 2022),0.75
8/1/2023,MTA Consolidated,Midpoint (Apr 2022),0.697
8/1/2023,MTA Consolidated,Worst Case (Apr 2022),0.645
9/1/2023,Subway,Best Case (Dec 2020),0.91
9/1/2023,Subway,Midpoint (Dec 2020),0.865
9/1/2023,Subway,Worst Case (Dec 2020),0.82
9/1/2023,Subway,Best Case (Apr 2022),0.75
9/1/2023,Subway,Midpoint (Apr 2022),0.6965
9/1/2023,Subway,Worst Case (Apr 2022),0.643
9/1/2023,Bus,Best Case (Dec 2020),0.9
9/1/2023,Bus,Midpoint (Dec 2020),0.865
9/1/2023,Bus,Worst Case (Dec 2020),0.83
9/1/2023,Bus,Best Case (Apr 2022),0.792
9/1/2023,Bus,Midpoint (Apr 2022),0.7333
9/1/2023,Bus,Worst Case (Apr 2022),0.675
9/1/2023,LIRR,Best Case (Dec 2020),0.86
9/1/2023,LIRR,Midpoint (Dec 2020),0.785
9/1/2023,LIRR,Worst Case (Dec 2020),0.71
9/1/2023,LIRR,Best Case (Apr 2022),0.744
9/1/2023,LIRR,Worst Case (Apr 2022),0.633
9/1/2023,MNR,Best Case (Dec 2020),0.83
9/1/2023,MNR,Midpoint (Dec 2020),0.74
9/1/2023,MNR,Worst Case (Dec 2020),0.65
9/1/2023,MNR,Best Case (Apr 2022),0.701
9/1/2023,MNR,Midpoint (Apr 2022),0.6375
9/1/2023,MNR,Worst Case (Apr 2022),0.574
9/1/2023,SIR,Best Case (Dec 2020),0.91
9/1/2023,SIR,Midpoint (Dec 2020),0.865
9/1/2023,SIR,Worst Case (Dec 2020),0.82
9/1/2023,SIR,Best Case (Apr 2022),0.75
9/1/2023,SIR,Midpoint (Apr 2022),0.6432
9/1/2023,SIR,Worst Case (Apr 2022),0.643
9/1/2023,BT,Best Case (May 2020),1
9/1/2023,BT,Midpoint (May 2020),1
9/1/2023,BT,Worst Case (May 2020),1
9/1/2023,BT,Best Case (Nov 2020),1
9/1/2023,BT,Midpoint (Nov 2020),0.97
9/1/2023,BT,Worst Case (Nov 2020),0.94
9/1/2023,BT,Best Case (Dec 2020),1
9/1/2023,BT,Midpoint (Dec 2020),0.97
9/1/2023,BT,Worst Case (Dec 2020),0.94
9/1/2023,MTA Consolidated,Best Case (May 2020),1
9/1/2023,MTA Consolidated,Midpoint (May 2020),1
9/1/2023,MTA Consolidated,Worst Case (May 2020),1
9/1/2023,MTA Consolidated,Best Case (Nov 2020),0.91
9/1/2023,MTA Consolidated,Midpoint (Nov 2020),0.815
9/1/2023,MTA Consolidated,Worst Case (Nov 2020),0.72
9/1/2023,MTA Consolidated,Best Case (Dec 2020),0.9
9/1/2023,MTA Consolidated,Midpoint (Dec 2020),0.855
9/1/2023,MTA Consolidated,Worst Case (Dec 2020),0.81
9/1/2023,MTA Consolidated,Best Case (Apr 2022),0.758
9/1/2023,MTA Consolidated,Midpoint (Apr 2022),0.703
9/1/2023,MTA Consolidated,Worst Case (Apr 2022),0.648
10/1/2023,Subway,Best Case (Dec 2020),0.91
10/1/2023,Subway,Midpoint (Dec 2020),0.865
10/1/2023,Subway,Worst Case (Dec 2020),0.82
10/1/2023,Subway,Best Case (Apr 2022),0.765
10/1/2023,Subway,Midpoint (Apr 2022),0.7087
10/1/2023,Subway,Worst Case (Apr 2022),0.653
10/1/2023,Bus,Best Case (Dec 2020),0.9
10/1/2023,Bus,Midpoint (Dec 2020),0.865
10/1/2023,Bus,Worst Case (Dec 2020),0.83
10/1/2023,Bus,Best Case (Apr 2022),0.801
10/1/2023,Bus,Midpoint (Apr 2022),0.741
10/1/2023,Bus,Worst Case (Apr 2022),0.681
10/1/2023,LIRR,Best Case (Dec 2020),0.86
10/1/2023,LIRR,Midpoint (Dec 2020),0.785
10/1/2023,LIRR,Worst Case (Dec 2020),0.71
10/1/2023,LIRR,Best Case (Apr 2022),0.758
10/1/2023,LIRR,Midpoint (Apr 2022),0.7032
10/1/2023,LIRR,Worst Case (Apr 2022),0.649
10/1/2023,MNR,Best Case (Dec 2020),0.83
10/1/2023,MNR,Midpoint (Dec 2020),0.74
10/1/2023,MNR,Worst Case (Dec 2020),0.65
10/1/2023,MNR,Best Case (Apr 2022),0.718
10/1/2023,MNR,Midpoint (Apr 2022),0.6525
10/1/2023,MNR,Worst Case (Apr 2022),0.587
10/1/2023,SIR,Best Case (Dec 2020),0.91
10/1/2023,SIR,Midpoint (Dec 2020),0.865
10/1/2023,SIR,Worst Case (Dec 2020),0.82
10/1/2023,SIR,Best Case (Apr 2022),0.765
10/1/2023,SIR,Midpoint (Apr 2022),0.6528
10/1/2023,SIR,Worst Case (Apr 2022),0.653
10/1/2023,BT,Best Case (May 2020),1
10/1/2023,BT,Midpoint (May 2020),1
10/1/2023,BT,Worst Case (May 2020),1
10/1/2023,BT,Best Case (Nov 2020),1
10/1/2023,BT,Midpoint (Nov 2020),0.97
10/1/2023,BT,Worst Case (Nov 2020),0.94
10/1/2023,BT,Best Case (Dec 2020),1
10/1/2023,BT,Midpoint (Dec 2020),0.97
10/1/2023,BT,Worst Case (Dec 2020),0.94
10/1/2023,MTA Consolidated,Best Case (May 2020),1
10/1/2023,MTA Consolidated,Midpoint (May 2020),1
10/1/2023,MTA Consolidated,Worst Case (May 2020),1
10/1/2023,MTA Consolidated,Best Case (Nov 2020),0.91
10/1/2023,MTA Consolidated,Midpoint (Nov 2020),0.825
10/1/2023,MTA Consolidated,Worst Case (Nov 2020),0.74
10/1/2023,MTA Consolidated,Best Case (Dec 2020),0.9
10/1/2023,MTA Consolidated,Midpoint (Dec 2020),0.855
10/1/2023,MTA Consolidated,Worst Case (Dec 2020),0.81
10/1/2023,MTA Consolidated,Best Case (Apr 2022),0.772
10/1/2023,MTA Consolidated,Midpoint (Apr 2022),0.715
10/1/2023,MTA Consolidated,Worst Case (Apr 2022),0.657
11/1/2023,Subway,Best Case (Dec 2020),0.91
11/1/2023,Subway,Midpoint (Dec 2020),0.865
11/1/2023,Subway,Worst Case (Dec 2020),0.82
11/1/2023,Subway,Best Case (Apr 2022),0.767
11/1/2023,Subway,Midpoint (Apr 2022),0.7092
11/1/2023,Subway,Worst Case (Apr 2022),0.651
11/1/2023,Bus,Best Case (Dec 2020),0.9
11/1/2023,Bus,Midpoint (Dec 2020),0.865
11/1/2023,Bus,Worst Case (Dec 2020),0.83
11/1/2023,Bus,Best Case (Apr 2022),0.802
11/1/2023,Bus,Midpoint (Apr 2022),0.7408
11/1/2023,Bus,Worst Case (Apr 2022),0.68
11/1/2023,LIRR,Best Case (Dec 2020),0.86
11/1/2023,LIRR,Midpoint (Dec 2020),0.785
11/1/2023,LIRR,Worst Case (Dec 2020),0.71
11/1/2023,LIRR,Best Case (Apr 2022),0.766
11/1/2023,LIRR,Midpoint (Apr 2022),0.7068
11/1/2023,LIRR,Worst Case (Apr 2022),0.647
11/1/2023,MNR,Best Case (Dec 2020),0.83
11/1/2023,MNR,Midpoint (Dec 2020),0.74
11/1/2023,MNR,Worst Case (Dec 2020),0.65
11/1/2023,MNR,Best Case (Apr 2022),0.726
11/1/2023,MNR,Midpoint (Apr 2022),0.656
11/1/2023,MNR,Worst Case (Apr 2022),0.586
11/1/2023,SIR,Best Case (Dec 2020),0.91
11/1/2023,SIR,Midpoint (Dec 2020),0.865
11/1/2023,SIR,Worst Case (Dec 2020),0.82
11/1/2023,SIR,Best Case (Apr 2022),0.767
11/1/2023,SIR,Midpoint (Apr 2022),0.6515
11/1/2023,SIR,Worst Case (Apr 2022),0.651
11/1/2023,BT,Best Case (May 2020),1
11/1/2023,BT,Midpoint (May 2020),1
11/1/2023,BT,Worst Case (May 2020),1
11/1/2023,BT,Best Case (Nov 2020),1
11/1/2023,BT,Midpoint (Nov 2020),0.97
11/1/2023,BT,Worst Case (Nov 2020),0.94
11/1/2023,BT,Best Case (Dec 2020),1
11/1/2023,BT,Midpoint (Dec 2020),0.97
11/1/2023,BT,Worst Case (Dec 2020),0.94
11/1/2023,MTA Consolidated,Best Case (May 2020),1
11/1/2023,MTA Consolidated,Midpoint (May 2020),1
11/1/2023,MTA Consolidated,Worst Case (May 2020),1
11/1/2023,MTA Consolidated,Best Case (Nov 2020),0.91
11/1/2023,MTA Consolidated,Midpoint (Nov 2020),0.825
11/1/2023,MTA Consolidated,Worst Case (Nov 2020),0.74
11/1/2023,MTA Consolidated,Best Case (Dec 2020),0.9
11/1/2023,MTA Consolidated,Midpoint (Dec 2020),0.855
11/1/2023,MTA Consolidated,Worst Case (Dec 2020),0.81
11/1/2023,MTA Consolidated,Best Case (Apr 2022),0.774
11/1/2023,MTA Consolidated,Midpoint (Apr 2022),0.715
11/1/2023,MTA Consolidated,Worst Case (Apr 2022),0.656
12/1/2023,Subway,Best Case (Dec 2020),0.91
12/1/2023,Subway,Midpoint (Dec 2020),0.865
12/1/2023,Subway,Worst Case (Dec 2020),0.82
12/1/2023,Subway,Best Case (Apr 2022),0.769
12/1/2023,Subway,Midpoint (Apr 2022),0.7097
12/1/2023,Subway,Worst Case (Apr 2022),0.65
12/1/2023,Bus,Best Case (Dec 2020),0.9
12/1/2023,Bus,Midpoint (Dec 2020),0.865
12/1/2023,Bus,Worst Case (Dec 2020),0.83
12/1/2023,Bus,Best Case (Apr 2022),0.803
12/1/2023,Bus,Midpoint (Apr 2022),0.7406
12/1/2023,Bus,Worst Case (Apr 2022),0.678
12/1/2023,LIRR,Best Case (Dec 2020),0.86
12/1/2023,LIRR,Midpoint (Dec 2020),0.785
12/1/2023,LIRR,Worst Case (Dec 2020),0.71
12/1/2023,LIRR,Best Case (Apr 2022),0.775
12/1/2023,LIRR,Midpoint (Apr 2022),0.7103
12/1/2023,LIRR,Worst Case (Apr 2022),0.646
12/1/2023,MNR,Best Case (Dec 2020),0.83
12/1/2023,MNR,Midpoint (Dec 2020),0.74
12/1/2023,MNR,Worst Case (Dec 2020),0.65
12/1/2023,MNR,Best Case (Apr 2022),0.734
12/1/2023,MNR,Midpoint (Apr 2022),0.6595
12/1/2023,MNR,Worst Case (Apr 2022),0.585
12/1/2023,SIR,Best Case (Dec 2020),0.91
12/1/2023,SIR,Midpoint (Dec 2020),0.865
12/1/2023,SIR,Worst Case (Dec 2020),0.82
12/1/2023,SIR,Best Case (Apr 2022),0.769
12/1/2023,SIR,Midpoint (Apr 2022),0.6502
12/1/2023,SIR,Worst Case (Apr 2022),0.65
12/1/2023,BT,Best Case (May 2020),1
12/1/2023,BT,Midpoint (May 2020),1
12/1/2023,BT,Worst Case (May 2020),1
12/1/2023,BT,Best Case (Nov 2020),1
12/1/2023,BT,Midpoint (Nov 2020),0.97
12/1/2023,BT,Worst Case (Nov 2020),0.94
12/1/2023,BT,Best Case (Dec 2020),1
12/1/2023,BT,Midpoint (Dec 2020),0.97
12/1/2023,BT,Worst Case (Dec 2020),0.94
12/1/2023,MTA Consolidated,Best Case (May 2020),1
12/1/2023,MTA Consolidated,Midpoint (May 2020),1
12/1/2023,MTA Consolidated,Worst Case (May 2020),1
12/1/2023,MTA Consolidated,Best Case (Nov 2020),0.91
12/1/2023,MTA Consolidated,Midpoint (Nov 2020),0.825
12/1/2023,MTA Consolidated,Worst Case (Nov 2020),0.74
12/1/2023,MTA Consolidated,Best Case (Dec 2020),0.9
12/1/2023,MTA Consolidated,Midpoint (Dec 2020),0.855
12/1/2023,MTA Consolidated,Worst Case (Dec 2020),0.81
12/1/2023,MTA Consolidated,Best Case (Apr 2022),0.777
12/1/2023,MTA Consolidated,Midpoint (Apr 2022),0.716
12/1/2023,MTA Consolidated,Worst Case (Apr 2022),0.655
1/1/2024,Subway,Best Case (Dec 2020),0.92
1/1/2024,Subway,Midpoint (Dec 2020),0.875
1/1/2024,Subway,Worst Case (Dec 2020),0.83
1/1/2024,Subway,Best Case (Apr 2022),0.772
1/1/2024,Subway,Midpoint (Apr 2022),0.7089
1/1/2024,Subway,Worst Case (Apr 2022),0.646
1/1/2024,Bus,Best Case (Dec 2020),0.91
1/1/2024,Bus,Midpoint (Dec 2020),0.875
1/1/2024,Bus,Worst Case (Dec 2020),0.84
1/1/2024,Bus,Best Case (Apr 2022),0.796
1/1/2024,Bus,Midpoint (Apr 2022),0.7326
1/1/2024,Bus,Worst Case (Apr 2022),0.669
1/1/2024,LIRR,Best Case (Dec 2020),0.87
1/1/2024,LIRR,Midpoint (Dec 2020),0.795
1/1/2024,LIRR,Worst Case (Dec 2020),0.72
1/1/2024,LIRR,Best Case (Apr 2022),0.791
1/1/2024,LIRR,Midpoint (Apr 2022),0.7163
1/1/2024,LIRR,Worst Case (Apr 2022),0.642
1/1/2024,MNR,Best Case (Dec 2020),0.83
1/1/2024,MNR,Midpoint (Dec 2020),0.74
1/1/2024,MNR,Worst Case (Dec 2020),0.65
1/1/2024,MNR,Best Case (Apr 2022),0.75
1/1/2024,MNR,Midpoint (Apr 2022),0.6661
1/1/2024,MNR,Worst Case (Apr 2022),0.582
1/1/2024,SIR,Best Case (Dec 2020),0.92
1/1/2024,SIR,Midpoint (Dec 2020),0.875
1/1/2024,SIR,Worst Case (Dec 2020),0.83
1/1/2024,SIR,Best Case (Apr 2022),0.772
1/1/2024,SIR,Midpoint (Apr 2022),0.6458
1/1/2024,SIR,Worst Case (Apr 2022),0.646
1/1/2024,BT,Best Case (May 2020),1
1/1/2024,BT,Midpoint (May 2020),1
1/1/2024,BT,Worst Case (May 2020),1
1/1/2024,BT,Best Case (Nov 2020),1
1/1/2024,BT,Midpoint (Nov 2020),0.97
1/1/2024,BT,Worst Case (Nov 2020),0.94
1/1/2024,BT,Best Case (Dec 2020),1
1/1/2024,BT,Midpoint (Dec 2020),0.97
1/1/2024,BT,Worst Case (Dec 2020),0.94
1/1/2024,MTA Consolidated,Best Case (May 2020),1
1/1/2024,MTA Consolidated,Midpoint (May 2020),1
1/1/2024,MTA Consolidated,Worst Case (May 2020),1
1/1/2024,MTA Consolidated,Best Case (Nov 2020),0.92
1/1/2024,MTA Consolidated,Midpoint (Nov 2020),0.84
1/1/2024,MTA Consolidated,Worst Case (Nov 2020),0.76
1/1/2024,MTA Consolidated,Best Case (Dec 2020),0.91
1/1/2024,MTA Consolidated,Midpoint (Dec 2020),0.865
1/1/2024,MTA Consolidated,Worst Case (Dec 2020),0.82
1/1/2024,MTA Consolidated,Best Case (Apr 2022),0.778
1/1/2024,MTA Consolidated,Midpoint (Apr 2022),0.714
1/1/2024,MTA Consolidated,Worst Case (Apr 2022),0.649
2/1/2024,Subway,Best Case (Dec 2020),0.92
2/1/2024,Subway,Midpoint (Dec 2020),0.875
2/1/2024,Subway,Worst Case (Dec 2020),0.83
2/1/2024,Subway,Best Case (Apr 2022),0.774
2/1/2024,Subway,Midpoint (Apr 2022),0.7108
2/1/2024,Subway,Worst Case (Apr 2022),0.648
2/1/2024,Bus,Best Case (Dec 2020),0.91
2/1/2024,Bus,Midpoint (Dec 2020),0.875
2/1/2024,Bus,Worst Case (Dec 2020),0.84
2/1/2024,Bus,Best Case (Apr 2022),0.805
2/1/2024,Bus,Midpoint (Apr 2022),0.7403
2/1/2024,Bus,Worst Case (Apr 2022),0.676
2/1/2024,LIRR,Best Case (Dec 2020),0.87
2/1/2024,LIRR,Midpoint (Dec 2020),0.795
2/1/2024,LIRR,Worst Case (Dec 2020),0.72
2/1/2024,LIRR,Best Case (Apr 2022),0.793
2/1/2024,LIRR,Midpoint (Apr 2022),0.7175
2/1/2024,LIRR,Worst Case (Apr 2022),0.642
2/1/2024,MNR,Best Case (Dec 2020),0.83
2/1/2024,MNR,Midpoint (Dec 2020),0.74
2/1/2024,MNR,Worst Case (Dec 2020),0.65
2/1/2024,MNR,Best Case (Apr 2022),0.751
2/1/2024,MNR,Midpoint (Apr 2022),0.6665
2/1/2024,MNR,Worst Case (Apr 2022),0.582
2/1/2024,SIR,Best Case (Dec 2020),0.92
2/1/2024,SIR,Midpoint (Dec 2020),0.875
2/1/2024,SIR,Worst Case (Dec 2020),0.83
2/1/2024,SIR,Best Case (Apr 2022),0.774
2/1/2024,SIR,Midpoint (Apr 2022),0.6475
2/1/2024,SIR,Worst Case (Apr 2022),0.648
2/1/2024,BT,Best Case (May 2020),1
2/1/2024,BT,Midpoint (May 2020),1
2/1/2024,BT,Worst Case (May 2020),1
2/1/2024,BT,Best Case (Nov 2020),1
2/1/2024,BT,Midpoint (Nov 2020),0.97
2/1/2024,BT,Worst Case (Nov 2020),0.94
2/1/2024,BT,Best Case (Dec 2020),1
2/1/2024,BT,Midpoint (Dec 2020),0.97
2/1/2024,BT,Worst Case (Dec 2020),0.94
2/1/2024,MTA Consolidated,Best Case (May 2020),1
2/1/2024,MTA Consolidated,Midpoint (May 2020),1
2/1/2024,MTA Consolidated,Worst Case (May 2020),1
2/1/2024,MTA Consolidated,Best Case (Nov 2020),0.92
2/1/2024,MTA Consolidated,Midpoint (Nov 2020),0.84
2/1/2024,MTA Consolidated,Worst Case (Nov 2020),0.76
2/1/2024,MTA Consolidated,Best Case (Dec 2020),0.91
2/1/2024,MTA Consolidated,Midpoint (Dec 2020),0.865
2/1/2024,MTA Consolidated,Worst Case (Dec 2020),0.82
2/1/2024,MTA Consolidated,Best Case (Apr 2022),0.782
2/1/2024,MTA Consolidated,Midpoint (Apr 2022),0.717
2/1/2024,MTA Consolidated,Worst Case (Apr 2022),0.652
3/1/2024,Subway,Best Case (Dec 2020),0.92
3/1/2024,Subway,Midpoint (Dec 2020),0.875
3/1/2024,Subway,Worst Case (Dec 2020),0.83
3/1/2024,Subway,Best Case (Apr 2022),0.776
3/1/2024,Subway,Midpoint (Apr 2022),0.7128
3/1/2024,Subway,Worst Case (Apr 2022),0.649
3/1/2024,Bus,Best Case (Dec 2020),0.91
3/1/2024,Bus,Midpoint (Dec 2020),0.875
3/1/2024,Bus,Worst Case (Dec 2020),0.84
3/1/2024,Bus,Best Case (Apr 2022),0.813
3/1/2024,Bus,Midpoint (Apr 2022),0.7479
3/1/2024,Bus,Worst Case (Apr 2022),0.683
3/1/2024,LIRR,Best Case (Dec 2020),0.87
3/1/2024,LIRR,Midpoint (Dec 2020),0.795
3/1/2024,LIRR,Worst Case (Dec 2020),0.72
3/1/2024,LIRR,Best Case (Apr 2022),0.794
3/1/2024,LIRR,Midpoint (Apr 2022),0.7187
3/1/2024,LIRR,Worst Case (Apr 2022),0.643
3/1/2024,MNR,Best Case (Dec 2020),0.83
3/1/2024,MNR,Midpoint (Dec 2020),0.74
3/1/2024,MNR,Worst Case (Dec 2020),0.65
3/1/2024,MNR,Best Case (Apr 2022),0.751
3/1/2024,MNR,Midpoint (Apr 2022),0.667
3/1/2024,MNR,Worst Case (Apr 2022),0.583
3/1/2024,SIR,Best Case (Dec 2020),0.92
3/1/2024,SIR,Midpoint (Dec 2020),0.875
3/1/2024,SIR,Worst Case (Dec 2020),0.83
3/1/2024,SIR,Best Case (Apr 2022),0.776
3/1/2024,SIR,Midpoint (Apr 2022),0.6492
3/1/2024,SIR,Worst Case (Apr 2022),0.649
3/1/2024,BT,Best Case (May 2020),1
3/1/2024,BT,Midpoint (May 2020),1
3/1/2024,BT,Worst Case (May 2020),1
3/1/2024,BT,Best Case (Nov 2020),1
3/1/2024,BT,Midpoint (Nov 2020),0.97
3/1/2024,BT,Worst Case (Nov 2020),0.94
3/1/2024,BT,Best Case (Dec 2020),1
3/1/2024,BT,Midpoint (Dec 2020),0.97
3/1/2024,BT,Worst Case (Dec 2020),0.94
3/1/2024,MTA Consolidated,Best Case (May 2020),1
3/1/2024,MTA Consolidated,Midpoint (May 2020),1
3/1/2024,MTA Consolidated,Worst Case (May 2020),1
3/1/2024,MTA Consolidated,Best Case (Nov 2020),0.92
3/1/2024,MTA Consolidated,Midpoint (Nov 2020),0.84
3/1/2024,MTA Consolidated,Worst Case (Nov 2020),0.76
3/1/2024,MTA Consolidated,Best Case (Dec 2020),0.91
3/1/2024,MTA Consolidated,Midpoint (Dec 2020),0.865
3/1/2024,MTA Consolidated,Worst Case (Dec 2020),0.82
3/1/2024,MTA Consolidated,Best Case (Apr 2022),0.786
3/1/2024,MTA Consolidated,Midpoint (Apr 2022),0.72
3/1/2024,MTA Consolidated,Worst Case (Apr 2022),0.655
4/1/2024,Subway,Best Case (Dec 2020),0.92
4/1/2024,Subway,Midpoint (Dec 2020),0.875
4/1/2024,Subway,Worst Case (Dec 2020),0.83
4/1/2024,Subway,Best Case (Apr 2022),0.772
4/1/2024,Subway,Midpoint (Apr 2022),0.7086
4/1/2024,Subway,Worst Case (Apr 2022),0.645
4/1/2024,Bus,Best Case (Dec 2020),0.91
4/1/2024,Bus,Midpoint (Dec 2020),0.875
4/1/2024,Bus,Worst Case (Dec 2020),0.84
4/1/2024,Bus,Best Case (Apr 2022),0.825
4/1/2024,Bus,Midpoint (Apr 2022),0.7586
4/1/2024,Bus,Worst Case (Apr 2022),0.692
4/1/2024,LIRR,Best Case (Dec 2020),0.87
4/1/2024,LIRR,Midpoint (Dec 2020),0.795
4/1/2024,LIRR,Worst Case (Dec 2020),0.72
4/1/2024,LIRR,Best Case (Apr 2022),0.794
4/1/2024,LIRR,Midpoint (Apr 2022),0.7187
4/1/2024,LIRR,Worst Case (Apr 2022),0.643
4/1/2024,MNR,Best Case (Dec 2020),0.83
4/1/2024,MNR,Midpoint (Dec 2020),0.74
4/1/2024,MNR,Worst Case (Dec 2020),0.65
4/1/2024,MNR,Best Case (Apr 2022),0.751
4/1/2024,MNR,Midpoint (Apr 2022),0.6663
4/1/2024,MNR,Worst Case (Apr 2022),0.582
4/1/2024,SIR,Best Case (Dec 2020),0.92
4/1/2024,SIR,Midpoint (Dec 2020),0.875
4/1/2024,SIR,Worst Case (Dec 2020),0.83
4/1/2024,SIR,Best Case (Apr 2022),0.772
4/1/2024,SIR,Midpoint (Apr 2022),0.6455
4/1/2024,SIR,Worst Case (Apr 2022),0.645
4/1/2024,BT,Best Case (May 2020),1
4/1/2024,BT,Midpoint (May 2020),1
4/1/2024,BT,Worst Case (May 2020),1
4/1/2024,BT,Best Case (Nov 2020),1
4/1/2024,BT,Midpoint (Nov 2020),0.97
4/1/2024,BT,Worst Case (Nov 2020),0.94
4/1/2024,BT,Best Case (Dec 2020),1
4/1/2024,BT,Midpoint (Dec 2020),0.97
4/1/2024,BT,Worst Case (Dec 2020),0.94
4/1/2024,MTA Consolidated,Best Case (May 2020),1
4/1/2024,MTA Consolidated,Midpoint (May 2020),1
4/1/2024,MTA Consolidated,Worst Case (May 2020),1
4/1/2024,MTA Consolidated,Best Case (Nov 2020),0.92
4/1/2024,MTA Consolidated,Midpoint (Nov 2020),0.85
4/1/2024,MTA Consolidated,Worst Case (Nov 2020),0.78
4/1/2024,MTA Consolidated,Best Case (Dec 2020),0.91
4/1/2024,MTA Consolidated,Midpoint (Dec 2020),0.865
4/1/2024,MTA Consolidated,Worst Case (Dec 2020),0.82
4/1/2024,MTA Consolidated,Best Case (Apr 2022),0.786
4/1/2024,MTA Consolidated,Midpoint (Apr 2022),0.72
4/1/2024,MTA Consolidated,Worst Case (Apr 2022),0.655
5/1/2024,Subway,Best Case (Dec 2020),0.92
5/1/2024,Subway,Midpoint (Dec 2020),0.875
5/1/2024,Subway,Worst Case (Dec 2020),0.83
5/1/2024,Subway,Best Case (Apr 2022),0.781
5/1/2024,Subway,Midpoint (Apr 2022),0.7167
5/1/2024,Subway,Worst Case (Apr 2022),0.653
5/1/2024,Bus,Best Case (Dec 2020),0.91
5/1/2024,Bus,Midpoint (Dec 2020),0.875
5/1/2024,Bus,Worst Case (Dec 2020),0.84
5/1/2024,Bus,Best Case (Apr 2022),0.83
5/1/2024,Bus,Midpoint (Apr 2022),0.7632
5/1/2024,Bus,Worst Case (Apr 2022),0.696
5/1/2024,LIRR,Best Case (Dec 2020),0.87
5/1/2024,LIRR,Midpoint (Dec 2020),0.795
5/1/2024,LIRR,Worst Case (Dec 2020),0.72
5/1/2024,LIRR,Best Case (Apr 2022),0.797
5/1/2024,LIRR,Midpoint (Apr 2022),0.7211
5/1/2024,LIRR,Worst Case (Apr 2022),0.645
5/1/2024,MNR,Best Case (Dec 2020),0.83
5/1/2024,MNR,Midpoint (Dec 2020),0.74
5/1/2024,MNR,Worst Case (Dec 2020),0.65
5/1/2024,MNR,Best Case (Apr 2022),0.753
5/1/2024,MNR,Midpoint (Apr 2022),0.6679
5/1/2024,MNR,Worst Case (Apr 2022),0.583
5/1/2024,SIR,Best Case (Dec 2020),0.92
5/1/2024,SIR,Midpoint (Dec 2020),0.875
5/1/2024,SIR,Worst Case (Dec 2020),0.83
5/1/2024,SIR,Best Case (Apr 2022),0.781
5/1/2024,SIR,Midpoint (Apr 2022),0.6527
5/1/2024,SIR,Worst Case (Apr 2022),0.653
5/1/2024,BT,Best Case (May 2020),1
5/1/2024,BT,Midpoint (May 2020),1
5/1/2024,BT,Worst Case (May 2020),1
5/1/2024,BT,Best Case (Nov 2020),1
5/1/2024,BT,Midpoint (Nov 2020),0.97
5/1/2024,BT,Worst Case (Nov 2020),0.94
5/1/2024,BT,Best Case (Dec 2020),1
5/1/2024,BT,Midpoint (Dec 2020),0.97
5/1/2024,BT,Worst Case (Dec 2020),0.94
5/1/2024,MTA Consolidated,Best Case (May 2020),1
5/1/2024,MTA Consolidated,Midpoint (May 2020),1
5/1/2024,MTA Consolidated,Worst Case (May 2020),1
5/1/2024,MTA Consolidated,Best Case (Nov 2020),0.92
5/1/2024,MTA Consolidated,Midpoint (Nov 2020),0.85
5/1/2024,MTA Consolidated,Worst Case (Nov 2020),0.78
5/1/2024,MTA Consolidated,Best Case (Dec 2020),0.91
5/1/2024,MTA Consolidated,Midpoint (Dec 2020),0.865
5/1/2024,MTA Consolidated,Worst Case (Dec 2020),0.82
5/1/2024,MTA Consolidated,Best Case (Apr 2022),0.793
5/1/2024,MTA Consolidated,Midpoint (Apr 2022),0.727
5/1/2024,MTA Consolidated,Worst Case (Apr 2022),0.661
6/1/2024,Subway,Best Case (Dec 2020),0.92
6/1/2024,Subway,Midpoint (Dec 2020),0.875
6/1/2024,Subway,Worst Case (Dec 2020),0.83
6/1/2024,Subway,Best Case (Apr 2022),0.789
6/1/2024,Subway,Midpoint (Apr 2022),0.7247
6/1/2024,Subway,Worst Case (Apr 2022),0.66
6/1/2024,Bus,Best Case (Dec 2020),0.91
6/1/2024,Bus,Midpoint (Dec 2020),0.875
6/1/2024,Bus,Worst Case (Dec 2020),0.84
6/1/2024,Bus,Best Case (Apr 2022),0.835
6/1/2024,Bus,Midpoint (Apr 2022),0.7678
6/1/2024,Bus,Worst Case (Apr 2022),0.7
6/1/2024,LIRR,Best Case (Dec 2020),0.87
6/1/2024,LIRR,Midpoint (Dec 2020),0.795
6/1/2024,LIRR,Worst Case (Dec 2020),0.72
6/1/2024,LIRR,Best Case (Apr 2022),0.8
6/1/2024,LIRR,Midpoint (Apr 2022),0.7236
6/1/2024,LIRR,Worst Case (Apr 2022),0.647
6/1/2024,MNR,Best Case (Dec 2020),0.83
6/1/2024,MNR,Midpoint (Dec 2020),0.74
6/1/2024,MNR,Worst Case (Dec 2020),0.65
6/1/2024,MNR,Best Case (Apr 2022),0.755
6/1/2024,MNR,Midpoint (Apr 2022),0.6694
6/1/2024,MNR,Worst Case (Apr 2022),0.584
6/1/2024,SIR,Best Case (Dec 2020),0.92
6/1/2024,SIR,Midpoint (Dec 2020),0.875
6/1/2024,SIR,Worst Case (Dec 2020),0.83
6/1/2024,SIR,Best Case (Apr 2022),0.789
6/1/2024,SIR,Midpoint (Apr 2022),0.6599
6/1/2024,SIR,Worst Case (Apr 2022),0.66
6/1/2024,BT,Best Case (May 2020),1
6/1/2024,BT,Midpoint (May 2020),1
6/1/2024,BT,Worst Case (May 2020),1
6/1/2024,BT,Best Case (Nov 2020),1
6/1/2024,BT,Midpoint (Nov 2020),0.97
6/1/2024,BT,Worst Case (Nov 2020),0.94
6/1/2024,BT,Best Case (Dec 2020),1
6/1/2024,BT,Midpoint (Dec 2020),0.97
6/1/2024,BT,Worst Case (Dec 2020),0.94
6/1/2024,MTA Consolidated,Best Case (May 2020),1
6/1/2024,MTA Consolidated,Midpoint (May 2020),1
6/1/2024,MTA Consolidated,Worst Case (May 2020),1
6/1/2024,MTA Consolidated,Best Case (Nov 2020),0.92
6/1/2024,MTA Consolidated,Midpoint (Nov 2020),0.85
6/1/2024,MTA Consolidated,Worst Case (Nov 2020),0.78
6/1/2024,MTA Consolidated,Best Case (Dec 2020),0.91
6/1/2024,MTA Consolidated,Midpoint (Dec 2020),0.865
6/1/2024,MTA Consolidated,Worst Case (Dec 2020),0.82
6/1/2024,MTA Consolidated,Best Case (Apr 2022),0.8
6/1/2024,MTA Consolidated,Midpoint (Apr 2022),0.734
6/1/2024,MTA Consolidated,Worst Case (Apr 2022),0.667
7/1/2024,Subway,Best Case (Dec 2020),0.92
7/1/2024,Subway,Midpoint (Dec 2020),0.875
7/1/2024,Subway,Worst Case (Dec 2020),0.83
7/1/2024,Subway,Best Case (Apr 2022),0.804
7/1/2024,Subway,Midpoint (Apr 2022),0.7376
7/1/2024,Subway,Worst Case (Apr 2022),0.672
7/1/2024,Bus,Best Case (Dec 2020),0.91
7/1/2024,Bus,Midpoint (Dec 2020),0.875
7/1/2024,Bus,Worst Case (Dec 2020),0.84
7/1/2024,Bus,Best Case (Apr 2022),0.844
7/1/2024,Bus,Midpoint (Apr 2022),0.7758
7/1/2024,Bus,Worst Case (Apr 2022),0.707
7/1/2024,LIRR,Best Case (Dec 2020),0.87
7/1/2024,LIRR,Midpoint (Dec 2020),0.795
7/1/2024,LIRR,Worst Case (Dec 2020),0.72
7/1/2024,LIRR,Best Case (Apr 2022),0.801
7/1/2024,LIRR,Midpoint (Apr 2022),0.7246
7/1/2024,LIRR,Worst Case (Apr 2022),0.648
7/1/2024,MNR,Best Case (Dec 2020),0.83
7/1/2024,MNR,Midpoint (Dec 2020),0.74
7/1/2024,MNR,Worst Case (Dec 2020),0.65
7/1/2024,MNR,Best Case (Apr 2022),0.755
7/1/2024,MNR,Midpoint (Apr 2022),0.6696
7/1/2024,MNR,Worst Case (Apr 2022),0.584
7/1/2024,SIR,Best Case (Dec 2020),0.92
7/1/2024,SIR,Midpoint (Dec 2020),0.875
7/1/2024,SIR,Worst Case (Dec 2020),0.83
7/1/2024,SIR,Best Case (Apr 2022),0.804
7/1/2024,SIR,Midpoint (Apr 2022),0.6717
7/1/2024,SIR,Worst Case (Apr 2022),0.672
7/1/2024,BT,Best Case (May 2020),1
7/1/2024,BT,Midpoint (May 2020),1
7/1/2024,BT,Worst Case (May 2020),1
7/1/2024,BT,Best Case (Nov 2020),1
7/1/2024,BT,Midpoint (Nov 2020),0.97
7/1/2024,BT,Worst Case (Nov 2020),0.94
7/1/2024,BT,Best Case (Dec 2020),1
7/1/2024,BT,Midpoint (Dec 2020),0.97
7/1/2024,BT,Worst Case (Dec 2020),0.94
7/1/2024,MTA Consolidated,Best Case (May 2020),1
7/1/2024,MTA Consolidated,Midpoint (May 2020),1
7/1/2024,MTA Consolidated,Worst Case (May 2020),1
7/1/2024,MTA Consolidated,Best Case (Nov 2020),0.92
7/1/2024,MTA Consolidated,Midpoint (Nov 2020),0.86
7/1/2024,MTA Consolidated,Worst Case (Nov 2020),0.8
7/1/2024,MTA Consolidated,Best Case (Dec 2020),0.91
7/1/2024,MTA Consolidated,Midpoint (Dec 2020),0.865
7/1/2024,MTA Consolidated,Worst Case (Dec 2020),0.82
7/1/2024,MTA Consolidated,Best Case (Apr 2022),0.812
7/1/2024,MTA Consolidated,Midpoint (Apr 2022),0.744
7/1/2024,MTA Consolidated,Worst Case (Apr 2022),0.677
8/1/2024,Subway,Best Case (Dec 2020),0.92
8/1/2024,Subway,Midpoint (Dec 2020),0.875
8/1/2024,Subway,Worst Case (Dec 2020),0.83
8/1/2024,Subway,Best Case (Apr 2022),0.807
8/1/2024,Subway,Midpoint (Apr 2022),0.7407
8/1/2024,Subway,Worst Case (Apr 2022),0.674
8/1/2024,Bus,Best Case (Dec 2020),0.91
8/1/2024,Bus,Midpoint (Dec 2020),0.875
8/1/2024,Bus,Worst Case (Dec 2020),0.84
8/1/2024,Bus,Best Case (Apr 2022),0.846
8/1/2024,Bus,Midpoint (Apr 2022),0.7769
8/1/2024,Bus,Worst Case (Apr 2022),0.708
8/1/2024,LIRR,Best Case (Dec 2020),0.87
8/1/2024,LIRR,Midpoint (Dec 2020),0.795
8/1/2024,LIRR,Worst Case (Dec 2020),0.72
8/1/2024,LIRR,Best Case (Apr 2022),0.806
8/1/2024,LIRR,Midpoint (Apr 2022),0.7285
8/1/2024,LIRR,Worst Case (Apr 2022),0.651
8/1/2024,MNR,Best Case (Dec 2020),0.83
8/1/2024,MNR,Midpoint (Dec 2020),0.74
8/1/2024,MNR,Worst Case (Dec 2020),0.65
8/1/2024,MNR,Best Case (Apr 2022),0.759
8/1/2024,MNR,Midpoint (Apr 2022),0.6726
8/1/2024,MNR,Worst Case (Apr 2022),0.586
8/1/2024,SIR,Best Case (Dec 2020),0.92
8/1/2024,SIR,Midpoint (Dec 2020),0.875
8/1/2024,SIR,Worst Case (Dec 2020),0.83
8/1/2024,SIR,Best Case (Apr 2022),0.807
8/1/2024,SIR,Midpoint (Apr 2022),0.6744
8/1/2024,SIR,Worst Case (Apr 2022),0.674
8/1/2024,BT,Best Case (May 2020),1
8/1/2024,BT,Midpoint (May 2020),1
8/1/2024,BT,Worst Case (May 2020),1
8/1/2024,BT,Best Case (Nov 2020),1
8/1/2024,BT,Midpoint (Nov 2020),0.97
8/1/2024,BT,Worst Case (Nov 2020),0.94
8/1/2024,BT,Best Case (Dec 2020),1
8/1/2024,BT,Midpoint (Dec 2020),0.97
8/1/2024,BT,Worst Case (Dec 2020),0.94
8/1/2024,MTA Consolidated,Best Case (May 2020),1
8/1/2024,MTA Consolidated,Midpoint (May 2020),1
8/1/2024,MTA Consolidated,Worst Case (May 2020),1
8/1/2024,MTA Consolidated,Best Case (Nov 2020),0.92
8/1/2024,MTA Consolidated,Midpoint (Nov 2020),0.86
8/1/2024,MTA Consolidated,Worst Case (Nov 2020),0.8
8/1/2024,MTA Consolidated,Best Case (Dec 2020),0.91
8/1/2024,MTA Consolidated,Midpoint (Dec 2020),0.865
8/1/2024,MTA Consolidated,Worst Case (Dec 2020),0.82
8/1/2024,MTA Consolidated,Best Case (Apr 2022),0.815
8/1/2024,MTA Consolidated,Midpoint (Apr 2022),0.747
8/1/2024,MTA Consolidated,Worst Case (Apr 2022),0.679
9/1/2024,Subway,Best Case (Dec 2020),0.92
9/1/2024,Subway,Midpoint (Dec 2020),0.875
9/1/2024,Subway,Worst Case (Dec 2020),0.83
9/1/2024,Subway,Best Case (Apr 2022),0.811
9/1/2024,Subway,Midpoint (Apr 2022),0.7439
9/1/2024,Subway,Worst Case (Apr 2022),0.677
9/1/2024,Bus,Best Case (Dec 2020),0.91
9/1/2024,Bus,Midpoint (Dec 2020),0.875
9/1/2024,Bus,Worst Case (Dec 2020),0.84
9/1/2024,Bus,Best Case (Apr 2022),0.847
9/1/2024,Bus,Midpoint (Apr 2022),0.778
9/1/2024,Bus,Worst Case (Apr 2022),0.709
9/1/2024,LIRR,Best Case (Dec 2020),0.87
9/1/2024,LIRR,Midpoint (Dec 2020),0.795
9/1/2024,LIRR,Worst Case (Dec 2020),0.72
9/1/2024,LIRR,Best Case (Apr 2022),0.811
9/1/2024,LIRR,Midpoint (Apr 2022),0.7324
9/1/2024,LIRR,Worst Case (Apr 2022),0.654
9/1/2024,MNR,Best Case (Dec 2020),0.83
9/1/2024,MNR,Midpoint (Dec 2020),0.74
9/1/2024,MNR,Worst Case (Dec 2020),0.65
9/1/2024,MNR,Best Case (Apr 2022),0.763
9/1/2024,MNR,Midpoint (Apr 2022),0.6757
9/1/2024,MNR,Worst Case (Apr 2022),0.589
9/1/2024,SIR,Best Case (Dec 2020),0.92
9/1/2024,SIR,Midpoint (Dec 2020),0.875
9/1/2024,SIR,Worst Case (Dec 2020),0.83
9/1/2024,SIR,Best Case (Apr 2022),0.811
9/1/2024,SIR,Midpoint (Apr 2022),0.6772
9/1/2024,SIR,Worst Case (Apr 2022),0.677
9/1/2024,BT,Best Case (May 2020),1
9/1/2024,BT,Midpoint (May 2020),1
9/1/2024,BT,Worst Case (May 2020),1
9/1/2024,BT,Best Case (Nov 2020),1
9/1/2024,BT,Midpoint (Nov 2020),0.97
9/1/2024,BT,Worst Case (Nov 2020),0.94
9/1/2024,BT,Best Case (Dec 2020),1
9/1/2024,BT,Midpoint (Dec 2020),0.97
9/1/2024,BT,Worst Case (Dec 2020),0.94
9/1/2024,MTA Consolidated,Best Case (May 2020),1
9/1/2024,MTA Consolidated,Midpoint (May 2020),1
9/1/2024,MTA Consolidated,Worst Case (May 2020),1
9/1/2024,MTA Consolidated,Best Case (Nov 2020),0.92
9/1/2024,MTA Consolidated,Midpoint (Nov 2020),0.86
9/1/2024,MTA Consolidated,Worst Case (Nov 2020),0.8
9/1/2024,MTA Consolidated,Best Case (Dec 2020),0.91
9/1/2024,MTA Consolidated,Midpoint (Dec 2020),0.865
9/1/2024,MTA Consolidated,Worst Case (Dec 2020),0.82
9/1/2024,MTA Consolidated,Best Case (Apr 2022),0.818
9/1/2024,MTA Consolidated,Midpoint (Apr 2022),0.75
9/1/2024,MTA Consolidated,Worst Case (Apr 2022),0.681
10/1/2024,Subway,Best Case (Dec 2020),0.92
10/1/2024,Subway,Midpoint (Dec 2020),0.875
10/1/2024,Subway,Worst Case (Dec 2020),0.83
10/1/2024,Subway,Best Case (Apr 2022),0.823
10/1/2024,Subway,Midpoint (Apr 2022),0.7552
10/1/2024,Subway,Worst Case (Apr 2022),0.687
10/1/2024,Bus,Best Case (Dec 2020),0.91
10/1/2024,Bus,Midpoint (Dec 2020),0.875
10/1/2024,Bus,Worst Case (Dec 2020),0.84
10/1/2024,Bus,Best Case (Apr 2022),0.854
10/1/2024,Bus,Midpoint (Apr 2022),0.7845
10/1/2024,Bus,Worst Case (Apr 2022),0.715
10/1/2024,LIRR,Best Case (Dec 2020),0.87
10/1/2024,LIRR,Midpoint (Dec 2020),0.795
10/1/2024,LIRR,Worst Case (Dec 2020),0.72
10/1/2024,LIRR,Best Case (Apr 2022),0.821
10/1/2024,LIRR,Midpoint (Apr 2022),0.7422
10/1/2024,LIRR,Worst Case (Apr 2022),0.663
10/1/2024,MNR,Best Case (Dec 2020),0.83
10/1/2024,MNR,Midpoint (Dec 2020),0.74
10/1/2024,MNR,Worst Case (Dec 2020),0.65
10/1/2024,MNR,Best Case (Apr 2022),0.773
10/1/2024,MNR,Midpoint (Apr 2022),0.6841
10/1/2024,MNR,Worst Case (Apr 2022),0.595
10/1/2024,SIR,Best Case (Dec 2020),0.92
10/1/2024,SIR,Midpoint (Dec 2020),0.875
10/1/2024,SIR,Worst Case (Dec 2020),0.83
10/1/2024,SIR,Best Case (Apr 2022),0.823
10/1/2024,SIR,Midpoint (Apr 2022),0.6872
10/1/2024,SIR,Worst Case (Apr 2022),0.687
10/1/2024,BT,Best Case (May 2020),1
10/1/2024,BT,Midpoint (May 2020),1
10/1/2024,BT,Worst Case (May 2020),1
10/1/2024,BT,Best Case (Nov 2020),1
10/1/2024,BT,Midpoint (Nov 2020),0.97
10/1/2024,BT,Worst Case (Nov 2020),0.94
10/1/2024,BT,Best Case (Dec 2020),1
10/1/2024,BT,Midpoint (Dec 2020),0.97
10/1/2024,BT,Worst Case (Dec 2020),0.94
10/1/2024,MTA Consolidated,Best Case (May 2020),1
10/1/2024,MTA Consolidated,Midpoint (May 2020),1
10/1/2024,MTA Consolidated,Worst Case (May 2020),1
10/1/2024,MTA Consolidated,Best Case (Nov 2020),0.92
10/1/2024,MTA Consolidated,Midpoint (Nov 2020),0.86
10/1/2024,MTA Consolidated,Worst Case (Nov 2020),0.8
10/1/2024,MTA Consolidated,Best Case (Dec 2020),0.91
10/1/2024,MTA Consolidated,Midpoint (Dec 2020),0.865
10/1/2024,MTA Consolidated,Worst Case (Dec 2020),0.82
10/1/2024,MTA Consolidated,Best Case (Apr 2022),0.829
10/1/2024,MTA Consolidated,Midpoint (Apr 2022),0.76
10/1/2024,MTA Consolidated,Worst Case (Apr 2022),0.69
11/1/2024,Subway,Best Case (Dec 2020),0.92
11/1/2024,Subway,Midpoint (Dec 2020),0.875
11/1/2024,Subway,Worst Case (Dec 2020),0.83
11/1/2024,Subway,Best Case (Apr 2022),0.817
11/1/2024,Subway,Midpoint (Apr 2022),0.7501
11/1/2024,Subway,Worst Case (Apr 2022),0.683
11/1/2024,Bus,Best Case (Dec 2020),0.91
11/1/2024,Bus,Midpoint (Dec 2020),0.875
11/1/2024,Bus,Worst Case (Dec 2020),0.84
11/1/2024,Bus,Best Case (Apr 2022),0.85
11/1/2024,Bus,Midpoint (Apr 2022),0.7802
11/1/2024,Bus,Worst Case (Apr 2022),0.71
11/1/2024,LIRR,Best Case (Dec 2020),0.87
11/1/2024,LIRR,Midpoint (Dec 2020),0.795
11/1/2024,LIRR,Worst Case (Dec 2020),0.72
11/1/2024,LIRR,Best Case (Apr 2022),0.82
11/1/2024,LIRR,Midpoint (Apr 2022),0.7403
11/1/2024,LIRR,Worst Case (Apr 2022),0.661
11/1/2024,MNR,Best Case (Dec 2020),0.83
11/1/2024,MNR,Midpoint (Dec 2020),0.74
11/1/2024,MNR,Worst Case (Dec 2020),0.65
11/1/2024,MNR,Best Case (Apr 2022),0.77
11/1/2024,MNR,Midpoint (Apr 2022),0.6817
11/1/2024,MNR,Worst Case (Apr 2022),0.593
11/1/2024,SIR,Best Case (Dec 2020),0.92
11/1/2024,SIR,Midpoint (Dec 2020),0.875
11/1/2024,SIR,Worst Case (Dec 2020),0.83
11/1/2024,SIR,Best Case (Apr 2022),0.817
11/1/2024,SIR,Midpoint (Apr 2022),0.6827
11/1/2024,SIR,Worst Case (Apr 2022),0.683
11/1/2024,BT,Best Case (May 2020),1
11/1/2024,BT,Midpoint (May 2020),1
11/1/2024,BT,Worst Case (May 2020),1
11/1/2024,BT,Best Case (Nov 2020),1
11/1/2024,BT,Midpoint (Nov 2020),0.97
11/1/2024,BT,Worst Case (Nov 2020),0.94
11/1/2024,BT,Best Case (Dec 2020),1
11/1/2024,BT,Midpoint (Dec 2020),0.97
11/1/2024,BT,Worst Case (Dec 2020),0.94
11/1/2024,MTA Consolidated,Best Case (May 2020),1
11/1/2024,MTA Consolidated,Midpoint (May 2020),1
11/1/2024,MTA Consolidated,Worst Case (May 2020),1
11/1/2024,MTA Consolidated,Best Case (Nov 2020),0.92
11/1/2024,MTA Consolidated,Midpoint (Nov 2020),0.86
11/1/2024,MTA Consolidated,Worst Case (Nov 2020),0.8
11/1/2024,MTA Consolidated,Best Case (Dec 2020),0.91
11/1/2024,MTA Consolidated,Midpoint (Dec 2020),0.865
11/1/2024,MTA Consolidated,Worst Case (Dec 2020),0.82
11/1/2024,MTA Consolidated,Best Case (Apr 2022),0.824
11/1/2024,MTA Consolidated,Midpoint (Apr 2022),0.755
11/1/2024,MTA Consolidated,Worst Case (Apr 2022),0.686
12/1/2024,Subway,Best Case (Dec 2020),0.92
12/1/2024,Subway,Midpoint (Dec 2020),0.875
12/1/2024,Subway,Worst Case (Dec 2020),0.83
12/1/2024,Subway,Best Case (Apr 2022),0.812
12/1/2024,Subway,Midpoint (Apr 2022),0.745
12/1/2024,Subway,Worst Case (Apr 2022),0.678
12/1/2024,Bus,Best Case (Dec 2020),0.91
12/1/2024,Bus,Midpoint (Dec 2020),0.875
12/1/2024,Bus,Worst Case (Dec 2020),0.84
12/1/2024,Bus,Best Case (Apr 2022),0.845
12/1/2024,Bus,Midpoint (Apr 2022),0.7758
12/1/2024,Bus,Worst Case (Apr 2022),0.706
12/1/2024,LIRR,Best Case (Dec 2020),0.87
12/1/2024,LIRR,Midpoint (Dec 2020),0.795
12/1/2024,LIRR,Worst Case (Dec 2020),0.72
12/1/2024,LIRR,Best Case (Apr 2022),0.819
12/1/2024,LIRR,Midpoint (Apr 2022),0.7384
12/1/2024,LIRR,Worst Case (Apr 2022),0.658
12/1/2024,MNR,Best Case (Dec 2020),0.83
12/1/2024,MNR,Midpoint (Dec 2020),0.74
12/1/2024,MNR,Worst Case (Dec 2020),0.65
12/1/2024,MNR,Best Case (Apr 2022),0.767
12/1/2024,MNR,Midpoint (Apr 2022),0.6793
12/1/2024,MNR,Worst Case (Apr 2022),0.591
12/1/2024,SIR,Best Case (Dec 2020),0.92
12/1/2024,SIR,Midpoint (Dec 2020),0.875
12/1/2024,SIR,Worst Case (Dec 2020),0.83
12/1/2024,SIR,Best Case (Apr 2022),0.812
12/1/2024,SIR,Midpoint (Apr 2022),0.6782
12/1/2024,SIR,Worst Case (Apr 2022),0.678
12/1/2024,BT,Best Case (May 2020),1
12/1/2024,BT,Midpoint (May 2020),1
12/1/2024,BT,Worst Case (May 2020),1
12/1/2024,BT,Best Case (Nov 2020),1
12/1/2024,BT,Midpoint (Nov 2020),0.97
12/1/2024,BT,Worst Case (Nov 2020),0.94
12/1/2024,BT,Best Case (Dec 2020),1
12/1/2024,BT,Midpoint (Dec 2020),0.97
12/1/2024,BT,Worst Case (Dec 2020),0.94
12/1/2024,MTA Consolidated,Best Case (May 2020),1
12/1/2024,MTA Consolidated,Midpoint (May 2020),1
12/1/2024,MTA Consolidated,Worst Case (May 2020),1
12/1/2024,MTA Consolidated,Best Case (Nov 2020),0.92
12/1/2024,MTA Consolidated,Midpoint (Nov 2020),0.86
12/1/2024,MTA Consolidated,Worst Case (Nov 2020),0.8
12/1/2024,MTA Consolidated,Best Case (Dec 2020),0.91
12/1/2024,MTA Consolidated,Midpoint (Dec 2020),0.865
12/1/2024,MTA Consolidated,Worst Case (Dec 2020),0.82
12/1/2024,MTA Consolidated,Best Case (Apr 2022),0.819
12/1/2024,MTA Consolidated,Midpoint (Apr 2022),0.75
12/1/2024,MTA Consolidated,Worst Case (Apr 2022),0.681
1/1/2025,Subway,Best Case (Apr 2022),0.798
1/1/2025,Subway,Midpoint (Apr 2022),0.733
1/1/2025,Subway,Worst Case (Apr 2022),0.668
1/1/2025,Bus,Best Case (Apr 2022),0.828
1/1/2025,Bus,Midpoint (Apr 2022),0.7593
1/1/2025,Bus,Worst Case (Apr 2022),0.691
1/1/2025,LIRR,Best Case (Apr 2022),0.815
1/1/2025,LIRR,Midpoint (Apr 2022),0.7334
1/1/2025,LIRR,Worst Case (Apr 2022),0.652
1/1/2025,MNR,Best Case (Apr 2022),0.761
1/1/2025,MNR,Midpoint (Apr 2022),0.6742
1/1/2025,MNR,Worst Case (Apr 2022),0.587
1/1/2025,SIR,Best Case (Apr 2022),0.798
1/1/2025,SIR,Midpoint (Apr 2022),0.6675
1/1/2025,SIR,Worst Case (Apr 2022),0.668
1/1/2025,MTA Consolidated,Best Case (Apr 2022),0.805
1/1/2025,MTA Consolidated,Midpoint (Apr 2022),0.738
1/1/2025,MTA Consolidated,Worst Case (Apr 2022),0.67
2/1/2025,Subway,Best Case (Apr 2022),0.801
2/1/2025,Subway,Midpoint (Apr 2022),0.7349
2/1/2025,Subway,Worst Case (Apr 2022),0.669
2/1/2025,Bus,Best Case (Apr 2022),0.836
2/1/2025,Bus,Midpoint (Apr 2022),0.7672
2/1/2025,Bus,Worst Case (Apr 2022),0.698
2/1/2025,LIRR,Best Case (Apr 2022),0.816
2/1/2025,LIRR,Midpoint (Apr 2022),0.7346
2/1/2025,LIRR,Worst Case (Apr 2022),0.653
2/1/2025,MNR,Best Case (Apr 2022),0.762
2/1/2025,MNR,Midpoint (Apr 2022),0.6745
2/1/2025,MNR,Worst Case (Apr 2022),0.587
2/1/2025,SIR,Best Case (Apr 2022),0.801
2/1/2025,SIR,Midpoint (Apr 2022),0.6692
2/1/2025,SIR,Worst Case (Apr 2022),0.669
2/1/2025,MTA Consolidated,Best Case (Apr 2022),0.809
2/1/2025,MTA Consolidated,Midpoint (Apr 2022),0.741
2/1/2025,MTA Consolidated,Worst Case (Apr 2022),0.673
3/1/2025,Subway,Best Case (Apr 2022),0.803
3/1/2025,Subway,Midpoint (Apr 2022),0.7368
3/1/2025,Subway,Worst Case (Apr 2022),0.671
3/1/2025,Bus,Best Case (Apr 2022),0.845
3/1/2025,Bus,Midpoint (Apr 2022),0.775
3/1/2025,Bus,Worst Case (Apr 2022),0.705
3/1/2025,LIRR,Best Case (Apr 2022),0.818
3/1/2025,LIRR,Midpoint (Apr 2022),0.7358
3/1/2025,LIRR,Worst Case (Apr 2022),0.654
3/1/2025,MNR,Best Case (Apr 2022),0.763
3/1/2025,MNR,Midpoint (Apr 2022),0.6749
3/1/2025,MNR,Worst Case (Apr 2022),0.587
3/1/2025,SIR,Best Case (Apr 2022),0.803
3/1/2025,SIR,Midpoint (Apr 2022),0.6709
3/1/2025,SIR,Worst Case (Apr 2022),0.671
3/1/2025,MTA Consolidated,Best Case (Apr 2022),0.813
3/1/2025,MTA Consolidated,Midpoint (Apr 2022),0.744
3/1/2025,MTA Consolidated,Worst Case (Apr 2022),0.676
4/1/2025,Subway,Best Case (Apr 2022),0.798
4/1/2025,Subway,Midpoint (Apr 2022),0.7325
4/1/2025,Subway,Worst Case (Apr 2022),0.667
4/1/2025,Bus,Best Case (Apr 2022),0.857
4/1/2025,Bus,Midpoint (Apr 2022),0.7861
4/1/2025,Bus,Worst Case (Apr 2022),0.715
4/1/2025,LIRR,Best Case (Apr 2022),0.818
4/1/2025,LIRR,Midpoint (Apr 2022),0.7357
4/1/2025,LIRR,Worst Case (Apr 2022),0.653
4/1/2025,MNR,Best Case (Apr 2022),0.762
4/1/2025,MNR,Midpoint (Apr 2022),0.6742
4/1/2025,MNR,Worst Case (Apr 2022),0.586
4/1/2025,SIR,Best Case (Apr 2022),0.798
4/1/2025,SIR,Midpoint (Apr 2022),0.667
4/1/2025,SIR,Worst Case (Apr 2022),0.667
4/1/2025,MTA Consolidated,Best Case (Apr 2022),0.813
4/1/2025,MTA Consolidated,Midpoint (Apr 2022),0.744
4/1/2025,MTA Consolidated,Worst Case (Apr 2022),0.676
5/1/2025,Subway,Best Case (Apr 2022),0.807
5/1/2025,Subway,Midpoint (Apr 2022),0.7407
5/1/2025,Subway,Worst Case (Apr 2022),0.674
5/1/2025,Bus,Best Case (Apr 2022),0.863
5/1/2025,Bus,Midpoint (Apr 2022),0.7907
5/1/2025,Bus,Worst Case (Apr 2022),0.719
5/1/2025,LIRR,Best Case (Apr 2022),0.821
5/1/2025,LIRR,Midpoint (Apr 2022),0.7381
5/1/2025,LIRR,Worst Case (Apr 2022),0.655
5/1/2025,MNR,Best Case (Apr 2022),0.764
5/1/2025,MNR,Midpoint (Apr 2022),0.6757
5/1/2025,MNR,Worst Case (Apr 2022),0.587
5/1/2025,SIR,Best Case (Apr 2022),0.807
5/1/2025,SIR,Midpoint (Apr 2022),0.6743
5/1/2025,SIR,Worst Case (Apr 2022),0.674
5/1/2025,MTA Consolidated,Best Case (Apr 2022),0.82
5/1/2025,MTA Consolidated,Midpoint (Apr 2022),0.751
5/1/2025,MTA Consolidated,Worst Case (Apr 2022),0.682
6/1/2025,Subway,Best Case (Apr 2022),0.816
6/1/2025,Subway,Midpoint (Apr 2022),0.7488
6/1/2025,Subway,Worst Case (Apr 2022),0.682
6/1/2025,Bus,Best Case (Apr 2022),0.868
6/1/2025,Bus,Midpoint (Apr 2022),0.7953
6/1/2025,Bus,Worst Case (Apr 2022),0.723
6/1/2025,LIRR,Best Case (Apr 2022),0.824
6/1/2025,LIRR,Midpoint (Apr 2022),0.7405
6/1/2025,LIRR,Worst Case (Apr 2022),0.657
6/1/2025,MNR,Best Case (Apr 2022),0.766
6/1/2025,MNR,Midpoint (Apr 2022),0.6772
6/1/2025,MNR,Worst Case (Apr 2022),0.588
6/1/2025,SIR,Best Case (Apr 2022),0.816
6/1/2025,SIR,Midpoint (Apr 2022),0.6817
6/1/2025,SIR,Worst Case (Apr 2022),0.682
6/1/2025,MTA Consolidated,Best Case (Apr 2022),0.828
6/1/2025,MTA Consolidated,Midpoint (Apr 2022),0.758
6/1/2025,MTA Consolidated,Worst Case (Apr 2022),0.688
7/1/2025,Subway,Best Case (Apr 2022),0.831
7/1/2025,Subway,Midpoint (Apr 2022),0.7621
7/1/2025,Subway,Worst Case (Apr 2022),0.694
7/1/2025,Bus,Best Case (Apr 2022),0.877
7/1/2025,Bus,Midpoint (Apr 2022),0.8035
7/1/2025,Bus,Worst Case (Apr 2022),0.73
7/1/2025,LIRR,Best Case (Apr 2022),0.825
7/1/2025,LIRR,Midpoint (Apr 2022),0.7415
7/1/2025,LIRR,Worst Case (Apr 2022),0.658
7/1/2025,MNR,Best Case (Apr 2022),0.766
7/1/2025,MNR,Midpoint (Apr 2022),0.6773
7/1/2025,MNR,Worst Case (Apr 2022),0.588
7/1/2025,SIR,Best Case (Apr 2022),0.831
7/1/2025,SIR,Midpoint (Apr 2022),0.6937
7/1/2025,SIR,Worst Case (Apr 2022),0.694
7/1/2025,MTA Consolidated,Best Case (Apr 2022),0.84
7/1/2025,MTA Consolidated,Midpoint (Apr 2022),0.769
7/1/2025,MTA Consolidated,Worst Case (Apr 2022),0.697
8/1/2025,Subway,Best Case (Apr 2022),0.834
8/1/2025,Subway,Midpoint (Apr 2022),0.7651
8/1/2025,Subway,Worst Case (Apr 2022),0.696
8/1/2025,Bus,Best Case (Apr 2022),0.878
8/1/2025,Bus,Midpoint (Apr 2022),0.8045
8/1/2025,Bus,Worst Case (Apr 2022),0.731
8/1/2025,LIRR,Best Case (Apr 2022),0.83
8/1/2025,LIRR,Midpoint (Apr 2022),0.7453
8/1/2025,LIRR,Worst Case (Apr 2022),0.661
8/1/2025,MNR,Best Case (Apr 2022),0.77
8/1/2025,MNR,Midpoint (Apr 2022),0.6802
8/1/2025,MNR,Worst Case (Apr 2022),0.591
8/1/2025,SIR,Best Case (Apr 2022),0.834
8/1/2025,SIR,Midpoint (Apr 2022),0.6963
8/1/2025,SIR,Worst Case (Apr 2022),0.696
8/1/2025,MTA Consolidated,Best Case (Apr 2022),0.843
8/1/2025,MTA Consolidated,Midpoint (Apr 2022),0.771
8/1/2025,MTA Consolidated,Worst Case (Apr 2022),0.7
9/1/2025,Subway,Best Case (Apr 2022),0.837
9/1/2025,Subway,Midpoint (Apr 2022),0.7681
9/1/2025,Subway,Worst Case (Apr 2022),0.699
9/1/2025,Bus,Best Case (Apr 2022),0.88
9/1/2025,Bus,Midpoint (Apr 2022),0.8055
9/1/2025,Bus,Worst Case (Apr 2022),0.731
9/1/2025,LIRR,Best Case (Apr 2022),0.834
9/1/2025,LIRR,Midpoint (Apr 2022),0.7491
9/1/2025,LIRR,Worst Case (Apr 2022),0.664
9/1/2025,MNR,Best Case (Apr 2022),0.773
9/1/2025,MNR,Midpoint (Apr 2022),0.683
9/1/2025,MNR,Worst Case (Apr 2022),0.593
9/1/2025,SIR,Best Case (Apr 2022),0.837
9/1/2025,SIR,Midpoint (Apr 2022),0.699
9/1/2025,SIR,Worst Case (Apr 2022),0.699
9/1/2025,MTA Consolidated,Best Case (Apr 2022),0.846
9/1/2025,MTA Consolidated,Midpoint (Apr 2022),0.774
9/1/2025,MTA Consolidated,Worst Case (Apr 2022),0.702
10/1/2025,Subway,Best Case (Apr 2022),0.85
10/1/2025,Subway,Midpoint (Apr 2022),0.7795
10/1/2025,Subway,Worst Case (Apr 2022),0.709
10/1/2025,Bus,Best Case (Apr 2022),0.887
10/1/2025,Bus,Midpoint (Apr 2022),0.812
10/1/2025,Bus,Worst Case (Apr 2022),0.737
10/1/2025,LIRR,Best Case (Apr 2022),0.844
10/1/2025,LIRR,Midpoint (Apr 2022),0.7588
10/1/2025,LIRR,Worst Case (Apr 2022),0.673
10/1/2025,MNR,Best Case (Apr 2022),0.783
10/1/2025,MNR,Midpoint (Apr 2022),0.6913
10/1/2025,MNR,Worst Case (Apr 2022),0.6
10/1/2025,SIR,Best Case (Apr 2022),0.85
10/1/2025,SIR,Midpoint (Apr 2022),0.7091
10/1/2025,SIR,Worst Case (Apr 2022),0.709
10/1/2025,MTA Consolidated,Best Case (Apr 2022),0.857
10/1/2025,MTA Consolidated,Midpoint (Apr 2022),0.784
10/1/2025,MTA Consolidated,Worst Case (Apr 2022),0.711
11/1/2025,Subway,Best Case (Apr 2022),0.844
11/1/2025,Subway,Midpoint (Apr 2022),0.7741
11/1/2025,Subway,Worst Case (Apr 2022),0.704
11/1/2025,Bus,Best Case (Apr 2022),0.882
11/1/2025,Bus,Midpoint (Apr 2022),0.8074
11/1/2025,Bus,Worst Case (Apr 2022),0.733
11/1/2025,LIRR,Best Case (Apr 2022),0.843
11/1/2025,LIRR,Midpoint (Apr 2022),0.7567
11/1/2025,LIRR,Worst Case (Apr 2022),0.67
11/1/2025,MNR,Best Case (Apr 2022),0.78
11/1/2025,MNR,Midpoint (Apr 2022),0.6888
11/1/2025,MNR,Worst Case (Apr 2022),0.597
11/1/2025,SIR,Best Case (Apr 2022),0.844
11/1/2025,SIR,Midpoint (Apr 2022),0.7043
11/1/2025,SIR,Worst Case (Apr 2022),0.704
11/1/2025,MTA Consolidated,Best Case (Apr 2022),0.851
11/1/2025,MTA Consolidated,Midpoint (Apr 2022),0.779
11/1/2025,MTA Consolidated,Worst Case (Apr 2022),0.706
12/1/2025,Subway,Best Case (Apr 2022),0.838
12/1/2025,Subway,Midpoint (Apr 2022),0.7688
12/1/2025,Subway,Worst Case (Apr 2022),0.699
12/1/2025,Bus,Best Case (Apr 2022),0.878
12/1/2025,Bus,Midpoint (Apr 2022),0.8029
12/1/2025,Bus,Worst Case (Apr 2022),0.728
12/1/2025,LIRR,Best Case (Apr 2022),0.842
12/1/2025,LIRR,Midpoint (Apr 2022),0.7547
12/1/2025,LIRR,Worst Case (Apr 2022),0.667
12/1/2025,MNR,Best Case (Apr 2022),0.778
12/1/2025,MNR,Midpoint (Apr 2022),0.6863
12/1/2025,MNR,Worst Case (Apr 2022),0.595
12/1/2025,SIR,Best Case (Apr 2022),0.838
12/1/2025,SIR,Midpoint (Apr 2022),0.6994
12/1/2025,SIR,Worst Case (Apr 2022),0.699
12/1/2025,MTA Consolidated,Best Case (Apr 2022),0.846
12/1/2025,MTA Consolidated,Midpoint (Apr 2022),0.774
12/1/2025,MTA Consolidated,Worst Case (Apr 2022),0.702
1/1/2026,Subway,Best Case (Apr 2022),0.824
1/1/2026,Subway,Midpoint (Apr 2022),0.7563
1/1/2026,Subway,Worst Case (Apr 2022),0.688
1/1/2026,Bus,Best Case (Apr 2022),0.859
1/1/2026,Bus,Midpoint (Apr 2022),0.7858
1/1/2026,Bus,Worst Case (Apr 2022),0.712
1/1/2026,LIRR,Best Case (Apr 2022),0.838
1/1/2026,LIRR,Midpoint (Apr 2022),0.7495
1/1/2026,LIRR,Worst Case (Apr 2022),0.661
1/1/2026,MNR,Best Case (Apr 2022),0.772
1/1/2026,MNR,Midpoint (Apr 2022),0.681
1/1/2026,MNR,Worst Case (Apr 2022),0.59
1/1/2026,SIR,Best Case (Apr 2022),0.824
1/1/2026,SIR,Midpoint (Apr 2022),0.6881
1/1/2026,SIR,Worst Case (Apr 2022),0.688
1/1/2026,MTA Consolidated,Best Case (Apr 2022),0.832
1/1/2026,MTA Consolidated,Midpoint (Apr 2022),0.761
1/1/2026,MTA Consolidated,Worst Case (Apr 2022),0.69
2/1/2026,Subway,Best Case (Apr 2022),0.826
2/1/2026,Subway,Midpoint (Apr 2022),0.7581
2/1/2026,Subway,Worst Case (Apr 2022),0.69
2/1/2026,Bus,Best Case (Apr 2022),0.868
2/1/2026,Bus,Midpoint (Apr 2022),0.7937
2/1/2026,Bus,Worst Case (Apr 2022),0.719
2/1/2026,LIRR,Best Case (Apr 2022),0.839
2/1/2026,LIRR,Midpoint (Apr 2022),0.7505
2/1/2026,LIRR,Worst Case (Apr 2022),0.662
2/1/2026,MNR,Best Case (Apr 2022),0.772
2/1/2026,MNR,Midpoint (Apr 2022),0.6812
2/1/2026,MNR,Worst Case (Apr 2022),0.59
2/1/2026,SIR,Best Case (Apr 2022),0.826
2/1/2026,SIR,Midpoint (Apr 2022),0.6897
2/1/2026,SIR,Worst Case (Apr 2022),0.69
2/1/2026,MTA Consolidated,Best Case (Apr 2022),0.836
2/1/2026,MTA Consolidated,Midpoint (Apr 2022),0.764
2/1/2026,MTA Consolidated,Worst Case (Apr 2022),0.692
3/1/2026,Subway,Best Case (Apr 2022),0.829
3/1/2026,Subway,Midpoint (Apr 2022),0.7599
3/1/2026,Subway,Worst Case (Apr 2022),0.691
3/1/2026,Bus,Best Case (Apr 2022),0.877
3/1/2026,Bus,Midpoint (Apr 2022),0.8017
3/1/2026,Bus,Worst Case (Apr 2022),0.726
3/1/2026,LIRR,Best Case (Apr 2022),0.841
3/1/2026,LIRR,Midpoint (Apr 2022),0.7515
3/1/2026,LIRR,Worst Case (Apr 2022),0.662
3/1/2026,MNR,Best Case (Apr 2022),0.773
3/1/2026,MNR,Midpoint (Apr 2022),0.6814
3/1/2026,MNR,Worst Case (Apr 2022),0.59
3/1/2026,SIR,Best Case (Apr 2022),0.829
3/1/2026,SIR,Midpoint (Apr 2022),0.6913
3/1/2026,SIR,Worst Case (Apr 2022),0.691
3/1/2026,MTA Consolidated,Best Case (Apr 2022),0.839
3/1/2026,MTA Consolidated,Midpoint (Apr 2022),0.767
3/1/2026,MTA Consolidated,Worst Case (Apr 2022),0.695
4/1/2026,Subway,Best Case (Apr 2022),0.823
4/1/2026,Subway,Midpoint (Apr 2022),0.7552
4/1/2026,Subway,Worst Case (Apr 2022),0.687
4/1/2026,Bus,Best Case (Apr 2022),0.89
4/1/2026,Bus,Midpoint (Apr 2022),0.813
4/1/2026,Bus,Worst Case (Apr 2022),0.736
4/1/2026,LIRR,Best Case (Apr 2022),0.841
4/1/2026,LIRR,Midpoint (Apr 2022),0.7513
4/1/2026,LIRR,Worst Case (Apr 2022),0.662
4/1/2026,MNR,Best Case (Apr 2022),0.772
4/1/2026,MNR,Midpoint (Apr 2022),0.6804
4/1/2026,MNR,Worst Case (Apr 2022),0.589
4/1/2026,SIR,Best Case (Apr 2022),0.823
4/1/2026,SIR,Midpoint (Apr 2022),0.687
4/1/2026,SIR,Worst Case (Apr 2022),0.687
4/1/2026,MTA Consolidated,Best Case (Apr 2022),0.839
4/1/2026,MTA Consolidated,Midpoint (Apr 2022),0.767
4/1/2026,MTA Consolidated,Worst Case (Apr 2022),0.695
5/1/2026,Subway,Best Case (Apr 2022),0.833
5/1/2026,Subway,Midpoint (Apr 2022),0.7635
5/1/2026,Subway,Worst Case (Apr 2022),0.694
5/1/2026,Bus,Best Case (Apr 2022),0.895
5/1/2026,Bus,Midpoint (Apr 2022),0.8177
5/1/2026,Bus,Worst Case (Apr 2022),0.74
5/1/2026,LIRR,Best Case (Apr 2022),0.843
5/1/2026,LIRR,Midpoint (Apr 2022),0.7536
5/1/2026,LIRR,Worst Case (Apr 2022),0.664
5/1/2026,MNR,Best Case (Apr 2022),0.774
5/1/2026,MNR,Midpoint (Apr 2022),0.6818
5/1/2026,MNR,Worst Case (Apr 2022),0.59
5/1/2026,SIR,Best Case (Apr 2022),0.833
5/1/2026,SIR,Midpoint (Apr 2022),0.6944
5/1/2026,SIR,Worst Case (Apr 2022),0.694
5/1/2026,MTA Consolidated,Best Case (Apr 2022),0.847
5/1/2026,MTA Consolidated,Midpoint (Apr 2022),0.774
5/1/2026,MTA Consolidated,Worst Case (Apr 2022),0.701
6/1/2026,Subway,Best Case (Apr 2022),0.842
6/1/2026,Subway,Midpoint (Apr 2022),0.7717
6/1/2026,Subway,Worst Case (Apr 2022),0.702
6/1/2026,Bus,Best Case (Apr 2022),0.9
6/1/2026,Bus,Midpoint (Apr 2022),0.8223
6/1/2026,Bus,Worst Case (Apr 2022),0.744
6/1/2026,LIRR,Best Case (Apr 2022),0.846
6/1/2026,LIRR,Midpoint (Apr 2022),0.7559
6/1/2026,LIRR,Worst Case (Apr 2022),0.665
6/1/2026,MNR,Best Case (Apr 2022),0.775
6/1/2026,MNR,Midpoint (Apr 2022),0.6832
6/1/2026,MNR,Worst Case (Apr 2022),0.591
6/1/2026,SIR,Best Case (Apr 2022),0.842
6/1/2026,SIR,Midpoint (Apr 2022),0.7019
6/1/2026,SIR,Worst Case (Apr 2022),0.702
6/1/2026,MTA Consolidated,Best Case (Apr 2022),0.854
6/1/2026,MTA Consolidated,Midpoint (Apr 2022),0.781
6/1/2026,MTA Consolidated,Worst Case (Apr 2022),0.707
7/1/2026,Subway,Best Case (Apr 2022),0.856
7/1/2026,Subway,Midpoint (Apr 2022),0.7852
7/1/2026,Subway,Worst Case (Apr 2022),0.714
7/1/2026,Bus,Best Case (Apr 2022),0.91
7/1/2026,Bus,Midpoint (Apr 2022),0.8307
7/1/2026,Bus,Worst Case (Apr 2022),0.752
7/1/2026,LIRR,Best Case (Apr 2022),0.847
7/1/2026,LIRR,Midpoint (Apr 2022),0.7567
7/1/2026,LIRR,Worst Case (Apr 2022),0.666
7/1/2026,MNR,Best Case (Apr 2022),0.776
7/1/2026,MNR,Midpoint (Apr 2022),0.6832
7/1/2026,MNR,Worst Case (Apr 2022),0.591
7/1/2026,SIR,Best Case (Apr 2022),0.856
7/1/2026,SIR,Midpoint (Apr 2022),0.7141
7/1/2026,SIR,Worst Case (Apr 2022),0.714
7/1/2026,MTA Consolidated,Best Case (Apr 2022),0.867
7/1/2026,MTA Consolidated,Midpoint (Apr 2022),0.792
7/1/2026,MTA Consolidated,Worst Case (Apr 2022),0.717
8/1/2026,Subway,Best Case (Apr 2022),0.86
8/1/2026,Subway,Midpoint (Apr 2022),0.7882
8/1/2026,Subway,Worst Case (Apr 2022),0.717
8/1/2026,Bus,Best Case (Apr 2022),0.911
8/1/2026,Bus,Midpoint (Apr 2022),0.8316
8/1/2026,Bus,Worst Case (Apr 2022),0.752
8/1/2026,LIRR,Best Case (Apr 2022),0.852
8/1/2026,LIRR,Midpoint (Apr 2022),0.7605
8/1/2026,LIRR,Worst Case (Apr 2022),0.669
8/1/2026,MNR,Best Case (Apr 2022),0.779
8/1/2026,MNR,Midpoint (Apr 2022),0.686
8/1/2026,MNR,Worst Case (Apr 2022),0.593
8/1/2026,SIR,Best Case (Apr 2022),0.86
8/1/2026,SIR,Midpoint (Apr 2022),0.7167
8/1/2026,SIR,Worst Case (Apr 2022),0.717
8/1/2026,MTA Consolidated,Best Case (Apr 2022),0.87
8/1/2026,MTA Consolidated,Midpoint (Apr 2022),0.794
8/1/2026,MTA Consolidated,Worst Case (Apr 2022),0.719
9/1/2026,Subway,Best Case (Apr 2022),0.863
9/1/2026,Subway,Midpoint (Apr 2022),0.7912
9/1/2026,Subway,Worst Case (Apr 2022),0.719
9/1/2026,Bus,Best Case (Apr 2022),0.912
9/1/2026,Bus,Midpoint (Apr 2022),0.8326
9/1/2026,Bus,Worst Case (Apr 2022),0.753
9/1/2026,LIRR,Best Case (Apr 2022),0.856
9/1/2026,LIRR,Midpoint (Apr 2022),0.7643
9/1/2026,LIRR,Worst Case (Apr 2022),0.672
9/1/2026,MNR,Best Case (Apr 2022),0.783
9/1/2026,MNR,Midpoint (Apr 2022),0.6888
9/1/2026,MNR,Worst Case (Apr 2022),0.595
9/1/2026,SIR,Best Case (Apr 2022),0.863
9/1/2026,SIR,Midpoint (Apr 2022),0.7193
9/1/2026,SIR,Worst Case (Apr 2022),0.719
9/1/2026,MTA Consolidated,Best Case (Apr 2022),0.872
9/1/2026,MTA Consolidated,Midpoint (Apr 2022),0.797
9/1/2026,MTA Consolidated,Worst Case (Apr 2022),0.721
10/1/2026,Subway,Best Case (Apr 2022),0.866
10/1/2026,Subway,Midpoint (Apr 2022),0.7942
10/1/2026,Subway,Worst Case (Apr 2022),0.722
10/1/2026,Bus,Best Case (Apr 2022),0.914
10/1/2026,Bus,Midpoint (Apr 2022),0.8335
10/1/2026,Bus,Worst Case (Apr 2022),0.754
10/1/2026,LIRR,Best Case (Apr 2022),0.861
10/1/2026,LIRR,Midpoint (Apr 2022),0.768
10/1/2026,LIRR,Worst Case (Apr 2022),0.675
10/1/2026,MNR,Best Case (Apr 2022),0.786
10/1/2026,MNR,Midpoint (Apr 2022),0.6916
10/1/2026,MNR,Worst Case (Apr 2022),0.597
10/1/2026,SIR,Best Case (Apr 2022),0.866
10/1/2026,SIR,Midpoint (Apr 2022),0.7219
10/1/2026,SIR,Worst Case (Apr 2022),0.722
10/1/2026,MTA Consolidated,Best Case (Apr 2022),0.875
10/1/2026,MTA Consolidated,Midpoint (Apr 2022),0.799
10/1/2026,MTA Consolidated,Worst Case (Apr 2022),0.723
11/1/2026,Subway,Best Case (Apr 2022),0.87
11/1/2026,Subway,Midpoint (Apr 2022),0.7972
11/1/2026,Subway,Worst Case (Apr 2022),0.725
11/1/2026,Bus,Best Case (Apr 2022),0.915
11/1/2026,Bus,Midpoint (Apr 2022),0.8345
11/1/2026,Bus,Worst Case (Apr 2022),0.754
11/1/2026,LIRR,Best Case (Apr 2022),0.865
11/1/2026,LIRR,Midpoint (Apr 2022),0.7718
11/1/2026,LIRR,Worst Case (Apr 2022),0.678
11/1/2026,MNR,Best Case (Apr 2022),0.79
11/1/2026,MNR,Midpoint (Apr 2022),0.6944
11/1/2026,MNR,Worst Case (Apr 2022),0.599
11/1/2026,SIR,Best Case (Apr 2022),0.87
11/1/2026,SIR,Midpoint (Apr 2022),0.7245
11/1/2026,SIR,Worst Case (Apr 2022),0.725
11/1/2026,MTA Consolidated,Best Case (Apr 2022),0.878
11/1/2026,MTA Consolidated,Midpoint (Apr 2022),0.802
11/1/2026,MTA Consolidated,Worst Case (Apr 2022),0.725
12/1/2026,Subway,Best Case (Apr 2022),0.873
12/1/2026,Subway,Midpoint (Apr 2022),0.8002
12/1/2026,Subway,Worst Case (Apr 2022),0.727
12/1/2026,Bus,Best Case (Apr 2022),0.916
12/1/2026,Bus,Midpoint (Apr 2022),0.8355
12/1/2026,Bus,Worst Case (Apr 2022),0.755
12/1/2026,LIRR,Best Case (Apr 2022),0.87
12/1/2026,LIRR,Midpoint (Apr 2022),0.7756
12/1/2026,LIRR,Worst Case (Apr 2022),0.681
12/1/2026,MNR,Best Case (Apr 2022),0.793
12/1/2026,MNR,Midpoint (Apr 2022),0.6972
12/1/2026,MNR,Worst Case (Apr 2022),0.601
12/1/2026,SIR,Best Case (Apr 2022),0.873
12/1/2026,SIR,Midpoint (Apr 2022),0.7271
12/1/2026,SIR,Worst Case (Apr 2022),0.727
12/1/2026,MTA Consolidated,Best Case (Apr 2022),0.881
12/1/2026,MTA Consolidated,Midpoint (Apr 2022),0.804
12/1/2026,MTA Consolidated,Worst Case (Apr 2022),0.728
