Date,Mode,Count
3/1/2020,AAR,"19,922"
3/1/2020,Subway,"2,212,965"
3/1/2020,SIR,"1,636"
3/1/2020,LIRR,"86,790"
3/1/2020,Bus,"984,908"
3/1/2020,BT,"690,074"
3/1/2020,MNR,"55,825"
3/2/2020,BT,"766,591"
3/2/2020,Subway,"5,329,915"
3/2/2020,SIR,"17,140"
3/2/2020,MNR,"180,701"
3/2/2020,LIRR,"321,569"
3/2/2020,Bus,"2,209,066"
3/2/2020,AAR,"30,338"
3/3/2020,BT,"773,392"
3/3/2020,Subway,"5,481,103"
3/3/2020,SIR,"17,453"
3/3/2020,MNR,"190,648"
3/3/2020,LIRR,"319,727"
3/3/2020,Bus,"2,228,608"
3/3/2020,AAR,"32,767"
3/4/2020,AAR,"34,297"
3/4/2020,Subway,"5,498,809"
3/4/2020,SIR,"17,136"
3/4/2020,MNR,"192,689"
3/4/2020,LIRR,"311,662"
3/4/2020,Bus,"2,177,165"
3/4/2020,BT,"794,316"
3/5/2020,MNR,"194,386"
3/5/2020,Subway,"5,496,453"
3/5/2020,SIR,"17,203"
3/5/2020,LIRR,"307,597"
3/5/2020,Bus,"2,244,515"
3/5/2020,BT,"816,054"
3/5/2020,AAR,"33,209"
3/6/2020,BT,"830,505"
3/6/2020,Subway,"5,189,447"
3/6/2020,SIR,"15,285"
3/6/2020,MNR,"205,056"
3/6/2020,LIRR,"289,171"
3/6/2020,Bus,"2,066,743"
3/6/2020,AAR,"30,970"
3/7/2020,BT,"722,378"
3/7/2020,Subway,"2,814,637"
3/7/2020,SIR,"2,445"
3/7/2020,MNR,"75,838"
3/7/2020,LIRR,"106,058"
3/7/2020,Bus,"1,249,085"
3/7/2020,AAR,"18,117"
3/8/2020,BT,"669,603"
3/8/2020,Subway,"2,120,656"
3/8/2020,SIR,"1,672"
3/8/2020,MNR,"60,800"
3/8/2020,LIRR,"81,565"
3/8/2020,Bus,"957,163"
3/8/2020,AAR,"19,477"
3/9/2020,AAR,"29,609"
3/9/2020,Subway,"4,973,513"
3/9/2020,SIR,"16,122"
3/9/2020,MNR,"183,953"
3/9/2020,LIRR,"277,001"
3/9/2020,Bus,"2,124,770"
3/9/2020,BT,"754,118"
3/10/2020,AAR,"31,315"
3/10/2020,Subway,"4,867,818"
3/10/2020,SIR,"15,805"
3/10/2020,MNR,"179,050"
3/10/2020,LIRR,"259,324"
3/10/2020,Bus,"2,111,989"
3/10/2020,BT,"747,295"
3/11/2020,BT,"757,001"
3/11/2020,Subway,"4,697,122"
3/11/2020,SIR,"15,340"
3/11/2020,MNR,"175,074"
3/11/2020,LIRR,"245,798"
3/11/2020,Bus,"2,112,967"
3/11/2020,AAR,"32,198"
3/12/2020,BT,"772,233"
3/12/2020,Subway,"4,149,505"
3/12/2020,SIR,"14,169"
3/12/2020,MNR,"169,547"
3/12/2020,LIRR,"197,178"
3/12/2020,Bus,"1,938,424"
3/12/2020,AAR,"30,814"
3/13/2020,BT,"751,270"
3/13/2020,Subway,"3,484,996"
3/13/2020,SIR,"11,769"
3/13/2020,MNR,"167,176"
3/13/2020,LIRR,"158,582"
3/13/2020,Bus,"1,715,737"
3/13/2020,AAR,"26,640"
3/14/2020,AAR,"13,394"
3/14/2020,Subway,"1,670,665"
3/14/2020,SIR,"2,135"
3/14/2020,MNR,"39,701"
3/14/2020,LIRR,"44,885"
3/14/2020,Bus,"993,287"
3/14/2020,BT,"544,028"
3/15/2020,AAR,"12,480"
3/15/2020,Subway,"1,157,711"
3/15/2020,SIR,"1,368"
3/15/2020,MNR,"32,641"
3/15/2020,LIRR,"33,407"
3/15/2020,Bus,"711,555"
3/15/2020,BT,"461,936"
3/16/2020,BT,"615,758"
3/16/2020,Subway,"2,178,555"
3/16/2020,SIR,"5,741"
3/16/2020,MNR,"153,262"
3/16/2020,LIRR,"119,333"
3/16/2020,Bus,"1,237,309"
3/16/2020,AAR,"21,145"
3/17/2020,BT,"561,066"
3/17/2020,Subway,"1,788,786"
3/17/2020,SIR,"4,573"
3/17/2020,MNR,"147,391"
3/17/2020,LIRR,"83,578"
3/17/2020,Bus,"1,094,949"
3/17/2020,AAR,"18,173"
3/18/2020,AAR,"15,942"
3/18/2020,Subway,"1,625,280"
3/18/2020,SIR,"4,133"
3/18/2020,MNR,"146,118"
3/18/2020,LIRR,"74,883"
3/18/2020,Bus,"1,059,502"
3/18/2020,BT,"545,521"
3/19/2020,AAR,"14,116"
3/19/2020,Subway,"1,422,112"
3/19/2020,SIR,"3,452"
3/19/2020,MNR,"144,466"
3/19/2020,LIRR,"59,538"
3/19/2020,Bus,"933,602"
3/19/2020,BT,"487,894"
3/20/2020,Bus,"868,602"
3/20/2020,Subway,"1,309,125"
3/20/2020,SIR,"3,124"
3/20/2020,AAR,"12,744"
3/20/2020,MNR,"145,160"
3/20/2020,LIRR,"50,021"
3/20/2020,BT,"483,475"
3/21/2020,BT,"327,396"
3/21/2020,Subway,"619,618"
3/21/2020,SIR,"1,044"
3/21/2020,MNR,"23,700"
3/21/2020,LIRR,"12,438"
3/21/2020,Bus,"411,491"
3/21/2020,AAR,"6,467"
3/22/2020,BT,"237,248"
3/22/2020,Subway,"408,723"
3/22/2020,SIR,641
3/22/2020,MNR,"20,830"
3/22/2020,LIRR,"8,891"
3/22/2020,Bus,"73,517"
3/22/2020,AAR,"4,824"
3/23/2020,AAR,"9,902"
3/23/2020,Subway,"709,499"
3/23/2020,SIR,"1,639"
3/23/2020,MNR,"139,285"
3/23/2020,LIRR,"30,564"
3/23/2020,Bus,"59,321"
3/23/2020,BT,"307,988"
3/24/2020,AAR,"9,133"
3/24/2020,Subway,"741,587"
3/24/2020,SIR,"1,727"
3/24/2020,MNR,"139,194"
3/24/2020,LIRR,"29,785"
3/24/2020,Bus,"60,334"
3/24/2020,BT,"336,568"
3/25/2020,BT,"318,687"
3/25/2020,Subway,"690,032"
3/25/2020,SIR,"1,572"
3/25/2020,MNR,"138,239"
3/25/2020,LIRR,"26,143"
3/25/2020,Bus,"51,769"
3/25/2020,AAR,"9,512"
3/26/2020,BT,"331,502"
3/26/2020,Subway,"680,360"
3/26/2020,SIR,"1,563"
3/26/2020,MNR,"138,668"
3/26/2020,LIRR,"23,809"
3/26/2020,Bus,"49,970"
3/26/2020,AAR,"8,795"
3/27/2020,AAR,"8,409"
3/27/2020,Subway,"656,817"
3/27/2020,SIR,"1,495"
3/27/2020,MNR,"138,903"
3/27/2020,LIRR,"20,355"
3/27/2020,Bus,"45,514"
3/27/2020,BT,"337,501"
3/28/2020,MNR,"19,088"
3/28/2020,Subway,"332,393"
3/28/2020,SIR,600
3/28/2020,LIRR,"5,279"
3/28/2020,Bus,"19,745"
3/28/2020,BT,"203,924"
3/28/2020,AAR,"4,491"
3/29/2020,BT,"167,032"
3/29/2020,Subway,"263,700"
3/29/2020,SIR,419
3/29/2020,MNR,"18,152"
3/29/2020,LIRR,"4,358"
3/29/2020,Bus,"14,307"
3/29/2020,AAR,"3,374"
3/30/2020,BT,"292,157"
3/30/2020,Subway,"545,215"
3/30/2020,SIR,"1,140"
3/30/2020,MNR,"137,762"
3/30/2020,LIRR,"19,741"
3/30/2020,Bus,"33,659"
3/30/2020,AAR,"8,084"
3/31/2020,BT,"285,703"
3/31/2020,Subway,"508,106"
3/31/2020,SIR,"1,043"
3/31/2020,MNR,"137,464"
3/31/2020,LIRR,"16,194"
3/31/2020,Bus,"32,211"
3/31/2020,AAR,"7,672"
4/1/2020,AAR,"8,151"
4/1/2020,Subway,"513,481"
4/1/2020,SIR,720
4/1/2020,MNR,"9,300"
4/1/2020,LIRR,"10,548"
4/1/2020,Bus,"29,373"
4/1/2020,BT,"289,625"
4/2/2020,AAR,"7,077"
4/2/2020,Subway,"485,586"
4/2/2020,SIR,882
4/2/2020,MNR,"9,492"
4/2/2020,LIRR,"10,057"
4/2/2020,Bus,"26,788"
4/2/2020,BT,"287,703"
4/3/2020,BT,"288,361"
4/3/2020,Subway,"483,357"
4/3/2020,SIR,843
4/3/2020,MNR,"9,770"
4/3/2020,LIRR,"9,657"
4/3/2020,Bus,"24,418"
4/3/2020,AAR,"7,794"
4/4/2020,BT,"207,438"
4/4/2020,Subway,"282,278"
4/4/2020,SIR,425
4/4/2020,MNR,"4,451"
4/4/2020,LIRR,"3,727"
4/4/2020,Bus,"13,168"
4/4/2020,AAR,"4,375"
4/5/2020,AAR,"2,763"
4/5/2020,Subway,"227,303"
4/5/2020,SIR,300
4/5/2020,MNR,"3,601"
4/5/2020,LIRR,"2,969"
4/5/2020,Bus,"9,748"
4/5/2020,BT,"178,015"
4/6/2020,MNR,"9,832"
4/6/2020,Subway,"445,454"
4/6/2020,SIR,819
4/6/2020,LIRR,"10,127"
4/6/2020,Bus,"22,418"
4/6/2020,BT,"284,125"
4/6/2020,AAR,"7,093"
4/7/2020,Bus,"21,623"
4/7/2020,Subway,"434,986"
4/7/2020,SIR,732
4/7/2020,AAR,"7,041"
4/7/2020,MNR,"9,589"
4/7/2020,LIRR,"9,312"
4/7/2020,BT,"284,087"
4/8/2020,BT,"275,495"
4/8/2020,Subway,"427,485"
4/8/2020,SIR,721
4/8/2020,MNR,"9,292"
4/8/2020,LIRR,"9,039"
4/8/2020,Bus,"20,361"
4/8/2020,AAR,"6,950"
4/9/2020,BT,"257,761"
4/9/2020,Subway,"404,635"
4/9/2020,SIR,690
4/9/2020,MNR,"8,931"
4/9/2020,LIRR,"8,413"
4/9/2020,Bus,"18,734"
4/9/2020,AAR,"6,243"
4/10/2020,AAR,"5,378"
4/10/2020,Subway,"400,275"
4/10/2020,SIR,672
4/10/2020,MNR,"9,573"
4/10/2020,LIRR,"8,247"
4/10/2020,Bus,"17,135"
4/10/2020,BT,"267,101"
4/11/2020,MNR,"4,179"
4/11/2020,Subway,"257,061"
4/11/2020,SIR,406
4/11/2020,LIRR,"2,749"
4/11/2020,Bus,"9,718"
4/11/2020,BT,"217,170"
4/11/2020,AAR,"4,235"
4/12/2020,BT,"185,082"
4/12/2020,Subway,"198,399"
4/12/2020,SIR,294
4/12/2020,MNR,"3,281"
4/12/2020,LIRR,"2,245"
4/12/2020,Bus,"7,041"
4/12/2020,AAR,"2,525"
4/13/2020,BT,"241,674"
4/13/2020,Subway,"363,312"
4/13/2020,SIR,649
4/13/2020,MNR,"8,824"
4/13/2020,LIRR,"8,192"
4/13/2020,Bus,"14,408"
4/13/2020,AAR,"6,205"
4/14/2020,BT,"302,390"
4/14/2020,Subway,"430,155"
4/14/2020,SIR,791
4/14/2020,MNR,"9,592"
4/14/2020,LIRR,"8,816"
4/14/2020,Bus,"17,937"
4/14/2020,AAR,"6,585"
4/15/2020,AAR,"6,928"
4/15/2020,Subway,"419,059"
4/15/2020,SIR,792
4/15/2020,MNR,"9,492"
4/15/2020,LIRR,"8,596"
4/15/2020,Bus,"16,895"
4/15/2020,BT,"290,010"
4/16/2020,AAR,"6,563"
4/16/2020,Subway,"420,223"
4/16/2020,SIR,790
4/16/2020,MNR,"9,528"
4/16/2020,LIRR,"8,462"
4/16/2020,Bus,"16,632"
4/16/2020,BT,"295,000"
4/17/2020,BT,"323,119"
4/17/2020,Subway,"432,368"
4/17/2020,SIR,738
4/17/2020,MNR,"9,989"
4/17/2020,LIRR,"8,271"
4/17/2020,Bus,"16,350"
4/17/2020,AAR,"7,048"
4/18/2020,BT,"215,953"
4/18/2020,Subway,"254,453"
4/18/2020,SIR,339
4/18/2020,MNR,"3,965"
4/18/2020,LIRR,"2,449"
4/18/2020,Bus,"8,115"
4/18/2020,AAR,"4,202"
4/19/2020,BT,"236,862"
4/19/2020,Subway,"224,411"
4/19/2020,SIR,340
4/19/2020,MNR,"3,884"
4/19/2020,LIRR,"2,159"
4/19/2020,Bus,"6,929"
4/19/2020,AAR,"2,742"
4/20/2020,AAR,"7,050"
4/20/2020,Subway,"437,852"
4/20/2020,SIR,770
4/20/2020,MNR,"10,063"
4/20/2020,LIRR,"8,912"
4/20/2020,Bus,"16,522"
4/20/2020,BT,"316,291"
4/21/2020,AAR,"6,613"
4/21/2020,Subway,"422,107"
4/21/2020,SIR,753
4/21/2020,MNR,"9,374"
4/21/2020,LIRR,"8,264"
4/21/2020,Bus,"15,231"
4/21/2020,BT,"301,581"
4/22/2020,BT,"340,320"
4/22/2020,Subway,"458,781"
4/22/2020,SIR,793
4/22/2020,MNR,"9,694"
4/22/2020,LIRR,"8,674"
4/22/2020,Bus,"16,487"
4/22/2020,AAR,"7,496"
4/23/2020,BT,"328,530"
4/23/2020,Subway,"453,520"
4/23/2020,SIR,780
4/23/2020,MNR,"9,527"
4/23/2020,LIRR,"8,425"
4/23/2020,Bus,"15,786"
4/23/2020,AAR,"6,969"
4/24/2020,AAR,"7,040"
4/24/2020,Subway,"443,956"
4/24/2020,SIR,688
4/24/2020,MNR,"9,722"
4/24/2020,LIRR,"7,821"
4/24/2020,Bus,"14,237"
4/24/2020,BT,"330,440"
4/25/2020,AAR,"4,719"
4/25/2020,Subway,"295,387"
4/25/2020,SIR,449
4/25/2020,MNR,"4,987"
4/25/2020,LIRR,"2,869"
4/25/2020,Bus,"8,832"
4/25/2020,BT,"301,092"
4/26/2020,Bus,"5,498"
4/26/2020,Subway,"218,787"
4/26/2020,SIR,309
4/26/2020,AAR,"2,506"
4/26/2020,MNR,"3,495"
4/26/2020,LIRR,"1,903"
4/26/2020,BT,"197,375"
4/27/2020,BT,"326,068"
4/27/2020,Subway,"462,888"
4/27/2020,SIR,812
4/27/2020,MNR,"10,243"
4/27/2020,LIRR,"8,828"
4/27/2020,Bus,"15,283"
4/27/2020,AAR,"6,922"
4/28/2020,BT,"372,121"
4/28/2020,Subway,"489,247"
4/28/2020,SIR,826
4/28/2020,MNR,"10,531"
4/28/2020,LIRR,"9,167"
4/28/2020,Bus,"16,380"
4/28/2020,AAR,"7,542"
4/29/2020,AAR,"7,844"
4/29/2020,Subway,"477,799"
4/29/2020,SIR,790
4/29/2020,MNR,"10,165"
4/29/2020,LIRR,"9,100"
4/29/2020,Bus,"15,406"
4/29/2020,BT,"348,833"
4/30/2020,AAR,"7,253"
4/30/2020,Subway,"465,869"
4/30/2020,SIR,764
4/30/2020,MNR,"9,971"
4/30/2020,LIRR,"9,335"
4/30/2020,Bus,"14,062"
4/30/2020,BT,"344,704"
5/1/2020,BT,"379,886"
5/1/2020,Subway,"494,549"
5/1/2020,SIR,763
5/1/2020,MNR,"9,206"
5/1/2020,LIRR,"6,200"
5/1/2020,Bus,"14,893"
5/1/2020,AAR,"8,332"
5/2/2020,BT,"345,806"
5/2/2020,Subway,"325,865"
5/2/2020,SIR,489
5/2/2020,MNR,"5,908"
5/2/2020,LIRR,"3,959"
5/2/2020,Bus,"8,912"
5/2/2020,AAR,"5,493"
5/3/2020,AAR,"3,263"
5/3/2020,Subway,"258,865"
5/3/2020,SIR,334
5/3/2020,MNR,"4,839"
5/3/2020,LIRR,"3,314"
5/3/2020,Bus,"6,404"
5/3/2020,BT,"303,778"
5/4/2020,MNR,"10,764"
5/4/2020,Subway,"511,866"
5/4/2020,SIR,897
5/4/2020,LIRR,"11,158"
5/4/2020,Bus,"16,315"
5/4/2020,BT,"381,469"
5/4/2020,AAR,"8,287"
5/5/2020,BT,"393,984"
5/5/2020,Subway,"522,085"
5/5/2020,SIR,894
5/5/2020,MNR,"10,604"
5/5/2020,LIRR,"13,265"
5/5/2020,Bus,"16,377"
5/5/2020,AAR,"8,445"
5/6/2020,BT,"378,599"
5/6/2020,Subway,"508,824"
5/6/2020,SIR,822
5/6/2020,MNR,"10,107"
5/6/2020,LIRR,"14,489"
5/6/2020,Bus,"15,677"
5/6/2020,AAR,"8,832"
5/7/2020,BT,"417,360"
5/7/2020,Subway,"535,073"
5/7/2020,SIR,930
5/7/2020,MNR,"11,247"
5/7/2020,LIRR,"16,139"
5/7/2020,Bus,"16,130"
5/7/2020,AAR,"8,509"
5/8/2020,AAR,"8,656"
5/8/2020,Subway,"526,054"
5/8/2020,SIR,811
5/8/2020,MNR,"11,242"
5/8/2020,LIRR,"15,714"
5/8/2020,Bus,"14,571"
5/8/2020,BT,"414,244"
5/9/2020,AAR,"5,055"
5/9/2020,Subway,"316,883"
5/9/2020,SIR,489
5/9/2020,MNR,"6,017"
5/9/2020,LIRR,"7,651"
5/9/2020,Bus,"7,594"
5/9/2020,BT,"315,809"
5/10/2020,BT,"355,358"
5/10/2020,Subway,"271,947"
5/10/2020,SIR,406
5/10/2020,MNR,"5,878"
5/10/2020,LIRR,"7,990"
5/10/2020,Bus,"6,367"
5/10/2020,AAR,"3,962"
5/11/2020,BT,"390,499"
5/11/2020,Subway,"520,873"
5/11/2020,SIR,829
5/11/2020,MNR,"11,434"
5/11/2020,LIRR,"18,349"
5/11/2020,Bus,"15,176"
5/11/2020,AAR,"7,636"
5/12/2020,AAR,"8,271"
5/12/2020,Subway,"553,372"
5/12/2020,SIR,914
5/12/2020,MNR,"11,488"
5/12/2020,LIRR,"19,018"
5/12/2020,Bus,"15,989"
5/12/2020,BT,"416,060"
5/13/2020,MNR,"11,931"
5/13/2020,Subway,"565,377"
5/13/2020,SIR,956
5/13/2020,LIRR,"19,356"
5/13/2020,Bus,"16,170"
5/13/2020,BT,"435,051"
5/13/2020,AAR,"9,437"
5/14/2020,LIRR,"19,310"
5/14/2020,Subway,"567,392"
5/14/2020,SIR,923
5/14/2020,BT,"444,415"
5/14/2020,AAR,"8,855"
5/14/2020,MNR,"12,131"
5/14/2020,Bus,"15,905"
5/15/2020,BT,"484,177"
5/15/2020,Subway,"587,808"
5/15/2020,SIR,976
5/15/2020,MNR,"12,936"
5/15/2020,LIRR,"20,092"
5/15/2020,Bus,"15,481"
5/15/2020,AAR,"9,473"
5/16/2020,BT,"411,404"
5/16/2020,Subway,"360,844"
5/16/2020,SIR,485
5/16/2020,MNR,"8,100"
5/16/2020,LIRR,"11,075"
5/16/2020,Bus,"8,742"
5/16/2020,AAR,"5,947"
5/17/2020,AAR,"3,577"
5/17/2020,Subway,"287,418"
5/17/2020,SIR,337
5/17/2020,MNR,"6,168"
5/17/2020,LIRR,"8,793"
5/17/2020,Bus,"6,504"
5/17/2020,BT,"336,478"
5/18/2020,MNR,"13,141"
5/18/2020,Subway,"595,469"
5/18/2020,SIR,"1,036"
5/18/2020,LIRR,"22,113"
5/18/2020,Bus,"17,206"
5/18/2020,BT,"431,981"
5/18/2020,AAR,"8,969"
5/19/2020,BT,"455,808"
5/19/2020,Subway,"610,884"
5/19/2020,SIR,"1,067"
5/19/2020,MNR,"12,777"
5/19/2020,LIRR,"21,599"
5/19/2020,Bus,"17,296"
5/19/2020,AAR,"9,290"
5/20/2020,BT,"465,004"
5/20/2020,Subway,"623,749"
5/20/2020,SIR,"1,044"
5/20/2020,MNR,"12,753"
5/20/2020,LIRR,"22,224"
5/20/2020,Bus,"17,674"
5/20/2020,AAR,"10,224"
5/21/2020,BT,"502,922"
5/21/2020,Subway,"629,298"
5/21/2020,SIR,"1,069"
5/21/2020,MNR,"13,294"
5/21/2020,LIRR,"22,585"
5/21/2020,Bus,"17,565"
5/21/2020,AAR,"9,731"
5/22/2020,AAR,"9,782"
5/22/2020,Subway,"633,883"
5/22/2020,SIR,"1,046"
5/22/2020,MNR,"14,711"
5/22/2020,LIRR,"22,830"
5/22/2020,Bus,"16,453"
5/22/2020,BT,"542,006"
5/23/2020,AAR,"5,550"
5/23/2020,Subway,"335,830"
5/23/2020,SIR,420
5/23/2020,MNR,"7,613"
5/23/2020,LIRR,"10,983"
5/23/2020,Bus,"7,186"
5/23/2020,BT,"334,555"
5/24/2020,BT,"394,315"
5/24/2020,Subway,"320,015"
5/24/2020,SIR,361
5/24/2020,MNR,"8,977"
5/24/2020,LIRR,"11,871"
5/24/2020,Bus,"6,642"
5/24/2020,AAR,"4,117"
5/25/2020,BT,"383,110"
5/25/2020,Subway,"393,918"
5/25/2020,SIR,441
5/25/2020,MNR,"12,982"
5/25/2020,LIRR,"19,321"
5/25/2020,Bus,"7,996"
5/25/2020,AAR,"5,428"
5/26/2020,BT,"506,197"
5/26/2020,Subway,"656,766"
5/26/2020,SIR,"1,173"
5/26/2020,MNR,"14,937"
5/26/2020,LIRR,"26,691"
5/26/2020,Bus,"17,819"
5/26/2020,AAR,"9,875"
5/27/2020,AAR,"11,088"
5/27/2020,Subway,"674,465"
5/27/2020,SIR,"1,240"
5/27/2020,MNR,"14,432"
5/27/2020,LIRR,"26,483"
5/27/2020,Bus,"17,911"
5/27/2020,BT,"516,570"
5/28/2020,AAR,"10,030"
5/28/2020,Subway,"658,057"
5/28/2020,SIR,"1,191"
5/28/2020,MNR,"14,161"
5/28/2020,LIRR,"25,175"
5/28/2020,Bus,"17,535"
5/28/2020,BT,"503,174"
5/29/2020,BT,"517,166"
5/29/2020,Subway,"657,259"
5/29/2020,SIR,"1,094"
5/29/2020,MNR,"15,697"
5/29/2020,LIRR,"25,070"
5/29/2020,Bus,"16,378"
5/29/2020,AAR,"10,185"
5/30/2020,BT,"461,626"
5/30/2020,Subway,"426,737"
5/30/2020,SIR,18
5/30/2020,MNR,"11,003"
5/30/2020,LIRR,"15,557"
5/30/2020,Bus,"9,112"
5/30/2020,AAR,"6,143"
5/31/2020,AAR,"4,216"
5/31/2020,Subway,"344,426"
5/31/2020,SIR,2
5/31/2020,MNR,"9,390"
5/31/2020,LIRR,"13,554"
5/31/2020,Bus,"6,724"
5/31/2020,BT,"426,968"
6/1/2020,AAR,"10,760"
6/1/2020,Subway,"687,162"
6/1/2020,SIR,"1,358"
6/1/2020,MNR,"16,184"
6/1/2020,LIRR,"34,339"
6/1/2020,Bus,"17,833"
6/1/2020,BT,"511,968"
6/2/2020,Bus,"16,576"
6/2/2020,Subway,"693,760"
6/2/2020,SIR,"1,516"
6/2/2020,AAR,"11,206"
6/2/2020,MNR,"16,294"
6/2/2020,LIRR,"33,769"
6/2/2020,BT,"497,721"
6/3/2020,BT,"500,559"
6/3/2020,Subway,"681,714"
6/3/2020,SIR,"1,323"
6/3/2020,MNR,"15,649"
6/3/2020,LIRR,"32,523"
6/3/2020,Bus,"17,830"
6/3/2020,AAR,"11,962"
6/4/2020,BT,"562,094"
6/4/2020,Subway,"726,672"
6/4/2020,SIR,"1,346"
6/4/2020,MNR,"17,149"
6/4/2020,LIRR,"29,771"
6/4/2020,Bus,"18,538"
6/4/2020,AAR,"12,000"
6/5/2020,AAR,"11,698"
6/5/2020,Subway,"703,576"
6/5/2020,SIR,"1,249"
6/5/2020,MNR,"18,065"
6/5/2020,LIRR,"33,482"
6/5/2020,Bus,"16,863"
6/5/2020,BT,"555,332"
6/6/2020,AAR,"6,591"
6/6/2020,Subway,"464,198"
6/6/2020,SIR,9
6/6/2020,MNR,"12,179"
6/6/2020,LIRR,"18,090"
6/6/2020,Bus,"8,912"
6/6/2020,BT,"473,661"
6/7/2020,BT,"466,227"
6/7/2020,Subway,"377,990"
6/7/2020,SIR,95
6/7/2020,MNR,"11,231"
6/7/2020,LIRR,"16,797"
6/7/2020,Bus,"7,579"
6/7/2020,AAR,"4,650"
6/8/2020,BT,"556,739"
6/8/2020,Subway,"804,542"
6/8/2020,SIR,"1,596"
6/8/2020,MNR,"20,140"
6/8/2020,LIRR,"42,630"
6/8/2020,Bus,"25,663"
6/8/2020,AAR,"11,957"
6/9/2020,AAR,"12,869"
6/9/2020,Subway,"842,306"
6/9/2020,SIR,"1,662"
6/9/2020,MNR,"19,543"
6/9/2020,LIRR,"42,274"
6/9/2020,Bus,"26,247"
6/9/2020,BT,"589,581"
6/10/2020,MNR,"20,517"
6/10/2020,Subway,"857,015"
6/10/2020,SIR,"1,767"
6/10/2020,LIRR,"43,083"
6/10/2020,Bus,"26,735"
6/10/2020,BT,"586,815"
6/10/2020,AAR,"13,616"
6/11/2020,BT,"566,200"
6/11/2020,Subway,"818,297"
6/11/2020,SIR,"1,576"
6/11/2020,MNR,"19,525"
6/11/2020,LIRR,"40,961"
6/11/2020,Bus,"24,284"
6/11/2020,AAR,"12,514"
6/12/2020,BT,"664,835"
6/12/2020,Subway,"896,658"
6/12/2020,SIR,"1,656"
6/12/2020,MNR,"24,165"
6/12/2020,LIRR,"45,072"
6/12/2020,Bus,"24,459"
6/12/2020,AAR,"13,224"
6/13/2020,BT,"543,506"
6/13/2020,Subway,"545,316"
6/13/2020,SIR,17
6/13/2020,MNR,"16,675"
6/13/2020,LIRR,"25,355"
6/13/2020,Bus,"12,115"
6/13/2020,AAR,"7,794"
6/14/2020,AAR,"5,195"
6/14/2020,Subway,"430,439"
6/14/2020,SIR,7
6/14/2020,MNR,"13,794"
6/14/2020,LIRR,"20,859"
6/14/2020,Bus,"8,731"
6/14/2020,BT,"487,268"
6/15/2020,AAR,"12,953"
6/15/2020,Subway,"897,112"
6/15/2020,SIR,"1,813"
6/15/2020,MNR,"22,841"
6/15/2020,LIRR,"47,545"
6/15/2020,Bus,"27,057"
6/15/2020,BT,"584,897"
6/16/2020,BT,"601,457"
6/16/2020,Subway,"932,671"
6/16/2020,SIR,"1,874"
6/16/2020,MNR,"22,555"
6/16/2020,LIRR,"46,876"
6/16/2020,Bus,"28,049"
6/16/2020,AAR,"12,939"
6/17/2020,BT,"614,357"
6/17/2020,Subway,"948,461"
6/17/2020,SIR,"1,857"
6/17/2020,MNR,"24,167"
6/17/2020,LIRR,"47,166"
6/17/2020,Bus,"27,924"
6/17/2020,AAR,"14,595"
6/18/2020,AAR,"13,808"
6/18/2020,Subway,"942,382"
6/18/2020,SIR,"1,936"
6/18/2020,MNR,"24,081"
6/18/2020,LIRR,"47,851"
6/18/2020,Bus,"27,516"
6/18/2020,BT,"631,766"
6/19/2020,MNR,"27,772"
6/19/2020,Subway,"986,929"
6/19/2020,SIR,"1,751"
6/19/2020,LIRR,"50,201"
6/19/2020,Bus,"25,578"
6/19/2020,BT,"694,039"
6/19/2020,AAR,"13,868"
6/20/2020,Bus,"11,899"
6/20/2020,Subway,"576,075"
6/20/2020,SIR,22
6/20/2020,AAR,"8,185"
6/20/2020,MNR,"18,559"
6/20/2020,LIRR,"28,959"
6/20/2020,BT,"577,260"
6/21/2020,BT,"566,717"
6/21/2020,Subway,"449,497"
6/21/2020,SIR,
6/21/2020,MNR,"16,719"
6/21/2020,LIRR,"27,094"
6/21/2020,Bus,"9,072"
6/21/2020,AAR,"6,328"
6/22/2020,BT,"638,159"
6/22/2020,Subway,"1,000,046"
6/22/2020,SIR,"2,027"
6/22/2020,MNR,"25,367"
6/22/2020,LIRR,"53,878"
6/22/2020,Bus,"30,863"
6/22/2020,AAR,"13,314"
6/23/2020,AAR,"15,069"
6/23/2020,Subway,"1,050,786"
6/23/2020,SIR,"2,219"
6/23/2020,MNR,"24,909"
6/23/2020,LIRR,"52,898"
6/23/2020,Bus,"32,305"
6/23/2020,BT,"647,403"
6/24/2020,MNR,"25,277"
6/24/2020,Subway,"1,068,333"
6/24/2020,SIR,"2,194"
6/24/2020,LIRR,"52,354"
6/24/2020,Bus,"32,504"
6/24/2020,BT,"651,692"
6/24/2020,AAR,"15,155"
6/25/2020,BT,"680,113"
6/25/2020,Subway,"1,078,796"
6/25/2020,SIR,"2,210"
6/25/2020,MNR,"25,644"
6/25/2020,LIRR,"53,444"
6/25/2020,Bus,"32,393"
6/25/2020,AAR,"14,854"
6/26/2020,BT,"723,614"
6/26/2020,Subway,"1,102,382"
6/26/2020,SIR,"2,115"
6/26/2020,MNR,"29,700"
6/26/2020,LIRR,"55,647"
6/26/2020,Bus,"30,480"
6/26/2020,AAR,"15,048"
6/27/2020,BT,"541,589"
6/27/2020,Subway,"615,398"
6/27/2020,SIR,686
6/27/2020,MNR,"17,932"
6/27/2020,LIRR,"26,773"
6/27/2020,Bus,"12,942"
6/27/2020,AAR,"8,541"
6/28/2020,AAR,"5,748"
6/28/2020,Subway,"535,898"
6/28/2020,SIR,590
6/28/2020,MNR,"15,918"
6/28/2020,LIRR,"25,680"
6/28/2020,Bus,"10,167"
6/28/2020,BT,"540,549"
6/29/2020,AAR,"14,705"
6/29/2020,Subway,"1,100,769"
6/29/2020,SIR,"2,317"
6/29/2020,MNR,"28,163"
6/29/2020,LIRR,"63,309"
6/29/2020,Bus,"33,264"
6/29/2020,BT,"669,113"
6/30/2020,BT,"658,682"
6/30/2020,Subway,"1,113,124"
6/30/2020,SIR,"2,386"
6/30/2020,MNR,"27,077"
6/30/2020,LIRR,"57,955"
6/30/2020,Bus,"33,996"
6/30/2020,AAR,"15,291"
7/1/2020,BT,"677,917"
7/1/2020,Subway,"1,120,537"
7/1/2020,SIR,"2,305"
7/1/2020,MNR,"27,770"
7/1/2020,LIRR,"56,505"
7/1/2020,Bus,"32,921"
7/1/2020,AAR,"16,451"
7/2/2020,BT,"769,172"
7/2/2020,Subway,"1,170,483"
7/2/2020,SIR,"2,365"
7/2/2020,MNR,"31,948"
7/2/2020,LIRR,"64,261"
7/2/2020,Bus,"32,730"
7/2/2020,AAR,"15,981"
7/3/2020,AAR,"10,915"
7/3/2020,Subway,"851,877"
7/3/2020,SIR,"1,138"
7/3/2020,MNR,"32,049"
7/3/2020,LIRR,"56,181"
7/3/2020,Bus,"16,862"
7/3/2020,BT,"610,636"
7/4/2020,AAR,"8,391"
7/4/2020,Subway,"591,605"
7/4/2020,SIR,690
7/4/2020,MNR,"22,085"
7/4/2020,LIRR,"38,388"
7/4/2020,Bus,"10,769"
7/4/2020,BT,"488,652"
7/5/2020,BT,"575,881"
7/5/2020,Subway,"533,692"
7/5/2020,SIR,528
7/5/2020,MNR,"19,136"
7/5/2020,LIRR,"34,569"
7/5/2020,Bus,"9,832"
7/5/2020,AAR,"6,280"
7/6/2020,BT,"652,916"
7/6/2020,Subway,"1,084,956"
7/6/2020,SIR,"2,222"
7/6/2020,MNR,"30,556"
7/6/2020,LIRR,"63,862"
7/6/2020,Bus,"31,548"
7/6/2020,AAR,"14,886"
7/7/2020,AAR,"16,003"
7/7/2020,Subway,"1,157,185"
7/7/2020,SIR,"2,403"
7/7/2020,MNR,"30,507"
7/7/2020,LIRR,"61,756"
7/7/2020,Bus,"33,595"
7/7/2020,BT,"650,942"
7/8/2020,AAR,"16,980"
7/8/2020,Subway,"1,172,279"
7/8/2020,SIR,"2,454"
7/8/2020,MNR,"30,174"
7/8/2020,LIRR,"63,048"
7/8/2020,Bus,"34,242"
7/8/2020,BT,"658,258"
7/9/2020,Bus,"34,762"
7/9/2020,Subway,"1,211,280"
7/9/2020,SIR,"2,571"
7/9/2020,AAR,"17,017"
7/9/2020,MNR,"31,913"
7/9/2020,LIRR,"65,483"
7/9/2020,BT,"714,635"
7/10/2020,BT,"618,046"
7/10/2020,Subway,"1,030,632"
7/10/2020,SIR,"2,117"
7/10/2020,MNR,"29,683"
7/10/2020,LIRR,"55,929"
7/10/2020,Bus,"25,544"
7/10/2020,AAR,"15,738"
7/11/2020,BT,"535,729"
7/11/2020,Subway,"692,977"
7/11/2020,SIR,812
7/11/2020,MNR,"18,683"
7/11/2020,LIRR,"30,059"
7/11/2020,Bus,"12,872"
7/11/2020,AAR,"8,453"
7/12/2020,AAR,"7,395"
7/12/2020,Subway,"628,187"
7/12/2020,SIR,731
7/12/2020,MNR,"19,859"
7/12/2020,LIRR,"34,905"
7/12/2020,Bus,"10,966"
7/12/2020,BT,"617,036"
7/13/2020,AAR,"15,928"
7/13/2020,Subway,"1,175,700"
7/13/2020,SIR,"2,504"
7/13/2020,MNR,"31,876"
7/13/2020,LIRR,"66,384"
7/13/2020,Bus,"33,302"
7/13/2020,BT,"658,044"
7/14/2020,BT,"693,968"
7/14/2020,Subway,"1,241,080"
7/14/2020,SIR,"2,669"
7/14/2020,MNR,"31,921"
7/14/2020,LIRR,"66,321"
7/14/2020,Bus,"35,391"
7/14/2020,AAR,"17,081"
7/15/2020,BT,"700,896"
7/15/2020,Subway,"1,248,413"
7/15/2020,SIR,"2,751"
7/15/2020,MNR,"32,603"
7/15/2020,LIRR,"66,549"
7/15/2020,Bus,"34,701"
7/15/2020,AAR,"18,149"
7/16/2020,AAR,"17,230"
7/16/2020,Subway,"1,249,128"
7/16/2020,SIR,"2,756"
7/16/2020,MNR,"33,258"
7/16/2020,LIRR,"66,732"
7/16/2020,Bus,"34,199"
7/16/2020,BT,"713,530"
7/17/2020,MNR,"35,414"
7/17/2020,Subway,"1,207,265"
7/17/2020,SIR,"2,427"
7/17/2020,LIRR,"64,806"
7/17/2020,Bus,"29,696"
7/17/2020,BT,"711,817"
7/17/2020,AAR,"16,401"
7/18/2020,BT,"649,967"
7/18/2020,Subway,"778,936"
7/18/2020,SIR,786
7/18/2020,MNR,"24,071"
7/18/2020,LIRR,"41,235"
7/18/2020,Bus,"14,335"
7/18/2020,AAR,"9,785"
7/19/2020,BT,"609,862"
7/19/2020,Subway,"584,994"
7/19/2020,SIR,504
7/19/2020,MNR,"18,675"
7/19/2020,LIRR,"36,429"
7/19/2020,Bus,"9,845"
7/19/2020,AAR,"7,052"
7/20/2020,BT,"672,293"
7/20/2020,Subway,"1,156,735"
7/20/2020,SIR,"2,428"
7/20/2020,MNR,"32,279"
7/20/2020,LIRR,"67,721"
7/20/2020,Bus,"30,196"
7/20/2020,AAR,"15,957"
7/21/2020,AAR,"16,831"
7/21/2020,Subway,"1,241,819"
7/21/2020,SIR,"2,725"
7/21/2020,MNR,"33,213"
7/21/2020,LIRR,"67,594"
7/21/2020,Bus,"32,482"
7/21/2020,BT,"691,059"
7/22/2020,AAR,"17,582"
7/22/2020,Subway,"1,233,668"
7/22/2020,SIR,"2,716"
7/22/2020,MNR,"32,485"
7/22/2020,LIRR,"65,348"
7/22/2020,Bus,"33,863"
7/22/2020,BT,"683,364"
7/23/2020,BT,"688,709"
7/23/2020,Subway,"1,233,795"
7/23/2020,SIR,"2,632"
7/23/2020,MNR,"32,975"
7/23/2020,LIRR,"65,637"
7/23/2020,Bus,"33,999"
7/23/2020,AAR,"17,056"
7/24/2020,BT,"719,421"
7/24/2020,Subway,"1,218,138"
7/24/2020,SIR,"2,511"
7/24/2020,MNR,"36,639"
7/24/2020,LIRR,"65,889"
7/24/2020,Bus,"29,987"
7/24/2020,AAR,"17,311"
7/25/2020,AAR,"10,350"
7/25/2020,Subway,"816,604"
7/25/2020,SIR,799
7/25/2020,MNR,"25,173"
7/25/2020,LIRR,"43,340"
7/25/2020,Bus,"14,777"
7/25/2020,BT,"671,119"
7/26/2020,MNR,"20,170"
7/26/2020,Subway,"606,910"
7/26/2020,SIR,542
7/26/2020,LIRR,"36,164"
7/26/2020,Bus,"9,711"
7/26/2020,BT,"609,707"
7/26/2020,AAR,"7,429"
7/27/2020,MNR,"31,568"
7/27/2020,Subway,"1,203,503"
7/27/2020,SIR,"2,626"
7/27/2020,Bus,"32,072"
7/27/2020,BT,"693,677"
7/27/2020,AAR,"16,607"
7/27/2020,LIRR,"70,114"
7/28/2020,BT,"681,857"
7/28/2020,Subway,"1,241,770"
7/28/2020,SIR,"2,635"
7/28/2020,MNR,"31,677"
7/28/2020,LIRR,"66,687"
7/28/2020,Bus,"33,753"
7/28/2020,AAR,"16,892"
7/29/2020,BT,"714,559"
7/29/2020,Subway,"1,296,102"
7/29/2020,SIR,"2,778"
7/29/2020,MNR,"33,733"
7/29/2020,LIRR,"69,995"
7/29/2020,Bus,"35,257"
7/29/2020,AAR,"18,216"
7/30/2020,AAR,"17,333"
7/30/2020,Subway,"1,270,172"
7/30/2020,SIR,"2,746"
7/30/2020,MNR,"34,122"
7/30/2020,LIRR,"68,958"
7/30/2020,Bus,"33,982"
7/30/2020,BT,"717,003"
7/31/2020,MNR,"38,040"
7/31/2020,Subway,"1,258,539"
7/31/2020,SIR,"2,429"
7/31/2020,LIRR,"67,648"
7/31/2020,Bus,"29,917"
7/31/2020,BT,"747,216"
7/31/2020,AAR,"17,654"
8/1/2020,BT,"695,946"
8/1/2020,Subway,"842,468"
8/1/2020,SIR,904
8/1/2020,MNR,"26,261"
8/1/2020,LIRR,"44,405"
8/1/2020,Bus,"16,087"
8/1/2020,AAR,"10,685"
8/2/2020,BT,"561,396"
8/2/2020,Subway,"590,060"
8/2/2020,SIR,615
8/2/2020,MNR,"17,885"
8/2/2020,LIRR,"30,502"
8/2/2020,Bus,"9,874"
8/2/2020,AAR,"7,431"
8/3/2020,BT,"715,550"
8/3/2020,Subway,"1,272,996"
8/3/2020,SIR,"2,955"
8/3/2020,MNR,"32,884"
8/3/2020,LIRR,"70,779"
8/3/2020,Bus,"36,945"
8/3/2020,AAR,"17,594"
8/4/2020,AAR,"14,924"
8/4/2020,Subway,"1,027,187"
8/4/2020,SIR,"1,499"
8/4/2020,MNR,"22,286"
8/4/2020,LIRR,"36,835"
8/4/2020,Bus,"29,426"
8/4/2020,BT,"507,501"
8/5/2020,AAR,"18,299"
8/5/2020,Subway,"1,348,202"
8/5/2020,SIR,"2,824"
8/5/2020,MNR,"26,598"
8/5/2020,LIRR,"58,005"
8/5/2020,Bus,"38,283"
8/5/2020,BT,"740,063"
8/6/2020,BT,"739,952"
8/6/2020,Subway,"1,334,694"
8/6/2020,SIR,"3,125"
8/6/2020,MNR,"28,283"
8/6/2020,LIRR,"66,671"
8/6/2020,Bus,"37,059"
8/6/2020,AAR,"19,117"
8/7/2020,BT,"735,101"
8/7/2020,Subway,"1,283,894"
8/7/2020,SIR,"2,741"
8/7/2020,MNR,"32,882"
8/7/2020,LIRR,"65,969"
8/7/2020,Bus,"32,170"
8/7/2020,AAR,"17,502"
8/8/2020,BT,"630,411"
8/8/2020,Subway,"833,287"
8/8/2020,SIR,806
8/8/2020,MNR,"23,513"
8/8/2020,LIRR,"41,729"
8/8/2020,Bus,"15,143"
8/8/2020,AAR,"10,613"
8/9/2020,AAR,"8,287"
8/9/2020,Subway,"662,993"
8/9/2020,SIR,649
8/9/2020,MNR,"20,503"
8/9/2020,LIRR,"37,616"
8/9/2020,Bus,"11,534"
8/9/2020,BT,"649,493"
8/10/2020,AAR,"18,178"
8/10/2020,Subway,"1,275,268"
8/10/2020,SIR,"2,995"
8/10/2020,MNR,"33,500"
8/10/2020,LIRR,"73,548"
8/10/2020,Bus,"34,883"
8/10/2020,BT,"720,799"
8/11/2020,BT,"716,441"
8/11/2020,Subway,"1,319,814"
8/11/2020,SIR,"3,164"
8/11/2020,MNR,"33,509"
8/11/2020,LIRR,"72,436"
8/11/2020,Bus,"36,426"
8/11/2020,AAR,"18,546"
8/12/2020,BT,"696,198"
8/12/2020,Subway,"1,298,963"
8/12/2020,SIR,"3,124"
8/12/2020,MNR,"33,736"
8/12/2020,LIRR,"68,345"
8/12/2020,Bus,"36,053"
8/12/2020,AAR,"19,346"
8/13/2020,AAR,"18,608"
8/13/2020,Subway,"1,291,277"
8/13/2020,SIR,"2,971"
8/13/2020,MNR,"33,822"
8/13/2020,LIRR,"69,223"
8/13/2020,Bus,"34,723"
8/13/2020,BT,"713,144"
8/14/2020,AAR,"18,113"
8/14/2020,Subway,"1,355,786"
8/14/2020,SIR,"3,012"
8/14/2020,MNR,"39,342"
8/14/2020,LIRR,"72,916"
8/14/2020,Bus,"32,713"
8/14/2020,BT,"777,169"
8/15/2020,Bus,"15,522"
8/15/2020,Subway,"860,789"
8/15/2020,SIR,974
8/15/2020,AAR,"11,487"
8/15/2020,MNR,"27,677"
8/15/2020,LIRR,"46,806"
8/15/2020,BT,"699,313"
8/16/2020,BT,"537,419"
8/16/2020,Subway,"554,451"
8/16/2020,SIR,529
8/16/2020,MNR,"18,164"
8/16/2020,LIRR,"29,858"
8/16/2020,Bus,"8,603"
8/16/2020,AAR,"7,902"
8/17/2020,BT,"701,456"
8/17/2020,Subway,"1,304,485"
8/17/2020,SIR,"3,058"
8/17/2020,MNR,"35,362"
8/17/2020,LIRR,"74,453"
8/17/2020,Bus,"34,768"
8/17/2020,AAR,"17,377"
8/18/2020,AAR,"19,274"
8/18/2020,Subway,"1,369,617"
8/18/2020,SIR,"2,951"
8/18/2020,MNR,"34,361"
8/18/2020,LIRR,"74,213"
8/18/2020,Bus,"36,646"
8/18/2020,BT,"729,923"
8/19/2020,AAR,"19,915"
8/19/2020,Subway,"1,292,148"
8/19/2020,SIR,"2,783"
8/19/2020,MNR,"34,377"
8/19/2020,LIRR,"70,104"
8/19/2020,Bus,"34,181"
8/19/2020,BT,"710,695"
8/20/2020,BT,"775,926"
8/20/2020,Subway,"1,410,489"
8/20/2020,SIR,"2,960"
8/20/2020,MNR,"37,078"
8/20/2020,LIRR,"75,643"
8/20/2020,Bus,"35,059"
8/20/2020,AAR,"19,344"
8/21/2020,BT,"792,319"
8/21/2020,Subway,"1,387,463"
8/21/2020,SIR,"2,769"
8/21/2020,MNR,"41,110"
8/21/2020,LIRR,"76,062"
8/21/2020,Bus,"31,342"
8/21/2020,AAR,"19,035"
8/22/2020,AAR,"11,456"
8/22/2020,Subway,"882,522"
8/22/2020,SIR,871
8/22/2020,MNR,"27,784"
8/22/2020,LIRR,"49,095"
8/22/2020,Bus,"13,705"
8/22/2020,BT,"708,443"
8/23/2020,MNR,"22,496"
8/23/2020,Subway,"671,560"
8/23/2020,SIR,633
8/23/2020,LIRR,"37,891"
8/23/2020,Bus,"9,698"
8/23/2020,BT,"641,684"
8/23/2020,AAR,"8,297"
8/24/2020,BT,"710,872"
8/24/2020,Subway,"1,307,345"
8/24/2020,SIR,"2,756"
8/24/2020,MNR,"35,904"
8/24/2020,LIRR,"75,145"
8/24/2020,Bus,"34,021"
8/24/2020,AAR,"17,643"
8/25/2020,BT,"715,798"
8/25/2020,Subway,"1,346,490"
8/25/2020,SIR,"2,845"
8/25/2020,MNR,"35,689"
8/25/2020,LIRR,"73,331"
8/25/2020,Bus,"34,993"
8/25/2020,AAR,"18,682"
8/26/2020,BT,"748,927"
8/26/2020,Subway,"1,407,639"
8/26/2020,SIR,"3,012"
8/26/2020,MNR,"36,621"
8/26/2020,LIRR,"76,583"
8/26/2020,Bus,"35,975"
8/26/2020,AAR,"20,659"
8/27/2020,AAR,"19,271"
8/27/2020,Subway,"1,358,272"
8/27/2020,SIR,"2,856"
8/27/2020,MNR,"35,551"
8/27/2020,LIRR,"73,060"
8/27/2020,Bus,"33,969"
8/27/2020,BT,"739,049"
8/28/2020,AAR,"18,845"
8/28/2020,Subway,"1,388,583"
8/28/2020,SIR,"2,716"
8/28/2020,MNR,"41,222"
8/28/2020,LIRR,"76,114"
8/28/2020,Bus,"31,956"
8/28/2020,BT,"787,675"
8/29/2020,BT,"555,413"
8/29/2020,Subway,"773,667"
8/29/2020,SIR,798
8/29/2020,MNR,"22,234"
8/29/2020,LIRR,"37,641"
8/29/2020,Bus,"14,035"
8/29/2020,AAR,"9,814"
8/30/2020,BT,"706,101"
8/30/2020,Subway,"748,061"
8/30/2020,SIR,825
8/30/2020,MNR,"26,520"
8/30/2020,LIRR,"45,147"
8/30/2020,Bus,"16,027"
8/30/2020,AAR,"9,752"
8/31/2020,AAR,"18,185"
8/31/2020,Subway,"1,397,264"
8/31/2020,SIR,"3,184"
8/31/2020,MNR,"37,727"
8/31/2020,LIRR,"78,122"
8/31/2020,Bus,"787,291"
8/31/2020,BT,"711,594"
9/1/2020,MNR,"36,035"
9/1/2020,Subway,"1,469,274"
9/1/2020,SIR,"3,217"
9/1/2020,LIRR,"76,483"
9/1/2020,Bus,"947,758"
9/1/2020,BT,"704,251"
9/1/2020,AAR,"18,929"
9/2/2020,Bus,"972,213"
9/2/2020,Subway,"1,487,969"
9/2/2020,SIR,"3,192"
9/2/2020,AAR,"19,990"
9/2/2020,MNR,"36,159"
9/2/2020,LIRR,"77,585"
9/2/2020,BT,"703,330"
9/3/2020,BT,"758,827"
9/3/2020,Subway,"1,529,185"
9/3/2020,SIR,"3,327"
9/3/2020,MNR,"39,920"
9/3/2020,LIRR,"82,554"
9/3/2020,Bus,"1,022,623"
9/3/2020,AAR,"19,992"
9/4/2020,BT,"817,722"
9/4/2020,Subway,"1,568,385"
9/4/2020,SIR,"3,148"
9/4/2020,MNR,"47,152"
9/4/2020,LIRR,"88,345"
9/4/2020,Bus,"1,030,811"
9/4/2020,AAR,"20,223"
9/5/2020,AAR,"12,118"
9/5/2020,Subway,"1,013,725"
9/5/2020,SIR,21
9/5/2020,MNR,"34,621"
9/5/2020,LIRR,"50,550"
9/5/2020,Bus,"715,922"
9/5/2020,BT,"694,277"
9/6/2020,MNR,"28,565"
9/6/2020,Subway,"819,409"
9/6/2020,SIR,191
9/6/2020,LIRR,"44,727"
9/6/2020,Bus,"559,273"
9/6/2020,BT,"655,687"
9/6/2020,AAR,"10,160"
9/7/2020,BT,"611,390"
9/7/2020,Subway,"870,964"
9/7/2020,SIR,"1,210"
9/7/2020,MNR,"27,326"
9/7/2020,LIRR,"80,050"
9/7/2020,Bus,"615,802"
9/7/2020,AAR,"9,261"
9/8/2020,BT,"726,886"
9/8/2020,Subway,"1,555,816"
9/8/2020,SIR,"3,496"
9/8/2020,MNR,"42,963"
9/8/2020,LIRR,"90,603"
9/8/2020,Bus,"1,039,401"
9/8/2020,AAR,"19,806"
9/9/2020,BT,"719,499"
9/9/2020,Subway,"1,610,076"
9/9/2020,SIR,"3,586"
9/9/2020,MNR,"41,954"
9/9/2020,LIRR,"86,063"
9/9/2020,Bus,"1,072,887"
9/9/2020,AAR,"21,801"
9/10/2020,AAR,"20,181"
9/10/2020,Subway,"1,543,662"
9/10/2020,SIR,"3,403"
9/10/2020,MNR,"39,296"
9/10/2020,LIRR,"82,142"
9/10/2020,Bus,"997,030"
9/10/2020,BT,"697,793"
9/11/2020,AAR,"20,809"
9/11/2020,Subway,"1,690,334"
9/11/2020,SIR,"3,442"
9/11/2020,MNR,"47,781"
9/11/2020,LIRR,"88,582"
9/11/2020,Bus,"1,070,920"
9/11/2020,BT,"781,923"
9/12/2020,BT,"693,696"
9/12/2020,Subway,"1,083,698"
9/12/2020,SIR,29
9/12/2020,MNR,"32,400"
9/12/2020,LIRR,"44,546"
9/12/2020,Bus,"752,875"
9/12/2020,AAR,"12,349"
9/13/2020,BT,"611,591"
9/13/2020,Subway,"796,740"
9/13/2020,SIR,4
9/13/2020,MNR,"24,009"
9/13/2020,LIRR,"36,686"
9/13/2020,Bus,"557,231"
9/13/2020,AAR,"9,315"
9/14/2020,BT,"697,572"
9/14/2020,Subway,"1,604,381"
9/14/2020,SIR,"3,515"
9/14/2020,MNR,"41,286"
9/14/2020,LIRR,"89,498"
9/14/2020,Bus,"1,065,601"
9/14/2020,AAR,"19,888"
9/15/2020,AAR,"20,763"
9/15/2020,Subway,"1,678,078"
9/15/2020,SIR,"3,696"
9/15/2020,MNR,"41,288"
9/15/2020,LIRR,"87,025"
9/15/2020,Bus,"1,091,806"
9/15/2020,BT,"711,338"
9/16/2020,AAR,"22,070"
9/16/2020,Subway,"1,686,909"
9/16/2020,SIR,"3,496"
9/16/2020,MNR,"41,417"
9/16/2020,LIRR,"87,034"
9/16/2020,Bus,"1,097,389"
9/16/2020,BT,"711,372"
9/17/2020,BT,"740,052"
9/17/2020,Subway,"1,692,368"
9/17/2020,SIR,"3,617"
9/17/2020,MNR,"42,339"
9/17/2020,LIRR,"86,854"
9/17/2020,Bus,"1,094,592"
9/17/2020,AAR,"21,005"
9/18/2020,BT,"781,132"
9/18/2020,Subway,"1,725,443"
9/18/2020,SIR,"3,367"
9/18/2020,MNR,"48,213"
9/18/2020,LIRR,"90,657"
9/18/2020,Bus,"1,083,295"
9/18/2020,AAR,"20,702"
9/19/2020,AAR,"12,246"
9/19/2020,Subway,"1,136,947"
9/19/2020,SIR,"1,001"
9/19/2020,MNR,"34,608"
9/19/2020,LIRR,"46,777"
9/19/2020,Bus,"752,437"
9/19/2020,BT,"697,698"
9/20/2020,AAR,"9,269"
9/20/2020,Subway,"827,605"
9/20/2020,SIR,760
9/20/2020,MNR,"26,328"
9/20/2020,LIRR,"38,973"
9/20/2020,Bus,"558,863"
9/20/2020,BT,"615,409"
9/21/2020,Bus,"1,058,256"
9/21/2020,Subway,"1,624,139"
9/21/2020,SIR,"3,497"
9/21/2020,AAR,"19,488"
9/21/2020,MNR,"41,901"
9/21/2020,LIRR,"89,706"
9/21/2020,BT,"686,709"
9/22/2020,BT,"704,257"
9/22/2020,Subway,"1,698,504"
9/22/2020,SIR,"3,821"
9/22/2020,MNR,"41,389"
9/22/2020,LIRR,"87,376"
9/22/2020,Bus,"1,095,678"
9/22/2020,AAR,"21,103"
9/23/2020,BT,"727,921"
9/23/2020,Subway,"1,735,333"
9/23/2020,SIR,"3,710"
9/23/2020,MNR,"42,506"
9/23/2020,LIRR,"88,998"
9/23/2020,Bus,"1,119,904"
9/23/2020,AAR,"22,501"
9/24/2020,AAR,"21,554"
9/24/2020,Subway,"1,722,364"
9/24/2020,SIR,"3,816"
9/24/2020,MNR,"42,969"
9/24/2020,LIRR,"89,129"
9/24/2020,Bus,"1,107,707"
9/24/2020,BT,"747,851"
9/25/2020,AAR,"21,233"
9/25/2020,Subway,"1,761,591"
9/25/2020,SIR,"3,708"
9/25/2020,MNR,"49,819"
9/25/2020,LIRR,"92,506"
9/25/2020,Bus,"1,110,956"
9/25/2020,BT,"796,850"
9/26/2020,BT,"718,420"
9/26/2020,Subway,"1,120,143"
9/26/2020,SIR,32
9/26/2020,MNR,"35,771"
9/26/2020,LIRR,"47,169"
9/26/2020,Bus,"755,197"
9/26/2020,AAR,"12,128"
9/27/2020,BT,"636,532"
9/27/2020,Subway,"846,179"
9/27/2020,SIR,5
9/27/2020,MNR,"28,480"
9/27/2020,LIRR,"39,994"
9/27/2020,Bus,"576,684"
9/27/2020,AAR,"9,491"
9/28/2020,AAR,"17,678"
9/28/2020,Subway,"1,489,240"
9/28/2020,SIR,"3,371"
9/28/2020,MNR,"43,237"
9/28/2020,LIRR,"89,664"
9/28/2020,Bus,"985,185"
9/28/2020,BT,"658,998"
9/29/2020,MNR,"40,515"
9/29/2020,Subway,"1,661,264"
9/29/2020,SIR,"3,632"
9/29/2020,LIRR,"88,444"
9/29/2020,Bus,"1,057,135"
9/29/2020,BT,"688,012"
9/29/2020,AAR,"20,517"
9/30/2020,BT,"717,050"
9/30/2020,Subway,"1,740,820"
9/30/2020,SIR,"3,704"
9/30/2020,MNR,"41,967"
9/30/2020,LIRR,"89,223"
9/30/2020,Bus,"1,101,663"
9/30/2020,AAR,"21,424"
10/1/2020,BT,"759,870"
10/1/2020,Subway,"1,809,958"
10/1/2020,SIR,"4,003"
10/1/2020,MNR,"42,390"
10/1/2020,LIRR,"86,082"
10/1/2020,Bus,"1,159,859"
10/1/2020,AAR,"22,309"
10/2/2020,BT,"776,683"
10/2/2020,Subway,"1,790,612"
10/2/2020,SIR,"3,589"
10/2/2020,MNR,"48,883"
10/2/2020,LIRR,"87,291"
10/2/2020,Bus,"1,115,793"
10/2/2020,AAR,"21,626"
10/3/2020,AAR,"12,759"
10/3/2020,Subway,"1,168,040"
10/3/2020,SIR,33
10/3/2020,MNR,"36,907"
10/3/2020,LIRR,"45,018"
10/3/2020,Bus,"777,674"
10/3/2020,BT,"705,741"
10/4/2020,AAR,"10,010"
10/4/2020,Subway,"852,830"
10/4/2020,SIR,761
10/4/2020,MNR,"27,667"
10/4/2020,LIRR,"34,976"
10/4/2020,Bus,"570,608"
10/4/2020,BT,"617,011"
10/5/2020,BT,"681,284"
10/5/2020,Subway,"1,678,792"
10/5/2020,SIR,"3,587"
10/5/2020,MNR,"42,257"
10/5/2020,LIRR,"88,694"
10/5/2020,Bus,"1,102,675"
10/5/2020,AAR,"19,971"
10/6/2020,BT,"698,860"
10/6/2020,Subway,"1,758,454"
10/6/2020,SIR,"3,866"
10/6/2020,MNR,"43,803"
10/6/2020,LIRR,"87,748"
10/6/2020,Bus,"1,137,217"
10/6/2020,AAR,"21,475"
10/7/2020,AAR,"23,027"
10/7/2020,Subway,"1,770,617"
10/7/2020,SIR,"3,791"
10/7/2020,MNR,"43,534"
10/7/2020,LIRR,"87,119"
10/7/2020,Bus,"1,123,231"
10/7/2020,BT,"710,155"
10/8/2020,MNR,"44,802"
10/8/2020,Subway,"1,798,005"
10/8/2020,SIR,"3,913"
10/8/2020,LIRR,"87,959"
10/8/2020,Bus,"1,126,770"
10/8/2020,BT,"738,395"
10/8/2020,AAR,"21,964"
10/9/2020,LIRR,"78,663"
10/9/2020,Subway,"1,808,079"
10/9/2020,SIR,"3,700"
10/9/2020,BT,"782,600"
10/9/2020,AAR,"21,274"
10/9/2020,MNR,"52,686"
10/9/2020,Bus,"1,117,172"
10/10/2020,BT,"716,866"
10/10/2020,Subway,"1,170,227"
10/10/2020,SIR,"1,430"
10/10/2020,MNR,"41,409"
10/10/2020,LIRR,"44,528"
10/10/2020,Bus,"771,088"
10/10/2020,AAR,"12,627"
10/11/2020,BT,"603,801"
10/11/2020,Subway,"848,469"
10/11/2020,SIR,"1,049"
10/11/2020,MNR,"28,784"
10/11/2020,LIRR,"34,593"
10/11/2020,Bus,"564,051"
10/11/2020,AAR,"9,470"
10/12/2020,AAR,"15,722"
10/12/2020,Subway,"1,284,655"
10/12/2020,SIR,"2,237"
10/12/2020,MNR,"39,838"
10/12/2020,LIRR,"76,776"
10/12/2020,Bus,"767,564"
10/12/2020,BT,"598,916"
10/13/2020,MNR,"42,205"
10/13/2020,Subway,"1,715,183"
10/13/2020,SIR,"3,670"
10/13/2020,LIRR,"76,552"
10/13/2020,Bus,"1,063,680"
10/13/2020,BT,"667,518"
10/13/2020,AAR,"20,909"
10/14/2020,BT,"719,962"
10/14/2020,Subway,"1,838,682"
10/14/2020,SIR,"3,956"
10/14/2020,MNR,"45,148"
10/14/2020,LIRR,"89,173"
10/14/2020,Bus,"1,162,256"
10/14/2020,AAR,"23,169"
10/15/2020,BT,"757,151"
10/15/2020,Subway,"1,853,753"
10/15/2020,SIR,"4,069"
10/15/2020,MNR,"46,249"
10/15/2020,LIRR,"90,288"
10/15/2020,Bus,"1,152,434"
10/15/2020,AAR,"22,834"
10/16/2020,BT,"715,224"
10/16/2020,Subway,"1,671,320"
10/16/2020,SIR,"3,366"
10/16/2020,MNR,"47,291"
10/16/2020,LIRR,"83,798"
10/16/2020,Bus,"974,110"
10/16/2020,AAR,"20,776"
10/17/2020,AAR,"11,831"
10/17/2020,Subway,"1,209,473"
10/17/2020,SIR,"1,588"
10/17/2020,MNR,"37,764"
10/17/2020,LIRR,"43,768"
10/17/2020,Bus,"778,070"
10/17/2020,BT,"691,236"
10/18/2020,AAR,"9,998"
10/18/2020,Subway,"896,812"
10/18/2020,SIR,"1,074"
10/18/2020,MNR,"30,690"
10/18/2020,LIRR,"34,682"
10/18/2020,Bus,"583,350"
10/18/2020,BT,"655,748"
10/19/2020,BT,"683,334"
10/19/2020,Subway,"1,719,153"
10/19/2020,SIR,"3,570"
10/19/2020,MNR,"44,368"
10/19/2020,LIRR,"89,186"
10/19/2020,Bus,"1,105,134"
10/19/2020,AAR,"20,812"
10/20/2020,BT,"688,694"
10/20/2020,Subway,"1,780,231"
10/20/2020,SIR,"3,859"
10/20/2020,MNR,"42,741"
10/20/2020,LIRR,"86,591"
10/20/2020,Bus,"1,119,283"
10/20/2020,AAR,"21,936"
10/21/2020,BT,"704,874"
10/21/2020,Subway,"1,812,949"
10/21/2020,SIR,"3,848"
10/21/2020,MNR,"44,102"
10/21/2020,LIRR,"86,210"
10/21/2020,Bus,"1,140,385"
10/21/2020,AAR,"22,959"
10/22/2020,AAR,"22,391"
10/22/2020,Subway,"1,825,208"
10/22/2020,SIR,"3,927"
10/22/2020,MNR,"45,770"
10/22/2020,LIRR,"88,686"
10/22/2020,Bus,"1,140,210"
10/22/2020,BT,"738,372"
10/23/2020,AAR,"21,766"
10/23/2020,Subway,"1,842,588"
10/23/2020,SIR,"3,680"
10/23/2020,MNR,"51,765"
10/23/2020,LIRR,"89,931"
10/23/2020,Bus,"1,123,540"
10/23/2020,BT,"769,176"
10/24/2020,BT,"699,927"
10/24/2020,Subway,"1,185,612"
10/24/2020,SIR,
10/24/2020,MNR,"38,673"
10/24/2020,LIRR,"43,618"
10/24/2020,Bus,"775,122"
10/24/2020,AAR,"12,916"
10/25/2020,BT,"632,680"
10/25/2020,Subway,"885,001"
10/25/2020,SIR,
10/25/2020,MNR,"28,321"
10/25/2020,LIRR,"33,678"
10/25/2020,Bus,"572,347"
10/25/2020,AAR,"10,074"
10/26/2020,AAR,"20,817"
10/26/2020,Subway,"1,690,651"
10/26/2020,SIR,"3,429"
10/26/2020,MNR,"43,557"
10/26/2020,LIRR,"86,745"
10/26/2020,Bus,"1,061,566"
10/26/2020,BT,"663,499"
10/27/2020,AAR,"21,870"
10/27/2020,Subway,"1,815,242"
10/27/2020,SIR,"3,642"
10/27/2020,MNR,"43,340"
10/27/2020,LIRR,"87,401"
10/27/2020,Bus,"1,143,906"
10/27/2020,BT,"688,233"
10/28/2020,Bus,"1,119,450"
10/28/2020,Subway,"1,819,352"
10/28/2020,SIR,"3,676"
10/28/2020,AAR,"23,258"
10/28/2020,MNR,"43,289"
10/28/2020,LIRR,"86,652"
10/28/2020,BT,"700,135"
10/29/2020,BT,"677,257"
10/29/2020,Subway,"1,705,072"
10/29/2020,SIR,"3,539"
10/29/2020,MNR,"41,157"
10/29/2020,LIRR,"81,794"
10/29/2020,Bus,"987,440"
10/29/2020,AAR,"20,925"
10/30/2020,BT,"718,742"
10/30/2020,Subway,"1,768,018"
10/30/2020,SIR,"3,270"
10/30/2020,MNR,"47,967"
10/30/2020,LIRR,"84,254"
10/30/2020,Bus,"1,030,639"
10/30/2020,AAR,"21,243"
10/31/2020,AAR,"12,816"
10/31/2020,Subway,"1,174,059"
10/31/2020,SIR,20
10/31/2020,MNR,"34,077"
10/31/2020,LIRR,"41,538"
10/31/2020,Bus,"747,636"
10/31/2020,BT,"643,982"
11/1/2020,AAR,"10,180"
11/1/2020,Subway,"786,675"
11/1/2020,SIR,3
11/1/2020,MNR,"22,602"
11/1/2020,LIRR,"29,495"
11/1/2020,Bus,"510,820"
11/1/2020,BT,"573,521"
11/2/2020,BT,"671,888"
11/2/2020,Subway,"1,747,908"
11/2/2020,SIR,"3,535"
11/2/2020,MNR,"40,609"
11/2/2020,LIRR,"87,198"
11/2/2020,Bus,"1,072,262"
11/2/2020,AAR,"21,127"
11/3/2020,BT,"625,256"
11/3/2020,Subway,"1,602,912"
11/3/2020,SIR,"3,184"
11/3/2020,MNR,"39,749"
11/3/2020,LIRR,"82,140"
11/3/2020,Bus,"1,027,710"
11/3/2020,AAR,"20,416"
11/4/2020,AAR,"22,174"
11/4/2020,Subway,"1,690,489"
11/4/2020,SIR,"3,448"
11/4/2020,MNR,"38,818"
11/4/2020,LIRR,"81,551"
11/4/2020,Bus,"1,089,354"
11/4/2020,BT,"656,967"
11/5/2020,MNR,"41,550"
11/5/2020,Subway,"1,793,796"
11/5/2020,SIR,"3,793"
11/5/2020,LIRR,"86,987"
11/5/2020,Bus,"1,130,774"
11/5/2020,BT,"714,654"
11/5/2020,AAR,"22,937"
11/6/2020,BT,"749,668"
11/6/2020,Subway,"1,837,314"
11/6/2020,SIR,"3,546"
11/6/2020,MNR,"48,138"
11/6/2020,LIRR,"89,499"
11/6/2020,Bus,"1,120,729"
11/6/2020,AAR,"22,659"
11/7/2020,BT,"687,679"
11/7/2020,Subway,"1,246,321"
11/7/2020,SIR,35
11/7/2020,MNR,"35,870"
11/7/2020,LIRR,"46,368"
11/7/2020,Bus,"752,851"
11/7/2020,AAR,"13,409"
11/8/2020,BT,"633,243"
11/8/2020,Subway,"927,670"
11/8/2020,SIR,846
11/8/2020,MNR,"27,961"
11/8/2020,LIRR,"38,485"
11/8/2020,Bus,"587,220"
11/8/2020,AAR,"10,474"
11/9/2020,AAR,"21,444"
11/9/2020,Subway,"1,752,614"
11/9/2020,SIR,"3,561"
11/9/2020,MNR,"42,627"
11/9/2020,LIRR,"91,681"
11/9/2020,Bus,"1,111,203"
11/9/2020,BT,"675,604"
11/10/2020,AAR,"23,138"
11/10/2020,Subway,"1,836,902"
11/10/2020,SIR,"3,848"
11/10/2020,MNR,"43,083"
11/10/2020,LIRR,"91,532"
11/10/2020,Bus,"1,151,911"
11/10/2020,BT,"699,076"
11/11/2020,BT,"622,409"
11/11/2020,Subway,"1,614,812"
11/11/2020,SIR,"3,050"
11/11/2020,MNR,"40,073"
11/11/2020,LIRR,"83,306"
11/11/2020,Bus,"969,123"
11/11/2020,AAR,"20,263"
11/12/2020,BT,"680,988"
11/12/2020,Subway,"1,776,666"
11/12/2020,SIR,"3,546"
11/12/2020,MNR,"40,381"
11/12/2020,LIRR,"86,189"
11/12/2020,Bus,"1,054,132"
11/12/2020,AAR,"22,059"
11/13/2020,AAR,"22,054"
11/13/2020,Subway,"1,816,693"
11/13/2020,SIR,"3,332"
11/13/2020,MNR,"45,127"
11/13/2020,LIRR,"86,252"
11/13/2020,Bus,"1,061,680"
11/13/2020,BT,"716,046"
11/14/2020,MNR,"31,397"
11/14/2020,Subway,"1,215,477"
11/14/2020,SIR,14
11/14/2020,LIRR,"41,422"
11/14/2020,Bus,"755,951"
11/14/2020,BT,"635,637"
11/14/2020,AAR,"12,928"
11/15/2020,Bus,"528,421"
11/15/2020,Subway,"820,858"
11/15/2020,SIR,697
11/15/2020,AAR,"9,763"
11/15/2020,MNR,"20,946"
11/15/2020,LIRR,"30,948"
11/15/2020,BT,"514,867"
11/16/2020,BT,"658,968"
11/16/2020,Subway,"1,741,750"
11/16/2020,SIR,"3,532"
11/16/2020,MNR,"41,961"
11/16/2020,LIRR,"89,463"
11/16/2020,Bus,"1,079,560"
11/16/2020,AAR,"21,851"
11/17/2020,BT,"664,732"
11/17/2020,Subway,"1,788,847"
11/17/2020,SIR,"3,584"
11/17/2020,MNR,"40,078"
11/17/2020,LIRR,"86,965"
11/17/2020,Bus,"1,092,416"
11/17/2020,AAR,"22,524"
11/18/2020,AAR,"23,390"
11/18/2020,Subway,"1,787,688"
11/18/2020,SIR,"3,495"
11/18/2020,MNR,"39,693"
11/18/2020,LIRR,"84,069"
11/18/2020,Bus,"1,065,597"
11/18/2020,BT,"678,350"
11/19/2020,MNR,"40,122"
11/19/2020,Subway,"1,757,535"
11/19/2020,SIR,"3,529"
11/19/2020,LIRR,"84,662"
11/19/2020,Bus,"1,056,928"
11/19/2020,BT,"698,169"
11/19/2020,AAR,"21,780"
11/20/2020,BT,"736,628"
11/20/2020,Subway,"1,800,423"
11/20/2020,SIR,"3,473"
11/20/2020,MNR,"44,683"
11/20/2020,LIRR,"87,402"
11/20/2020,Bus,"1,079,029"
11/20/2020,AAR,"22,945"
11/21/2020,BT,"645,448"
11/21/2020,Subway,"1,157,957"
11/21/2020,SIR,19
11/21/2020,MNR,"27,716"
11/21/2020,LIRR,"39,204"
11/21/2020,Bus,"750,801"
11/21/2020,AAR,"13,193"
11/22/2020,BT,"517,830"
11/22/2020,Subway,"817,963"
11/22/2020,SIR,92
11/22/2020,MNR,"20,269"
11/22/2020,LIRR,"31,019"
11/22/2020,Bus,"542,124"
11/22/2020,AAR,"10,694"
11/23/2020,AAR,"21,297"
11/23/2020,Subway,"1,646,525"
11/23/2020,SIR,"3,223"
11/23/2020,MNR,"40,668"
11/23/2020,LIRR,"87,693"
11/23/2020,Bus,"1,005,225"
11/23/2020,BT,"660,835"
11/24/2020,AAR,"22,814"
11/24/2020,Subway,"1,735,702"
11/24/2020,SIR,"3,405"
11/24/2020,MNR,"41,772"
11/24/2020,LIRR,"89,805"
11/24/2020,Bus,"1,068,789"
11/24/2020,BT,"716,305"
11/25/2020,BT,"739,563"
11/25/2020,Subway,"1,688,227"
11/25/2020,SIR,"3,166"
11/25/2020,MNR,"46,209"
11/25/2020,LIRR,"93,444"
11/25/2020,Bus,"1,037,242"
11/25/2020,AAR,"21,450"
11/26/2020,BT,"476,637"
11/26/2020,Subway,"652,276"
11/26/2020,SIR,847
11/26/2020,MNR,"20,393"
11/26/2020,LIRR,"72,572"
11/26/2020,Bus,"444,391"
11/26/2020,AAR,"12,151"
11/27/2020,BT,"579,048"
11/27/2020,Subway,"1,263,473"
11/27/2020,SIR,"2,046"
11/27/2020,MNR,"25,009"
11/27/2020,LIRR,"77,273"
11/27/2020,Bus,"815,993"
11/27/2020,AAR,"12,395"
11/28/2020,AAR,"10,808"
11/28/2020,Subway,"1,032,823"
11/28/2020,SIR,"1,203"
11/28/2020,MNR,"24,688"
11/28/2020,LIRR,"37,770"
11/28/2020,Bus,"689,580"
11/28/2020,BT,"561,092"
11/29/2020,AAR,"9,360"
11/29/2020,Subway,"826,974"
11/29/2020,SIR,826
11/29/2020,MNR,"21,898"
11/29/2020,LIRR,"32,628"
11/29/2020,Bus,"548,548"
11/29/2020,BT,"548,733"
11/30/2020,BT,"574,662"
11/30/2020,Subway,"1,459,131"
11/30/2020,SIR,"3,035"
11/30/2020,MNR,"37,026"
11/30/2020,LIRR,"80,033"
11/30/2020,Bus,"849,277"
11/30/2020,AAR,"19,751"
12/1/2020,BT,"855,711"
12/1/2020,Subway,"1,706,348"
12/1/2020,SIR,"3,432"
12/1/2020,MNR,"35,225"
12/1/2020,LIRR,"73,589"
12/1/2020,Bus,"1,068,627"
12/1/2020,AAR,"21,693"
12/2/2020,AAR,"22,712"
12/2/2020,Subway,"1,699,968"
12/2/2020,SIR,"3,277"
12/2/2020,MNR,"35,615"
12/2/2020,LIRR,"73,631"
12/2/2020,Bus,"1,026,056"
12/2/2020,BT,"748,924"
12/3/2020,AAR,"22,941"
12/3/2020,Subway,"1,736,045"
12/3/2020,SIR,"3,325"
12/3/2020,MNR,"37,013"
12/3/2020,LIRR,"75,093"
12/3/2020,Bus,"1,070,197"
12/3/2020,BT,"769,462"
12/4/2020,Bus,"1,024,641"
12/4/2020,Subway,"1,701,628"
12/4/2020,SIR,"3,121"
12/4/2020,AAR,"21,960"
12/4/2020,MNR,"39,228"
12/4/2020,LIRR,"72,062"
12/4/2020,BT,"777,856"
12/5/2020,BT,"573,714"
12/5/2020,Subway,"1,000,240"
12/5/2020,SIR,996
12/5/2020,MNR,"19,727"
12/5/2020,LIRR,"33,528"
12/5/2020,Bus,"617,332"
12/5/2020,AAR,"10,151"
12/6/2020,BT,"591,731"
12/6/2020,Subway,"878,393"
12/6/2020,SIR,885
12/6/2020,MNR,"19,652"
12/6/2020,LIRR,"35,055"
12/6/2020,Bus,"547,330"
12/6/2020,AAR,"9,904"
12/7/2020,AAR,"21,424"
12/7/2020,Subway,"1,656,627"
12/7/2020,SIR,"3,209"
12/7/2020,MNR,"36,890"
12/7/2020,LIRR,"77,787"
12/7/2020,Bus,"1,032,813"
12/7/2020,BT,"731,655"
12/8/2020,AAR,"22,177"
12/8/2020,Subway,"1,540,893"
12/8/2020,SIR,"3,185"
12/8/2020,MNR,"36,403"
12/8/2020,LIRR,"75,033"
12/8/2020,Bus,"1,034,410"
12/8/2020,BT,"746,111"
12/9/2020,BT,"752,016"
12/9/2020,Subway,"1,701,926"
12/9/2020,SIR,"3,233"
12/9/2020,MNR,"35,917"
12/9/2020,LIRR,"74,734"
12/9/2020,Bus,"1,018,247"
12/9/2020,AAR,"22,459"
12/10/2020,BT,"786,581"
12/10/2020,Subway,"1,761,336"
12/10/2020,SIR,"3,346"
12/10/2020,MNR,"37,600"
12/10/2020,LIRR,"76,847"
12/10/2020,Bus,"1,075,970"
12/10/2020,AAR,"22,845"
12/11/2020,AAR,"22,751"
12/11/2020,Subway,"1,786,290"
12/11/2020,SIR,"3,278"
12/11/2020,MNR,"42,420"
12/11/2020,LIRR,"79,717"
12/11/2020,Bus,"1,064,457"
12/11/2020,BT,"823,997"
12/12/2020,MNR,"24,118"
12/12/2020,Subway,"1,091,352"
12/12/2020,SIR,20
12/12/2020,LIRR,"41,791"
12/12/2020,Bus,"703,892"
12/12/2020,BT,"673,151"
12/12/2020,AAR,"12,307"
12/13/2020,BT,"660,776"
12/13/2020,Subway,"911,439"
12/13/2020,SIR,80
12/13/2020,MNR,"22,669"
12/13/2020,LIRR,"39,293"
12/13/2020,Bus,"582,389"
12/13/2020,AAR,"10,208"
12/14/2020,BT,"725,902"
12/14/2020,Subway,"1,584,089"
12/14/2020,SIR,"2,979"
12/14/2020,MNR,"36,057"
12/14/2020,LIRR,"75,008"
12/14/2020,Bus,"955,525"
12/14/2020,AAR,"21,333"
12/15/2020,BT,"821,393"
12/15/2020,Subway,"1,783,388"
12/15/2020,SIR,"3,353"
12/15/2020,MNR,"38,322"
12/15/2020,LIRR,"78,446"
12/15/2020,Bus,"1,088,287"
12/15/2020,AAR,"23,432"
12/16/2020,AAR,"19,296"
12/16/2020,Subway,"1,569,079"
12/16/2020,SIR,"2,899"
12/16/2020,MNR,"33,572"
12/16/2020,LIRR,"68,092"
12/16/2020,Bus,"853,797"
12/16/2020,BT,"632,195"
12/17/2020,AAR,"9,940"
12/17/2020,Subway,"1,079,818"
12/17/2020,SIR,"1,613"
12/17/2020,MNR,"12,527"
12/17/2020,LIRR,"21,417"
12/17/2020,Bus,"523,854"
12/17/2020,BT,"298,209"
12/18/2020,BT,"738,425"
12/18/2020,Subway,"1,735,664"
12/18/2020,SIR,"3,063"
12/18/2020,MNR,"41,287"
12/18/2020,LIRR,"74,908"
12/18/2020,Bus,"943,587"
12/18/2020,AAR,"17,537"
12/19/2020,BT,"653,358"
12/19/2020,Subway,"1,112,827"
12/19/2020,SIR,25
12/19/2020,MNR,"24,217"
12/19/2020,LIRR,"41,101"
12/19/2020,Bus,"670,787"
12/19/2020,AAR,"11,589"
12/20/2020,AAR,"9,585"
12/20/2020,Subway,"821,265"
12/20/2020,SIR,736
12/20/2020,MNR,"18,767"
12/20/2020,LIRR,"32,597"
12/20/2020,Bus,"516,593"
12/20/2020,BT,"556,415"
12/21/2020,AAR,"21,647"
12/21/2020,Subway,"1,716,035"
12/21/2020,SIR,"3,244"
12/21/2020,MNR,"39,814"
12/21/2020,LIRR,"81,225"
12/21/2020,Bus,"1,028,489"
12/21/2020,BT,"779,140"
12/22/2020,MNR,"39,579"
12/22/2020,Subway,"1,760,948"
12/22/2020,SIR,"3,254"
12/22/2020,Bus,"1,046,799"
12/22/2020,BT,"821,140"
12/22/2020,AAR,"22,820"
12/22/2020,LIRR,"82,001"
12/23/2020,BT,"867,193"
12/23/2020,Subway,"1,772,537"
12/23/2020,SIR,"3,201"
12/23/2020,MNR,"42,100"
12/23/2020,LIRR,"84,404"
12/23/2020,Bus,"1,048,565"
12/23/2020,AAR,"23,305"
12/24/2020,BT,"762,357"
12/24/2020,Subway,"1,312,480"
12/24/2020,SIR,"2,176"
12/24/2020,MNR,"38,899"
12/24/2020,LIRR,"75,759"
12/24/2020,Bus,"822,916"
12/24/2020,AAR,"15,928"
12/25/2020,AAR,"8,611"
12/25/2020,Subway,"485,208"
12/25/2020,SIR,631
12/25/2020,MNR,"14,435"
12/25/2020,LIRR,"51,348"
12/25/2020,Bus,"314,171"
12/25/2020,BT,"477,472"
12/26/2020,MNR,"22,076"
12/26/2020,Subway,"879,170"
12/26/2020,SIR,"1,014"
12/26/2020,LIRR,"36,047"
12/26/2020,Bus,"559,111"
12/26/2020,BT,"595,107"
12/26/2020,AAR,"9,094"
12/27/2020,BT,"596,095"
12/27/2020,Subway,"760,350"
12/27/2020,SIR,901
12/27/2020,MNR,"20,470"
12/27/2020,LIRR,"34,432"
12/27/2020,Bus,"474,033"
12/27/2020,AAR,"9,457"
12/28/2020,BT,"745,278"
12/28/2020,Subway,"1,510,168"
12/28/2020,SIR,"3,027"
12/28/2020,MNR,"41,012"
12/28/2020,LIRR,"81,566"
12/28/2020,Bus,"922,336"
12/28/2020,AAR,"18,820"
12/29/2020,BT,"761,890"
12/29/2020,Subway,"1,555,198"
12/29/2020,SIR,"3,097"
12/29/2020,MNR,"39,416"
12/29/2020,LIRR,"78,904"
12/29/2020,Bus,"930,711"
12/29/2020,AAR,"19,717"
12/30/2020,AAR,"20,922"
12/30/2020,Subway,"1,582,486"
12/30/2020,SIR,"2,990"
12/30/2020,MNR,"40,962"
12/30/2020,LIRR,"79,298"
12/30/2020,Bus,"948,194"
12/30/2020,BT,"801,993"
12/31/2020,AAR,"17,167"
12/31/2020,Subway,"1,274,984"
12/31/2020,SIR,"2,162"
12/31/2020,MNR,"39,947"
12/31/2020,LIRR,"75,157"
12/31/2020,Bus,"792,993"
12/31/2020,BT,"706,032"
1/1/2021,BT,"446,899"
1/1/2021,Subway,"613,692"
1/1/2021,SIR,805
1/1/2021,MNR,"14,988"
1/1/2021,LIRR,"28,977"
1/1/2021,Bus,"378,288"
1/1/2021,AAR,"5,960"
1/2/2021,BT,"626,033"
1/2/2021,Subway,"988,418"
1/2/2021,SIR,"1,194"
1/2/2021,MNR,"23,139"
1/2/2021,LIRR,"28,879"
1/2/2021,Bus,"608,686"
1/2/2021,AAR,"10,450"
1/3/2021,BT,"497,567"
1/3/2021,Subway,"653,187"
1/3/2021,SIR,728
1/3/2021,MNR,"15,546"
1/3/2021,LIRR,"20,819"
1/3/2021,Bus,"413,820"
1/3/2021,AAR,"9,745"
1/4/2021,AAR,"20,612"
1/4/2021,Subway,"1,557,977"
1/4/2021,SIR,"3,260"
1/4/2021,MNR,"35,679"
1/4/2021,LIRR,"71,078"
1/4/2021,Bus,"964,597"
1/4/2021,BT,"689,950"
1/5/2021,AAR,"21,641"
1/5/2021,Subway,"1,597,518"
1/5/2021,SIR,"3,392"
1/5/2021,MNR,"35,805"
1/5/2021,LIRR,"70,424"
1/5/2021,Bus,"990,479"
1/5/2021,BT,"710,475"
1/6/2021,BT,"744,816"
1/6/2021,Subway,"1,613,629"
1/6/2021,SIR,"3,260"
1/6/2021,MNR,"35,857"
1/6/2021,LIRR,"70,289"
1/6/2021,Bus,"996,123"
1/6/2021,AAR,"22,795"
1/7/2021,BT,"738,699"
1/7/2021,Subway,"1,611,099"
1/7/2021,SIR,"3,149"
1/7/2021,MNR,"36,344"
1/7/2021,LIRR,"69,695"
1/7/2021,Bus,"989,097"
1/7/2021,AAR,"21,571"
1/8/2021,AAR,"21,641"
1/8/2021,Subway,"1,619,242"
1/8/2021,SIR,"3,017"
1/8/2021,MNR,"39,102"
1/8/2021,LIRR,"68,649"
1/8/2021,Bus,"982,175"
1/8/2021,BT,"756,595"
1/9/2021,AAR,"12,023"
1/9/2021,Subway,"990,412"
1/9/2021,SIR,806
1/9/2021,MNR,"22,332"
1/9/2021,LIRR,"26,962"
1/9/2021,Bus,"643,475"
1/9/2021,BT,"632,270"
1/10/2021,Bus,"501,437"
1/10/2021,Subway,"763,097"
1/10/2021,SIR,593
1/10/2021,AAR,"9,467"
1/10/2021,MNR,"18,076"
1/10/2021,LIRR,"23,751"
1/10/2021,BT,"565,726"
1/11/2021,BT,"709,963"
1/11/2021,Subway,"1,568,207"
1/11/2021,SIR,"3,123"
1/11/2021,MNR,"36,015"
1/11/2021,LIRR,"72,285"
1/11/2021,Bus,"966,517"
1/11/2021,AAR,"21,089"
1/12/2021,BT,"732,786"
1/12/2021,Subway,"1,640,428"
1/12/2021,SIR,"3,297"
1/12/2021,MNR,"36,563"
1/12/2021,LIRR,"71,403"
1/12/2021,Bus,"997,279"
1/12/2021,AAR,"21,623"
1/13/2021,AAR,"22,720"
1/13/2021,Subway,"1,641,652"
1/13/2021,SIR,"3,160"
1/13/2021,MNR,"36,488"
1/13/2021,LIRR,"70,591"
1/13/2021,Bus,"996,646"
1/13/2021,BT,"740,020"
1/14/2021,AAR,"21,950"
1/14/2021,Subway,"1,647,396"
1/14/2021,SIR,"3,234"
1/14/2021,MNR,"37,403"
1/14/2021,LIRR,"70,937"
1/14/2021,Bus,"1,017,757"
1/14/2021,BT,"755,924"
1/15/2021,BT,"790,866"
1/15/2021,Subway,"1,627,120"
1/15/2021,SIR,"2,978"
1/15/2021,MNR,"41,025"
1/15/2021,LIRR,"70,180"
1/15/2021,Bus,"981,817"
1/15/2021,AAR,"21,819"
1/16/2021,BT,"632,549"
1/16/2021,Subway,"991,500"
1/16/2021,SIR,"1,099"
1/16/2021,MNR,"22,548"
1/16/2021,LIRR,"27,116"
1/16/2021,Bus,"645,625"
1/16/2021,AAR,"11,654"
1/17/2021,AAR,"9,880"
1/17/2021,Subway,"797,654"
1/17/2021,SIR,910
1/17/2021,MNR,"20,269"
1/17/2021,LIRR,"24,223"
1/17/2021,Bus,"504,031"
1/17/2021,BT,"582,016"
1/18/2021,MNR,"22,337"
1/18/2021,Subway,"1,276,978"
1/18/2021,SIR,"2,141"
1/18/2021,LIRR,"68,674"
1/18/2021,Bus,"766,926"
1/18/2021,BT,"691,017"
1/18/2021,AAR,"14,124"
1/19/2021,BT,"738,221"
1/19/2021,Subway,"1,635,915"
1/19/2021,SIR,"3,328"
1/19/2021,MNR,"36,885"
1/19/2021,LIRR,"72,565"
1/19/2021,Bus,"1,013,616"
1/19/2021,AAR,"21,049"
1/20/2021,BT,"714,588"
1/20/2021,Subway,"1,575,075"
1/20/2021,SIR,"2,963"
1/20/2021,MNR,"35,263"
1/20/2021,LIRR,"67,925"
1/20/2021,Bus,"921,371"
1/20/2021,AAR,"19,281"
1/21/2021,BT,"762,233"
1/21/2021,Subway,"1,652,842"
1/21/2021,SIR,"3,258"
1/21/2021,MNR,"37,003"
1/21/2021,LIRR,"71,225"
1/21/2021,Bus,"1,007,042"
1/21/2021,AAR,"19,925"
1/22/2021,AAR,"20,375"
1/22/2021,Subway,"1,672,001"
1/22/2021,SIR,"3,174"
1/22/2021,MNR,"40,981"
1/22/2021,LIRR,"71,317"
1/22/2021,Bus,"1,018,584"
1/22/2021,BT,"789,504"
1/23/2021,AAR,"10,536"
1/23/2021,Subway,"997,551"
1/23/2021,SIR,"1,114"
1/23/2021,MNR,"22,216"
1/23/2021,LIRR,"27,942"
1/23/2021,Bus,"619,673"
1/23/2021,BT,"641,840"
1/24/2021,BT,"561,859"
1/24/2021,Subway,"741,139"
1/24/2021,SIR,821
1/24/2021,MNR,"17,881"
1/24/2021,LIRR,"23,974"
1/24/2021,Bus,"458,203"
1/24/2021,AAR,"8,317"
1/25/2021,BT,"729,490"
1/25/2021,Subway,"1,592,468"
1/25/2021,SIR,"3,226"
1/25/2021,MNR,"36,509"
1/25/2021,LIRR,"73,131"
1/25/2021,Bus,"978,987"
1/25/2021,AAR,"19,991"
1/26/2021,AAR,"18,115"
1/26/2021,Subway,"1,550,953"
1/26/2021,SIR,"2,965"
1/26/2021,MNR,"34,574"
1/26/2021,LIRR,"68,237"
1/26/2021,Bus,"911,579"
1/26/2021,BT,"655,013"
1/27/2021,MNR,"35,635"
1/27/2021,Subway,"1,660,278"
1/27/2021,SIR,"3,098"
1/27/2021,LIRR,"70,353"
1/27/2021,Bus,"1,004,792"
1/27/2021,BT,"742,279"
1/27/2021,AAR,"19,841"
1/28/2021,Bus,"950,205"
1/28/2021,Subway,"1,646,806"
1/28/2021,SIR,"3,208"
1/28/2021,AAR,"20,139"
1/28/2021,MNR,"37,015"
1/28/2021,LIRR,"70,023"
1/28/2021,BT,"770,803"
1/29/2021,BT,"782,378"
1/29/2021,Subway,"1,511,680"
1/29/2021,SIR,"2,646"
1/29/2021,MNR,"37,760"
1/29/2021,LIRR,"65,128"
1/29/2021,Bus,"812,264"
1/29/2021,AAR,"19,047"
1/30/2021,BT,"654,176"
1/30/2021,Subway,"942,615"
1/30/2021,SIR,811
1/30/2021,MNR,"21,229"
1/30/2021,LIRR,"26,642"
1/30/2021,Bus,"566,837"
1/30/2021,AAR,"10,284"
1/31/2021,AAR,"8,616"
1/31/2021,Subway,"722,853"
1/31/2021,SIR,620
1/31/2021,MNR,"17,531"
1/31/2021,LIRR,"23,091"
1/31/2021,Bus,"427,945"
1/31/2021,BT,"574,927"
2/1/2021,MNR,"12,093"
2/1/2021,Subway,"583,230"
2/1/2021,SIR,954
2/1/2021,LIRR,"8,611"
2/1/2021,Bus,"337,228"
2/1/2021,BT,"157,422"
2/1/2021,AAR,"12,202"
2/2/2021,BT,"312,589"
2/2/2021,Subway,"1,005,985"
2/2/2021,SIR,"1,517"
2/2/2021,MNR,"22,258"
2/2/2021,LIRR,"22,756"
2/2/2021,Bus,"543,073"
2/2/2021,AAR,"8,155"
2/3/2021,BT,"658,681"
2/3/2021,Subway,"1,702,598"
2/3/2021,SIR,"3,057"
2/3/2021,MNR,"36,347"
2/3/2021,LIRR,"69,068"
2/3/2021,Bus,"949,695"
2/3/2021,AAR,"16,869"
2/4/2021,BT,"744,332"
2/4/2021,Subway,"1,785,833"
2/4/2021,SIR,"3,381"
2/4/2021,MNR,"37,590"
2/4/2021,LIRR,"71,341"
2/4/2021,Bus,"1,033,791"
2/4/2021,AAR,"20,328"
2/5/2021,AAR,"20,136"
2/5/2021,Subway,"1,741,015"
2/5/2021,SIR,"3,115"
2/5/2021,MNR,"40,322"
2/5/2021,LIRR,"68,866"
2/5/2021,Bus,"1,001,775"
2/5/2021,BT,"768,269"
2/6/2021,AAR,"12,020"
2/6/2021,Subway,"1,148,477"
2/6/2021,SIR,"1,280"
2/6/2021,MNR,"25,168"
2/6/2021,LIRR,"29,248"
2/6/2021,Bus,"715,717"
2/6/2021,BT,"691,034"
2/7/2021,BT,"340,934"
2/7/2021,Subway,"652,521"
2/7/2021,SIR,736
2/7/2021,MNR,"14,068"
2/7/2021,LIRR,"17,110"
2/7/2021,Bus,"367,095"
2/7/2021,AAR,"7,115"
2/8/2021,BT,"703,137"
2/8/2021,Subway,"1,639,753"
2/8/2021,SIR,"3,075"
2/8/2021,MNR,"36,921"
2/8/2021,LIRR,"70,984"
2/8/2021,Bus,"964,007"
2/8/2021,AAR,"17,786"
2/9/2021,BT,"684,228"
2/9/2021,Subway,"1,666,467"
2/9/2021,SIR,"3,123"
2/9/2021,MNR,"34,582"
2/9/2021,LIRR,"69,548"
2/9/2021,Bus,"992,290"
2/9/2021,AAR,"19,386"
2/10/2021,AAR,"22,169"
2/10/2021,Subway,"1,750,121"
2/10/2021,SIR,"3,284"
2/10/2021,MNR,"36,580"
2/10/2021,LIRR,"71,257"
2/10/2021,Bus,"1,052,021"
2/10/2021,BT,"771,226"
2/11/2021,AAR,"20,144"
2/11/2021,Subway,"1,714,656"
2/11/2021,SIR,"3,148"
2/11/2021,MNR,"37,230"
2/11/2021,LIRR,"70,196"
2/11/2021,Bus,"1,005,348"
2/11/2021,BT,"757,548"
2/12/2021,BT,"806,177"
2/12/2021,Subway,"1,706,430"
2/12/2021,SIR,"2,823"
2/12/2021,MNR,"42,228"
2/12/2021,LIRR,"72,130"
2/12/2021,Bus,"965,421"
2/12/2021,AAR,"20,165"
2/13/2021,BT,"668,385"
2/13/2021,Subway,"1,092,063"
2/13/2021,SIR,"1,198"
2/13/2021,MNR,"25,456"
2/13/2021,LIRR,"29,284"
2/13/2021,Bus,"656,637"
2/13/2021,AAR,"11,669"
2/14/2021,AAR,"7,835"
2/14/2021,Subway,"858,014"
2/14/2021,SIR,863
2/14/2021,MNR,"20,489"
2/14/2021,LIRR,"23,392"
2/14/2021,Bus,"479,319"
2/14/2021,BT,"552,596"
2/15/2021,AAR,"11,437"
2/15/2021,Subway,"1,218,593"
2/15/2021,SIR,"1,764"
2/15/2021,MNR,"21,792"
2/15/2021,LIRR,"65,652"
2/15/2021,Bus,"726,412"
2/15/2021,BT,"643,715"
2/16/2021,Bus,"963,223"
2/16/2021,Subway,"1,627,528"
2/16/2021,SIR,"3,211"
2/16/2021,AAR,"19,126"
2/16/2021,MNR,"36,234"
2/16/2021,LIRR,"72,718"
2/16/2021,BT,"728,390"
2/17/2021,BT,"826,880"
2/17/2021,Subway,"1,733,160"
2/17/2021,SIR,"3,349"
2/17/2021,MNR,"39,205"
2/17/2021,LIRR,"74,219"
2/17/2021,Bus,"1,061,711"
2/17/2021,AAR,"22,336"
2/18/2021,BT,"457,873"
2/18/2021,Subway,"1,381,886"
2/18/2021,SIR,"2,521"
2/18/2021,MNR,"31,747"
2/18/2021,LIRR,"57,987"
2/18/2021,Bus,"725,951"
2/18/2021,AAR,"15,843"
2/19/2021,AAR,"14,172"
2/19/2021,Subway,"1,566,021"
2/19/2021,SIR,"2,707"
2/19/2021,MNR,"38,307"
2/19/2021,LIRR,"64,121"
2/19/2021,Bus,"809,308"
2/19/2021,BT,"609,824"
2/20/2021,AAR,"10,578"
2/20/2021,Subway,"1,110,589"
2/20/2021,SIR,"1,381"
2/20/2021,MNR,"25,729"
2/20/2021,LIRR,"30,920"
2/20/2021,Bus,"679,240"
2/20/2021,BT,"658,685"
2/21/2021,BT,"606,743"
2/21/2021,Subway,"836,095"
2/21/2021,SIR,956
2/21/2021,MNR,"19,844"
2/21/2021,LIRR,"25,208"
2/21/2021,Bus,"516,715"
2/21/2021,AAR,"9,195"
2/22/2021,BT,"693,705"
2/22/2021,Subway,"1,582,054"
2/22/2021,SIR,"3,079"
2/22/2021,MNR,"35,468"
2/22/2021,LIRR,"69,741"
2/22/2021,Bus,"927,414"
2/22/2021,AAR,"19,015"
2/23/2021,AAR,"20,852"
2/23/2021,Subway,"1,730,198"
2/23/2021,SIR,"3,406"
2/23/2021,MNR,"37,505"
2/23/2021,LIRR,"73,492"
2/23/2021,Bus,"1,040,398"
2/23/2021,BT,"762,056"
2/24/2021,MNR,"39,124"
2/24/2021,Subway,"1,806,306"
2/24/2021,SIR,"3,546"
2/24/2021,LIRR,"74,777"
2/24/2021,Bus,"1,099,351"
2/24/2021,BT,"799,814"
2/24/2021,AAR,"23,223"
2/25/2021,BT,"816,902"
2/25/2021,Subway,"1,798,165"
2/25/2021,SIR,"3,543"
2/25/2021,MNR,"39,397"
2/25/2021,LIRR,"75,030"
2/25/2021,Bus,"1,069,420"
2/25/2021,AAR,"22,138"
2/26/2021,BT,"853,307"
2/26/2021,Subway,"1,822,812"
2/26/2021,SIR,"3,359"
2/26/2021,MNR,"44,410"
2/26/2021,LIRR,"76,696"
2/26/2021,Bus,"1,065,376"
2/26/2021,AAR,"21,911"
2/27/2021,BT,"683,410"
2/27/2021,Subway,"1,072,932"
2/27/2021,SIR,"1,324"
2/27/2021,MNR,"24,256"
2/27/2021,LIRR,"28,849"
2/27/2021,Bus,"635,820"
2/27/2021,AAR,"11,319"
2/28/2021,AAR,"8,910"
2/28/2021,Subway,"810,071"
2/28/2021,SIR,972
2/28/2021,MNR,"20,086"
2/28/2021,LIRR,"23,778"
2/28/2021,Bus,"491,545"
2/28/2021,BT,"621,280"
3/1/2021,AAR,"20,359"
3/1/2021,Subway,"1,696,274"
3/1/2021,SIR,"3,333"
3/1/2021,MNR,"36,339"
3/1/2021,LIRR,"74,430"
3/1/2021,Bus,"1,020,837"
3/1/2021,BT,"749,977"
3/2/2021,BT,"765,693"
3/2/2021,Subway,"1,749,511"
3/2/2021,SIR,"3,472"
3/2/2021,MNR,"36,611"
3/2/2021,LIRR,"75,335"
3/2/2021,Bus,"1,024,511"
3/2/2021,AAR,"20,640"
3/3/2021,BT,"800,979"
3/3/2021,Subway,"1,846,431"
3/3/2021,SIR,"3,569"
3/3/2021,MNR,"39,651"
3/3/2021,LIRR,"78,770"
3/3/2021,Bus,"1,119,137"
3/3/2021,AAR,"22,823"
3/4/2021,AAR,"21,727"
3/4/2021,Subway,"1,808,744"
3/4/2021,SIR,"3,456"
3/4/2021,MNR,"39,730"
3/4/2021,LIRR,"78,642"
3/4/2021,Bus,"1,078,036"
3/4/2021,BT,"809,641"
3/5/2021,MNR,"45,027"
3/5/2021,Subway,"1,825,915"
3/5/2021,SIR,"3,270"
3/5/2021,LIRR,"79,104"
3/5/2021,Bus,"1,041,408"
3/5/2021,BT,"848,562"
3/5/2021,AAR,"21,842"
3/6/2021,LIRR,"37,158"
3/6/2021,Subway,"1,167,884"
3/6/2021,SIR,3
3/6/2021,BT,"729,902"
3/6/2021,AAR,"11,951"
3/6/2021,MNR,"27,276"
3/6/2021,Bus,"696,719"
3/7/2021,BT,"663,948"
3/7/2021,Subway,"894,119"
3/7/2021,SIR,58
3/7/2021,MNR,"21,547"
3/7/2021,LIRR,"29,306"
3/7/2021,Bus,"525,930"
3/7/2021,AAR,"9,843"
3/8/2021,BT,"770,032"
3/8/2021,Subway,"1,719,586"
3/8/2021,SIR,"3,344"
3/8/2021,MNR,"39,763"
3/8/2021,LIRR,"79,355"
3/8/2021,Bus,"1,039,763"
3/8/2021,AAR,"20,685"
3/9/2021,AAR,"22,200"
3/9/2021,Subway,"1,834,068"
3/9/2021,SIR,"3,602"
3/9/2021,MNR,"40,944"
3/9/2021,LIRR,"79,269"
3/9/2021,Bus,"1,101,988"
3/9/2021,BT,"793,851"
3/10/2021,MNR,"41,488"
3/10/2021,Subway,"1,849,077"
3/10/2021,SIR,"3,625"
3/10/2021,LIRR,"78,069"
3/10/2021,Bus,"1,104,610"
3/10/2021,BT,"807,054"
3/10/2021,AAR,"22,774"
3/11/2021,BT,"839,112"
3/11/2021,Subway,"1,881,902"
3/11/2021,SIR,"3,682"
3/11/2021,MNR,"42,543"
3/11/2021,LIRR,"80,398"
3/11/2021,Bus,"1,107,502"
3/11/2021,AAR,"22,617"
3/12/2021,BT,"875,441"
3/12/2021,Subway,"1,914,465"
3/12/2021,SIR,"3,507"
3/12/2021,MNR,"48,553"
3/12/2021,LIRR,"82,399"
3/12/2021,Bus,"1,092,388"
3/12/2021,AAR,"21,724"
3/13/2021,BT,"778,578"
3/13/2021,Subway,"1,257,372"
3/13/2021,SIR,
3/13/2021,MNR,"31,500"
3/13/2021,LIRR,"38,465"
3/13/2021,Bus,"730,218"
3/13/2021,AAR,"11,932"
3/14/2021,AAR,"9,732"
3/14/2021,Subway,"923,968"
3/14/2021,SIR,
3/14/2021,MNR,"22,347"
3/14/2021,LIRR,"30,405"
3/14/2021,Bus,"531,754"
3/14/2021,BT,"674,893"
3/15/2021,AAR,"19,986"
3/15/2021,Subway,"1,730,024"
3/15/2021,SIR,"3,264"
3/15/2021,MNR,"39,529"
3/15/2021,LIRR,"79,331"
3/15/2021,Bus,"1,023,990"
3/15/2021,BT,"777,009"
3/16/2021,BT,"790,665"
3/16/2021,Subway,"1,798,288"
3/16/2021,SIR,"3,394"
3/16/2021,MNR,"40,038"
3/16/2021,LIRR,"77,672"
3/16/2021,Bus,"1,062,179"
3/16/2021,AAR,"20,903"
3/17/2021,BT,"811,451"
3/17/2021,Subway,"1,866,414"
3/17/2021,SIR,"3,465"
3/17/2021,MNR,"41,682"
3/17/2021,LIRR,"81,431"
3/17/2021,Bus,"1,103,979"
3/17/2021,AAR,"22,323"
3/18/2021,BT,"802,401"
3/18/2021,Subway,"1,771,092"
3/18/2021,SIR,"3,283"
3/18/2021,MNR,"39,884"
3/18/2021,LIRR,"76,532"
3/18/2021,Bus,"1,019,472"
3/18/2021,AAR,"20,264"
3/19/2021,AAR,"20,357"
3/19/2021,Subway,"1,906,749"
3/19/2021,SIR,"3,331"
3/19/2021,MNR,"46,605"
3/19/2021,LIRR,"80,041"
3/19/2021,Bus,"1,083,647"
3/19/2021,BT,"866,162"
3/20/2021,AAR,"12,558"
3/20/2021,Subway,"1,307,403"
3/20/2021,SIR,
3/20/2021,MNR,"33,068"
3/20/2021,LIRR,"41,743"
3/20/2021,Bus,"768,908"
3/20/2021,BT,"789,944"
3/21/2021,BT,"737,403"
3/21/2021,Subway,"1,013,386"
3/21/2021,SIR,
3/21/2021,MNR,"26,380"
3/21/2021,LIRR,"34,693"
3/21/2021,Bus,"579,358"
3/21/2021,AAR,"10,358"
3/22/2021,BT,"790,925"
3/22/2021,Subway,"1,801,438"
3/22/2021,SIR,"3,646"
3/22/2021,MNR,"43,281"
3/22/2021,LIRR,"84,171"
3/22/2021,Bus,"1,095,241"
3/22/2021,AAR,"20,427"
3/23/2021,AAR,"21,590"
3/23/2021,Subway,"1,879,574"
3/23/2021,SIR,"3,727"
3/23/2021,MNR,"41,654"
3/23/2021,LIRR,"83,106"
3/23/2021,Bus,"1,133,504"
3/23/2021,BT,"812,727"
3/24/2021,AAR,"21,651"
3/24/2021,Subway,"1,828,084"
3/24/2021,SIR,"3,578"
3/24/2021,MNR,"40,301"
3/24/2021,LIRR,"79,590"
3/24/2021,Bus,"1,075,968"
3/24/2021,BT,"796,805"
3/25/2021,Bus,"1,127,964"
3/25/2021,Subway,"1,925,768"
3/25/2021,SIR,"3,747"
3/25/2021,AAR,"21,763"
3/25/2021,MNR,"44,105"
3/25/2021,LIRR,"83,556"
3/25/2021,BT,"850,151"
3/26/2021,BT,"868,437"
3/26/2021,Subway,"1,938,246"
3/26/2021,SIR,"3,536"
3/26/2021,MNR,"49,529"
3/26/2021,LIRR,"84,436"
3/26/2021,Bus,"1,091,753"
3/26/2021,AAR,"20,805"
3/27/2021,BT,"843,498"
3/27/2021,Subway,"1,374,266"
3/27/2021,SIR,
3/27/2021,MNR,"38,301"
3/27/2021,LIRR,"47,484"
3/27/2021,Bus,"781,981"
3/27/2021,AAR,"12,900"
3/28/2021,AAR,"9,104"
3/28/2021,Subway,"807,247"
3/28/2021,SIR,
3/28/2021,MNR,"21,000"
3/28/2021,LIRR,"28,347"
3/28/2021,Bus,"459,949"
3/28/2021,BT,"603,133"
3/29/2021,AAR,"18,543"
3/29/2021,Subway,"1,742,162"
3/29/2021,SIR,"3,378"
3/29/2021,MNR,"44,240"
3/29/2021,LIRR,"86,467"
3/29/2021,Bus,"1,002,597"
3/29/2021,BT,"765,733"
3/30/2021,BT,"844,533"
3/30/2021,Subway,"1,881,537"
3/30/2021,SIR,"3,806"
3/30/2021,MNR,"46,574"
3/30/2021,LIRR,"91,258"
3/30/2021,Bus,"1,079,381"
3/30/2021,AAR,"21,019"
3/31/2021,BT,"835,543"
3/31/2021,Subway,"1,808,546"
3/31/2021,SIR,"3,526"
3/31/2021,MNR,"43,954"
3/31/2021,LIRR,"84,850"
3/31/2021,Bus,"995,873"
3/31/2021,AAR,"20,374"
4/1/2021,AAR,"20,490"
4/1/2021,Subway,"1,841,815"
4/1/2021,SIR,"3,434"
4/1/2021,MNR,"38,466"
4/1/2021,LIRR,"77,285"
4/1/2021,Bus,"1,030,209"
4/1/2021,BT,"858,814"
4/2/2021,MNR,"49,308"
4/2/2021,Subway,"1,757,698"
4/2/2021,SIR,"3,070"
4/2/2021,LIRR,"79,770"
4/2/2021,Bus,"958,085"
4/2/2021,BT,"847,596"
4/2/2021,AAR,"18,839"
4/3/2021,BT,"781,573"
4/3/2021,Subway,"1,318,461"
4/3/2021,SIR,"1,503"
4/3/2021,MNR,"37,706"
4/3/2021,LIRR,"47,662"
4/3/2021,Bus,"750,682"
4/3/2021,AAR,"12,735"
4/4/2021,BT,"751,492"
4/4/2021,Subway,"950,194"
4/4/2021,SIR,"1,066"
4/4/2021,MNR,"30,673"
4/4/2021,LIRR,"40,868"
4/4/2021,Bus,"519,812"
4/4/2021,AAR,"11,632"
4/5/2021,BT,"834,568"
4/5/2021,Subway,"1,818,703"
4/5/2021,SIR,"3,431"
4/5/2021,MNR,"46,156"
4/5/2021,LIRR,"87,048"
4/5/2021,Bus,"1,088,750"
4/5/2021,AAR,"19,970"
4/6/2021,AAR,"21,695"
4/6/2021,Subway,"1,942,198"
4/6/2021,SIR,"3,873"
4/6/2021,MNR,"45,178"
4/6/2021,LIRR,"85,757"
4/6/2021,Bus,"1,155,101"
4/6/2021,BT,"842,891"
4/7/2021,AAR,"23,469"
4/7/2021,Subway,"1,985,370"
4/7/2021,SIR,"3,809"
4/7/2021,MNR,"45,747"
4/7/2021,LIRR,"85,479"
4/7/2021,Bus,"1,172,362"
4/7/2021,BT,"861,139"
4/8/2021,BT,"880,644"
4/8/2021,Subway,"2,013,413"
4/8/2021,SIR,"3,893"
4/8/2021,MNR,"47,059"
4/8/2021,LIRR,"86,715"
4/8/2021,Bus,"1,177,833"
4/8/2021,AAR,"22,579"
4/9/2021,BT,"897,983"
4/9/2021,Subway,"2,026,724"
4/9/2021,SIR,"3,686"
4/9/2021,MNR,"52,445"
4/9/2021,LIRR,"87,051"
4/9/2021,Bus,"1,144,311"
4/9/2021,AAR,"21,978"
4/10/2021,AAR,"12,713"
4/10/2021,Subway,"1,391,245"
4/10/2021,SIR,"1,500"
4/10/2021,MNR,"36,629"
4/10/2021,LIRR,"45,962"
4/10/2021,Bus,"790,023"
4/10/2021,BT,"824,102"
4/11/2021,MNR,"22,933"
4/11/2021,Subway,"899,646"
4/11/2021,SIR,"1,020"
4/11/2021,LIRR,"32,034"
4/11/2021,Bus,"504,407"
4/11/2021,BT,"668,094"
4/11/2021,AAR,"9,742"
4/12/2021,Bus,"1,087,799"
4/12/2021,Subway,"1,845,836"
4/12/2021,SIR,"3,418"
4/12/2021,AAR,"21,192"
4/12/2021,MNR,"43,563"
4/12/2021,LIRR,"83,124"
4/12/2021,BT,"795,751"
4/13/2021,BT,"834,987"
4/13/2021,Subway,"2,012,153"
4/13/2021,SIR,"3,877"
4/13/2021,MNR,"46,150"
4/13/2021,LIRR,"87,182"
4/13/2021,Bus,"1,196,355"
4/13/2021,AAR,"22,728"
4/14/2021,BT,"855,217"
4/14/2021,Subway,"2,018,126"
4/14/2021,SIR,"3,810"
4/14/2021,MNR,"47,970"
4/14/2021,LIRR,"86,698"
4/14/2021,Bus,"1,199,954"
4/14/2021,AAR,"23,462"
4/15/2021,AAR,"21,198"
4/15/2021,Subway,"1,906,733"
4/15/2021,SIR,"3,593"
4/15/2021,MNR,"44,175"
4/15/2021,LIRR,"81,762"
4/15/2021,Bus,"1,083,083"
4/15/2021,BT,"824,792"
4/16/2021,MNR,"54,355"
4/16/2021,Subway,"2,078,856"
4/16/2021,SIR,"3,591"
4/16/2021,LIRR,"87,190"
4/16/2021,Bus,"1,157,507"
4/16/2021,BT,"892,319"
4/16/2021,AAR,"21,632"
4/17/2021,BT,"814,841"
4/17/2021,Subway,"1,425,036"
4/17/2021,SIR,
4/17/2021,MNR,"39,789"
4/17/2021,LIRR,"49,901"
4/17/2021,Bus,"803,352"
4/17/2021,AAR,"13,313"
4/18/2021,BT,"755,021"
4/18/2021,Subway,"1,082,503"
4/18/2021,SIR,
4/18/2021,MNR,"30,983"
4/18/2021,LIRR,"38,263"
4/18/2021,Bus,"607,333"
4/18/2021,AAR,"10,865"
4/19/2021,BT,"818,994"
4/19/2021,Subway,"1,911,326"
4/19/2021,SIR,"3,634"
4/19/2021,MNR,"45,925"
4/19/2021,LIRR,"87,167"
4/19/2021,Bus,"1,147,977"
4/19/2021,AAR,"21,274"
4/20/2021,AAR,"23,528"
4/20/2021,Subway,"2,082,495"
4/20/2021,SIR,"4,135"
4/20/2021,MNR,"49,100"
4/20/2021,LIRR,"90,034"
4/20/2021,Bus,"1,223,642"
4/20/2021,BT,"863,148"
4/21/2021,AAR,"22,379"
4/21/2021,Subway,"1,965,922"
4/21/2021,SIR,"3,788"
4/21/2021,MNR,"45,253"
4/21/2021,LIRR,"83,533"
4/21/2021,Bus,"1,139,762"
4/21/2021,BT,"830,908"
4/22/2021,BT,"874,377"
4/22/2021,Subway,"2,040,232"
4/22/2021,SIR,"3,837"
4/22/2021,MNR,"46,790"
4/22/2021,LIRR,"86,606"
4/22/2021,Bus,"1,166,357"
4/22/2021,AAR,"21,832"
4/23/2021,BT,"923,361"
4/23/2021,Subway,"2,121,350"
4/23/2021,SIR,"3,737"
4/23/2021,MNR,"56,155"
4/23/2021,LIRR,"92,834"
4/23/2021,Bus,"1,184,193"
4/23/2021,AAR,"22,035"
4/24/2021,BT,"856,875"
4/24/2021,Subway,"1,520,057"
4/24/2021,SIR,
4/24/2021,MNR,"43,227"
4/24/2021,LIRR,"51,570"
4/24/2021,Bus,"809,163"
4/24/2021,AAR,"13,351"
4/25/2021,AAR,"9,777"
4/25/2021,Subway,"985,027"
4/25/2021,SIR,
4/25/2021,MNR,"23,855"
4/25/2021,LIRR,"34,054"
4/25/2021,Bus,"540,989"
4/25/2021,BT,"697,476"
4/26/2021,AAR,"21,083"
4/26/2021,Subway,"1,955,370"
4/26/2021,SIR,"3,761"
4/26/2021,MNR,"46,752"
4/26/2021,LIRR,"89,303"
4/26/2021,Bus,"1,156,913"
4/26/2021,BT,"829,098"
4/27/2021,BT,"842,367"
4/27/2021,Subway,"2,041,698"
4/27/2021,SIR,"4,020"
4/27/2021,MNR,"47,310"
4/27/2021,LIRR,"89,028"
4/27/2021,Bus,"1,198,299"
4/27/2021,AAR,"22,603"
4/28/2021,BT,"891,506"
4/28/2021,Subway,"2,135,793"
4/28/2021,SIR,"4,027"
4/28/2021,MNR,"50,011"
4/28/2021,LIRR,"92,150"
4/28/2021,Bus,"1,227,777"
4/28/2021,AAR,"24,412"
4/29/2021,AAR,"22,201"
4/29/2021,Subway,"2,028,524"
4/29/2021,SIR,"3,881"
4/29/2021,MNR,"47,785"
4/29/2021,LIRR,"88,705"
4/29/2021,Bus,"1,166,096"
4/29/2021,BT,"875,558"
4/30/2021,AAR,"22,322"
4/30/2021,Subway,"2,159,476"
4/30/2021,SIR,"3,699"
4/30/2021,MNR,"57,364"
4/30/2021,LIRR,"93,530"
4/30/2021,Bus,"1,185,321"
4/30/2021,BT,"925,495"
5/1/2021,Bus,"818,655"
5/1/2021,Subway,"1,515,211"
5/1/2021,SIR,
5/1/2021,AAR,"13,263"
5/1/2021,MNR,"41,395"
5/1/2021,LIRR,"51,067"
5/1/2021,BT,"851,688"
5/2/2021,BT,"811,745"
5/2/2021,Subway,"1,153,471"
5/2/2021,SIR,
5/2/2021,MNR,"32,683"
5/2/2021,LIRR,"41,827"
5/2/2021,Bus,"620,063"
5/2/2021,AAR,"11,541"
5/3/2021,BT,"830,922"
5/3/2021,Subway,"1,971,010"
5/3/2021,SIR,"3,744"
5/3/2021,MNR,"45,800"
5/3/2021,LIRR,"91,084"
5/3/2021,Bus,"1,165,505"
5/3/2021,AAR,"21,492"
5/4/2021,AAR,"22,962"
5/4/2021,Subway,"2,120,071"
5/4/2021,SIR,"4,181"
5/4/2021,MNR,"49,415"
5/4/2021,LIRR,"93,107"
5/4/2021,Bus,"1,227,250"
5/4/2021,BT,"853,754"
5/5/2021,AAR,"23,236"
5/5/2021,Subway,"2,074,543"
5/5/2021,SIR,"3,851"
5/5/2021,MNR,"48,351"
5/5/2021,LIRR,"91,994"
5/5/2021,Bus,"1,158,445"
5/5/2021,BT,"844,607"
5/6/2021,BT,"908,361"
5/6/2021,Subway,"2,199,943"
5/6/2021,SIR,"4,168"
5/6/2021,MNR,"52,748"
5/6/2021,LIRR,"94,244"
5/6/2021,Bus,"1,258,536"
5/6/2021,AAR,"23,792"
5/7/2021,BT,"939,468"
5/7/2021,Subway,"2,238,033"
5/7/2021,SIR,"3,827"
5/7/2021,MNR,"61,477"
5/7/2021,LIRR,"101,637"
5/7/2021,Bus,"1,222,741"
5/7/2021,AAR,"22,730"
5/8/2021,AAR,"13,339"
5/8/2021,Subway,"1,444,674"
5/8/2021,SIR,
5/8/2021,MNR,"42,664"
5/8/2021,LIRR,"56,309"
5/8/2021,Bus,"779,188"
5/8/2021,BT,"856,180"
5/9/2021,MNR,"37,795"
5/9/2021,Subway,"1,107,878"
5/9/2021,SIR,856
5/9/2021,LIRR,"54,074"
5/9/2021,Bus,"576,000"
5/9/2021,BT,"856,813"
5/9/2021,AAR,"13,897"
5/10/2021,BT,"847,057"
5/10/2021,Subway,"1,990,039"
5/10/2021,SIR,"3,850"
5/10/2021,MNR,"50,090"
5/10/2021,LIRR,"96,813"
5/10/2021,Bus,"1,149,109"
5/10/2021,AAR,"20,751"
5/11/2021,BT,"875,781"
5/11/2021,Subway,"2,148,322"
5/11/2021,SIR,"4,227"
5/11/2021,MNR,"51,588"
5/11/2021,LIRR,"97,358"
5/11/2021,Bus,"1,231,886"
5/11/2021,AAR,"22,751"
5/12/2021,BT,"890,320"
5/12/2021,Subway,"2,182,277"
5/12/2021,SIR,"4,193"
5/12/2021,MNR,"53,548"
5/12/2021,LIRR,"98,930"
5/12/2021,Bus,"1,238,990"
5/12/2021,AAR,"23,946"
5/13/2021,AAR,"23,439"
5/13/2021,Subway,"2,163,052"
5/13/2021,SIR,"4,112"
5/13/2021,MNR,"55,558"
5/13/2021,LIRR,"103,047"
5/13/2021,Bus,"1,182,347"
5/13/2021,BT,"921,006"
5/14/2021,AAR,"22,437"
5/14/2021,Subway,"2,266,974"
5/14/2021,SIR,"3,963"
5/14/2021,MNR,"63,394"
5/14/2021,LIRR,"104,885"
5/14/2021,Bus,"1,220,112"
5/14/2021,BT,"950,053"
5/15/2021,BT,"893,665"
5/15/2021,Subway,"1,637,231"
5/15/2021,SIR,11
5/15/2021,MNR,"49,401"
5/15/2021,LIRR,"63,079"
5/15/2021,Bus,"844,096"
5/15/2021,AAR,"13,516"
5/16/2021,BT,"815,930"
5/16/2021,Subway,"1,201,904"
5/16/2021,SIR,14
5/16/2021,MNR,"36,227"
5/16/2021,LIRR,"49,166"
5/16/2021,Bus,"621,750"
5/16/2021,AAR,"11,062"
5/17/2021,AAR,"20,779"
5/17/2021,Subway,"2,022,584"
5/17/2021,SIR,"3,990"
5/17/2021,MNR,"52,803"
5/17/2021,LIRR,"98,458"
5/17/2021,Bus,"1,157,960"
5/17/2021,BT,"812,362"
5/18/2021,AAR,"22,367"
5/18/2021,Subway,"2,150,049"
5/18/2021,SIR,"4,321"
5/18/2021,MNR,"54,920"
5/18/2021,LIRR,"100,430"
5/18/2021,Bus,"1,215,676"
5/18/2021,BT,"840,817"
5/19/2021,LIRR,"104,762"
5/19/2021,Subway,"2,257,549"
5/19/2021,SIR,"4,367"
5/19/2021,BT,"918,384"
5/19/2021,AAR,"23,784"
5/19/2021,MNR,"56,851"
5/19/2021,Bus,"1,253,578"
5/20/2021,BT,"934,700"
5/20/2021,Subway,"2,269,471"
5/20/2021,SIR,"4,441"
5/20/2021,MNR,"57,425"
5/20/2021,LIRR,"106,604"
5/20/2021,Bus,"1,243,965"
5/20/2021,AAR,"23,659"
5/21/2021,BT,"968,479"
5/21/2021,Subway,"2,331,876"
5/21/2021,SIR,"4,264"
5/21/2021,MNR,"67,283"
5/21/2021,LIRR,"110,077"
5/21/2021,Bus,"1,221,591"
5/21/2021,AAR,"22,520"
5/22/2021,AAR,"13,397"
5/22/2021,Subway,"1,645,268"
5/22/2021,SIR,"1,787"
5/22/2021,MNR,"51,249"
5/22/2021,LIRR,"66,293"
5/22/2021,Bus,"839,877"
5/22/2021,BT,"913,273"
5/23/2021,MNR,"40,613"
5/23/2021,Subway,"1,268,928"
5/23/2021,SIR,"1,358"
5/23/2021,LIRR,"58,005"
5/23/2021,Bus,"645,466"
5/23/2021,BT,"887,792"
5/23/2021,AAR,"11,765"
5/24/2021,BT,"872,507"
5/24/2021,Subway,"2,118,877"
5/24/2021,SIR,"4,252"
5/24/2021,MNR,"55,179"
5/24/2021,LIRR,"105,528"
5/24/2021,Bus,"1,192,453"
5/24/2021,AAR,"21,563"
5/25/2021,BT,"905,301"
5/25/2021,Subway,"2,270,945"
5/25/2021,SIR,"4,683"
5/25/2021,MNR,"58,737"
5/25/2021,LIRR,"110,871"
5/25/2021,Bus,"1,253,998"
5/25/2021,AAR,"22,854"
5/26/2021,BT,"923,924"
5/26/2021,Subway,"2,275,882"
5/26/2021,SIR,"4,429"
5/26/2021,MNR,"59,613"
5/26/2021,LIRR,"114,548"
5/26/2021,Bus,"1,241,052"
5/26/2021,AAR,"23,594"
5/27/2021,AAR,"23,450"
5/27/2021,Subway,"2,352,019"
5/27/2021,SIR,"4,619"
5/27/2021,MNR,"62,852"
5/27/2021,LIRR,"117,293"
5/27/2021,Bus,"1,246,269"
5/27/2021,BT,"973,897"
5/28/2021,AAR,"21,520"
5/28/2021,Subway,"2,232,599"
5/28/2021,SIR,"4,047"
5/28/2021,MNR,"66,048"
5/28/2021,LIRR,"112,780"
5/28/2021,Bus,"1,135,369"
5/28/2021,BT,"934,622"
5/29/2021,BT,"746,640"
5/29/2021,Subway,"1,370,135"
5/29/2021,SIR,"1,332"
5/29/2021,MNR,"38,894"
5/29/2021,LIRR,"54,774"
5/29/2021,Bus,"648,192"
5/29/2021,AAR,"11,734"
5/30/2021,BT,"665,576"
5/30/2021,Subway,"1,065,176"
5/30/2021,SIR,956
5/30/2021,MNR,"30,072"
5/30/2021,LIRR,"43,418"
5/30/2021,Bus,"484,864"
5/30/2021,AAR,"10,028"
5/31/2021,BT,"757,928"
5/31/2021,Subway,"1,389,651"
5/31/2021,SIR,"1,651"
5/31/2021,MNR,"43,039"
5/31/2021,LIRR,"102,292"
5/31/2021,Bus,"702,801"
5/31/2021,AAR,"10,380"
6/1/2021,AAR,"22,308"
6/1/2021,Subway,"2,258,831"
6/1/2021,SIR,"4,705"
6/1/2021,MNR,"94,923"
6/1/2021,LIRR,"114,759"
6/1/2021,Bus,"1,230,127"
6/1/2021,BT,"910,608"
6/2/2021,AAR,"24,325"
6/2/2021,Subway,"2,343,745"
6/2/2021,SIR,"4,772"
6/2/2021,MNR,"90,821"
6/2/2021,LIRR,"112,503"
6/2/2021,Bus,"1,249,102"
6/2/2021,BT,"913,501"
6/3/2021,BT,"898,343"
6/3/2021,Subway,"2,233,917"
6/3/2021,SIR,"4,419"
6/3/2021,MNR,"84,815"
6/3/2021,LIRR,"102,751"
6/3/2021,Bus,"1,143,159"
6/3/2021,AAR,"23,026"
6/4/2021,BT,"933,507"
6/4/2021,Subway,"2,310,032"
6/4/2021,SIR,"4,308"
6/4/2021,MNR,"88,908"
6/4/2021,LIRR,"104,564"
6/4/2021,Bus,"1,160,335"
6/4/2021,AAR,"22,743"
6/5/2021,AAR,"14,636"
6/5/2021,Subway,"1,792,204"
6/5/2021,SIR,
6/5/2021,MNR,"62,687"
6/5/2021,LIRR,"72,827"
6/5/2021,Bus,"874,545"
6/5/2021,BT,"949,213"
6/6/2021,AAR,"12,514"
6/6/2021,Subway,"1,363,344"
6/6/2021,SIR,
6/6/2021,MNR,"51,469"
6/6/2021,LIRR,"61,866"
6/6/2021,Bus,"654,780"
6/6/2021,BT,"924,262"
6/7/2021,Bus,"1,200,737"
6/7/2021,Subway,"2,223,265"
6/7/2021,SIR,"4,348"
6/7/2021,AAR,"21,511"
6/7/2021,MNR,"89,412"
6/7/2021,LIRR,"112,097"
6/7/2021,BT,"900,055"
6/8/2021,BT,"881,384"
6/8/2021,Subway,"2,265,591"
6/8/2021,SIR,"4,561"
6/8/2021,MNR,"87,986"
6/8/2021,LIRR,"108,346"
6/8/2021,Bus,"1,175,335"
6/8/2021,AAR,"22,948"
6/9/2021,BT,"911,424"
6/9/2021,Subway,"2,386,026"
6/9/2021,SIR,"4,586"
6/9/2021,MNR,"90,641"
6/9/2021,LIRR,"107,918"
6/9/2021,Bus,"1,259,005"
6/9/2021,AAR,"23,868"
6/10/2021,AAR,"23,498"
6/10/2021,Subway,"2,473,818"
6/10/2021,SIR,"4,801"
6/10/2021,MNR,"91,323"
6/10/2021,LIRR,"113,236"
6/10/2021,Bus,"1,276,901"
6/10/2021,BT,"954,252"
6/11/2021,AAR,"23,324"
6/11/2021,Subway,"2,468,258"
6/11/2021,SIR,"4,371"
6/11/2021,MNR,"94,566"
6/11/2021,LIRR,"118,259"
6/11/2021,Bus,"1,221,484"
6/11/2021,BT,"971,852"
6/12/2021,BT,"921,587"
6/12/2021,Subway,"1,775,538"
6/12/2021,SIR,
6/12/2021,MNR,"61,468"
6/12/2021,LIRR,"68,188"
6/12/2021,Bus,"849,178"
6/12/2021,AAR,"14,450"
6/13/2021,BT,"889,307"
6/13/2021,Subway,"1,379,959"
6/13/2021,SIR,
6/13/2021,MNR,"51,712"
6/13/2021,LIRR,"59,186"
6/13/2021,Bus,"647,385"
6/13/2021,AAR,"12,047"
6/14/2021,AAR,"21,568"
6/14/2021,Subway,"2,223,186"
6/14/2021,SIR,"4,205"
6/14/2021,MNR,"91,064"
6/14/2021,LIRR,"115,254"
6/14/2021,Bus,"1,176,722"
6/14/2021,BT,"872,138"
6/15/2021,MNR,"96,688"
6/15/2021,Subway,"2,469,785"
6/15/2021,SIR,"4,925"
6/15/2021,LIRR,"117,580"
6/15/2021,Bus,"1,277,203"
6/15/2021,BT,"920,824"
6/15/2021,AAR,"23,460"
6/16/2021,BT,"949,017"
6/16/2021,Subway,"2,519,444"
6/16/2021,SIR,"4,745"
6/16/2021,MNR,"94,690"
6/16/2021,LIRR,"119,205"
6/16/2021,Bus,"1,288,040"
6/16/2021,AAR,"24,788"
6/17/2021,BT,"976,995"
6/17/2021,Subway,"2,552,497"
6/17/2021,SIR,"4,989"
6/17/2021,MNR,"98,435"
6/17/2021,LIRR,"121,580"
6/17/2021,Bus,"1,281,552"
6/17/2021,AAR,"23,292"
6/18/2021,BT,"992,677"
6/18/2021,Subway,"2,572,013"
6/18/2021,SIR,"4,549"
6/18/2021,MNR,"104,304"
6/18/2021,LIRR,"122,848"
6/18/2021,Bus,"1,235,675"
6/18/2021,AAR,"22,491"
6/19/2021,AAR,"13,949"
6/19/2021,Subway,"1,784,312"
6/19/2021,SIR,
6/19/2021,MNR,"66,134"
6/19/2021,LIRR,"76,508"
6/19/2021,Bus,"841,519"
6/19/2021,BT,"955,520"
6/20/2021,AAR,"13,189"
6/20/2021,Subway,"1,389,352"
6/20/2021,SIR,
6/20/2021,MNR,"60,876"
6/20/2021,LIRR,"76,969"
6/20/2021,Bus,"652,557"
6/20/2021,BT,"953,899"
6/21/2021,BT,"929,097"
6/21/2021,Subway,"2,264,368"
6/21/2021,SIR,"4,601"
6/21/2021,MNR,"95,740"
6/21/2021,LIRR,"123,918"
6/21/2021,Bus,"1,191,844"
6/21/2021,AAR,"20,512"
6/22/2021,BT,"899,940"
6/22/2021,Subway,"2,354,873"
6/22/2021,SIR,"4,648"
6/22/2021,MNR,"97,637"
6/22/2021,LIRR,"116,165"
6/22/2021,Bus,"1,172,110"
6/22/2021,AAR,"22,293"
6/23/2021,AAR,"24,223"
6/23/2021,Subway,"2,547,416"
6/23/2021,SIR,"5,027"
6/23/2021,MNR,"101,864"
6/23/2021,LIRR,"121,867"
6/23/2021,Bus,"1,264,095"
6/23/2021,BT,"950,036"
6/24/2021,MNR,"100,509"
6/24/2021,Subway,"2,552,639"
6/24/2021,SIR,"5,045"
6/24/2021,LIRR,"121,542"
6/24/2021,Bus,"1,248,843"
6/24/2021,BT,"981,805"
6/24/2021,AAR,"22,842"
6/25/2021,Bus,"1,214,123"
6/25/2021,Subway,"2,582,713"
6/25/2021,SIR,"4,712"
6/25/2021,AAR,"22,400"
6/25/2021,MNR,"100,537"
6/25/2021,LIRR,"126,722"
6/25/2021,BT,"991,962"
6/26/2021,BT,"952,815"
6/26/2021,Subway,"1,854,179"
6/26/2021,SIR,"1,682"
6/26/2021,MNR,"66,738"
6/26/2021,LIRR,"76,560"
6/26/2021,Bus,"841,585"
6/26/2021,AAR,"13,520"
6/27/2021,BT,"902,209"
6/27/2021,Subway,"1,559,967"
6/27/2021,SIR,"1,436"
6/27/2021,MNR,"62,411"
6/27/2021,LIRR,"75,058"
6/27/2021,Bus,"656,004"
6/27/2021,AAR,"11,883"
6/28/2021,AAR,"20,503"
6/28/2021,Subway,"2,252,362"
6/28/2021,SIR,"4,564"
6/28/2021,MNR,"101,482"
6/28/2021,LIRR,"122,263"
6/28/2021,Bus,"1,152,019"
6/28/2021,BT,"927,751"
6/29/2021,MNR,"97,829"
6/29/2021,Subway,"2,343,739"
6/29/2021,SIR,"4,717"
6/29/2021,LIRR,"119,355"
6/29/2021,Bus,"1,169,268"
6/29/2021,BT,"933,165"
6/29/2021,AAR,"21,612"
6/30/2021,BT,"948,951"
6/30/2021,Subway,"2,346,388"
6/30/2021,SIR,"4,476"
6/30/2021,MNR,"99,455"
6/30/2021,LIRR,"119,358"
6/30/2021,Bus,"1,139,886"
6/30/2021,AAR,"23,001"
7/1/2021,BT,"936,649"
7/1/2021,Subway,"2,292,461"
7/1/2021,SIR,"4,598"
7/1/2021,MNR,"90,018"
7/1/2021,LIRR,"114,363"
7/1/2021,Bus,"1,104,516"
7/1/2021,AAR,"22,011"
7/2/2021,BT,"922,888"
7/2/2021,Subway,"2,296,044"
7/2/2021,SIR,"4,258"
7/2/2021,MNR,"94,252"
7/2/2021,LIRR,"116,542"
7/2/2021,Bus,"1,121,116"
7/2/2021,AAR,"21,489"
7/3/2021,AAR,"12,676"
7/3/2021,Subway,"1,541,988"
7/3/2021,SIR,"1,768"
7/3/2021,MNR,"57,381"
7/3/2021,LIRR,"63,827"
7/3/2021,Bus,"738,089"
7/3/2021,BT,"779,202"
7/4/2021,AAR,"12,816"
7/4/2021,Subway,"1,468,510"
7/4/2021,SIR,"1,815"
7/4/2021,MNR,"63,948"
7/4/2021,LIRR,"70,165"
7/4/2021,Bus,"615,001"
7/4/2021,BT,"775,329"
7/5/2021,BT,"840,026"
7/5/2021,Subway,"1,495,709"
7/5/2021,SIR,"2,005"
7/5/2021,MNR,"59,711"
7/5/2021,LIRR,"78,370"
7/5/2021,Bus,"770,321"
7/5/2021,AAR,"10,303"
7/6/2021,BT,"906,534"
7/6/2021,Subway,"2,302,002"
7/6/2021,SIR,"4,690"
7/6/2021,MNR,"100,494"
7/6/2021,LIRR,"127,893"
7/6/2021,Bus,"1,181,416"
7/6/2021,AAR,"22,648"
7/7/2021,BT,"929,636"
7/7/2021,Subway,"2,437,064"
7/7/2021,SIR,"5,028"
7/7/2021,MNR,"99,137"
7/7/2021,LIRR,"122,603"
7/7/2021,Bus,"1,234,617"
7/7/2021,AAR,"23,637"
7/8/2021,AAR,"22,941"
7/8/2021,Subway,"2,364,250"
7/8/2021,SIR,"4,785"
7/8/2021,MNR,"93,197"
7/8/2021,LIRR,"116,274"
7/8/2021,Bus,"1,164,513"
7/8/2021,BT,"904,145"
7/9/2021,AAR,"20,632"
7/9/2021,Subway,"2,318,387"
7/9/2021,SIR,"4,325"
7/9/2021,MNR,"88,347"
7/9/2021,LIRR,"109,420"
7/9/2021,Bus,"1,115,969"
7/9/2021,BT,"891,652"
7/10/2021,BT,"928,279"
7/10/2021,Subway,"1,781,717"
7/10/2021,SIR,"2,204"
7/10/2021,MNR,"64,429"
7/10/2021,LIRR,"72,964"
7/10/2021,Bus,"855,908"
7/10/2021,AAR,"14,518"
7/11/2021,BT,"831,831"
7/11/2021,Subway,"1,365,854"
7/11/2021,SIR,"1,549"
7/11/2021,MNR,"53,178"
7/11/2021,LIRR,"62,559"
7/11/2021,Bus,"635,511"
7/11/2021,AAR,"11,725"
7/12/2021,AAR,"20,623"
7/12/2021,Subway,"2,245,412"
7/12/2021,SIR,"4,563"
7/12/2021,MNR,"99,023"
7/12/2021,LIRR,"120,503"
7/12/2021,Bus,"1,171,521"
7/12/2021,BT,"868,819"
7/13/2021,AAR,"22,286"
7/13/2021,Subway,"2,457,526"
7/13/2021,SIR,"5,117"
7/13/2021,MNR,"105,314"
7/13/2021,LIRR,"123,373"
7/13/2021,Bus,"1,239,045"
7/13/2021,BT,"898,686"
7/14/2021,Bus,"1,260,044"
7/14/2021,Subway,"2,517,615"
7/14/2021,SIR,"5,018"
7/14/2021,AAR,"23,662"
7/14/2021,MNR,"101,843"
7/14/2021,LIRR,"120,455"
7/14/2021,BT,"922,118"
7/15/2021,BT,"974,213"
7/15/2021,Subway,"2,581,582"
7/15/2021,SIR,"5,209"
7/15/2021,MNR,"105,171"
7/15/2021,LIRR,"125,587"
7/15/2021,Bus,"1,275,846"
7/15/2021,AAR,"23,772"
7/16/2021,BT,"986,778"
7/16/2021,Subway,"2,536,569"
7/16/2021,SIR,"4,626"
7/16/2021,MNR,"104,331"
7/16/2021,LIRR,"123,465"
7/16/2021,Bus,"1,219,118"
7/16/2021,AAR,"21,730"
7/17/2021,AAR,"13,228"
7/17/2021,Subway,"1,717,480"
7/17/2021,SIR,
7/17/2021,MNR,"64,513"
7/17/2021,LIRR,"73,001"
7/17/2021,Bus,"795,347"
7/17/2021,BT,"899,370"
7/18/2021,AAR,"11,313"
7/18/2021,Subway,"1,405,344"
7/18/2021,SIR,
7/18/2021,MNR,"56,174"
7/18/2021,LIRR,"67,362"
7/18/2021,Bus,"640,618"
7/18/2021,BT,"840,618"
7/19/2021,BT,"900,042"
7/19/2021,Subway,"2,327,756"
7/19/2021,SIR,"4,717"
7/19/2021,MNR,"103,403"
7/19/2021,LIRR,"126,653"
7/19/2021,Bus,"1,208,792"
7/19/2021,AAR,"20,276"
7/20/2021,BT,"927,426"
7/20/2021,Subway,"2,462,002"
7/20/2021,SIR,"5,015"
7/20/2021,MNR,"107,009"
7/20/2021,LIRR,"125,809"
7/20/2021,Bus,"1,217,802"
7/20/2021,AAR,"22,213"
7/21/2021,AAR,"22,865"
7/21/2021,Subway,"2,504,568"
7/21/2021,SIR,"4,934"
7/21/2021,MNR,"104,862"
7/21/2021,LIRR,"121,530"
7/21/2021,Bus,"1,225,595"
7/21/2021,BT,"917,932"
7/22/2021,MNR,"102,275"
7/22/2021,Subway,"2,582,151"
7/22/2021,SIR,"5,187"
7/22/2021,LIRR,"127,275"
7/22/2021,Bus,"1,279,778"
7/22/2021,BT,"966,822"
7/22/2021,AAR,"23,122"
7/23/2021,BT,"988,320"
7/23/2021,Subway,"2,552,330"
7/23/2021,SIR,"4,713"
7/23/2021,MNR,"101,070"
7/23/2021,LIRR,"130,474"
7/23/2021,Bus,"1,219,255"
7/23/2021,AAR,"22,314"
7/24/2021,BT,"952,994"
7/24/2021,Subway,"1,852,402"
7/24/2021,SIR,
7/24/2021,MNR,"68,579"
7/24/2021,LIRR,"84,852"
7/24/2021,Bus,"856,250"
7/24/2021,AAR,"14,042"
7/25/2021,BT,"866,473"
7/25/2021,Subway,"1,364,830"
7/25/2021,SIR,
7/25/2021,MNR,"53,090"
7/25/2021,LIRR,"66,417"
7/25/2021,Bus,"625,645"
7/25/2021,AAR,"11,419"
7/26/2021,AAR,"19,910"
7/26/2021,Subway,"2,318,455"
7/26/2021,SIR,"4,714"
7/26/2021,MNR,"101,260"
7/26/2021,LIRR,"129,875"
7/26/2021,Bus,"1,219,135"
7/26/2021,BT,"910,160"
7/27/2021,AAR,"22,609"
7/27/2021,Subway,"2,487,947"
7/27/2021,SIR,"5,132"
7/27/2021,MNR,"102,950"
7/27/2021,LIRR,"128,262"
7/27/2021,Bus,"1,267,804"
7/27/2021,BT,"922,003"
7/28/2021,BT,"935,188"
7/28/2021,Subway,"2,534,756"
7/28/2021,SIR,"5,004"
7/28/2021,MNR,"99,976"
7/28/2021,LIRR,"126,767"
7/28/2021,Bus,"1,276,296"
7/28/2021,AAR,"23,145"
7/29/2021,BT,"921,330"
7/29/2021,Subway,"2,428,764"
7/29/2021,SIR,"4,743"
7/29/2021,MNR,"94,716"
7/29/2021,LIRR,"120,318"
7/29/2021,Bus,"1,186,642"
7/29/2021,AAR,"22,164"
7/30/2021,AAR,"22,127"
7/30/2021,Subway,"2,557,677"
7/30/2021,SIR,"4,812"
7/30/2021,MNR,"103,531"
7/30/2021,LIRR,"131,905"
7/30/2021,Bus,"1,235,623"
7/30/2021,BT,"991,877"
7/31/2021,AAR,"13,932"
7/31/2021,Subway,"1,841,007"
7/31/2021,SIR,
7/31/2021,MNR,"67,121"
7/31/2021,LIRR,"85,371"
7/31/2021,Bus,"857,333"
7/31/2021,BT,"956,181"
8/1/2021,Bus,"629,963"
8/1/2021,Subway,"1,351,294"
8/1/2021,SIR,
8/1/2021,AAR,"11,627"
8/1/2021,MNR,"51,978"
8/1/2021,LIRR,"66,030"
8/1/2021,BT,"871,374"
8/2/2021,BT,"906,502"
8/2/2021,Subway,"2,333,923"
8/2/2021,SIR,"4,799"
8/2/2021,MNR,"102,349"
8/2/2021,LIRR,"126,151"
8/2/2021,Bus,"1,208,484"
8/2/2021,AAR,"19,824"
8/3/2021,BT,"907,760"
8/3/2021,Subway,"2,483,802"
8/3/2021,SIR,"5,262"
8/3/2021,MNR,"103,249"
8/3/2021,LIRR,"123,949"
8/3/2021,Bus,"1,262,043"
8/3/2021,AAR,"22,828"
8/4/2021,AAR,"23,611"
8/4/2021,Subway,"2,529,002"
8/4/2021,SIR,"5,016"
8/4/2021,MNR,"99,332"
8/4/2021,LIRR,"123,700"
8/4/2021,Bus,"1,257,876"
8/4/2021,BT,"923,926"
8/5/2021,MNR,"98,290"
8/5/2021,Subway,"2,529,190"
8/5/2021,SIR,"5,097"
8/5/2021,LIRR,"119,999"
8/5/2021,Bus,"1,259,332"
8/5/2021,BT,"959,300"
8/5/2021,AAR,"22,610"
8/6/2021,BT,"982,889"
8/6/2021,Subway,"2,519,444"
8/6/2021,SIR,"4,500"
8/6/2021,MNR,"101,218"
8/6/2021,LIRR,"123,238"
8/6/2021,Bus,"1,222,343"
8/6/2021,AAR,"22,179"
8/7/2021,BT,"926,001"
8/7/2021,Subway,"1,780,458"
8/7/2021,SIR,
8/7/2021,MNR,"67,267"
8/7/2021,LIRR,"76,835"
8/7/2021,Bus,"836,715"
8/7/2021,AAR,"14,108"
8/8/2021,BT,"845,442"
8/8/2021,Subway,"1,333,885"
8/8/2021,SIR,
8/8/2021,MNR,"54,265"
8/8/2021,LIRR,"61,066"
8/8/2021,Bus,"598,574"
8/8/2021,AAR,"11,934"
8/9/2021,AAR,"20,540"
8/9/2021,Subway,"2,289,434"
8/9/2021,SIR,"4,845"
8/9/2021,MNR,"95,599"
8/9/2021,LIRR,"109,865"
8/9/2021,Bus,"1,183,050"
8/9/2021,BT,"894,251"
8/10/2021,AAR,"23,079"
8/10/2021,Subway,"2,442,194"
8/10/2021,SIR,"5,037"
8/10/2021,MNR,"95,330"
8/10/2021,LIRR,"122,544"
8/10/2021,Bus,"1,245,670"
8/10/2021,BT,"908,343"
8/11/2021,BT,"934,364"
8/11/2021,Subway,"2,475,949"
8/11/2021,SIR,"4,928"
8/11/2021,MNR,"94,737"
8/11/2021,LIRR,"119,708"
8/11/2021,Bus,"1,246,306"
8/11/2021,AAR,"23,338"
8/12/2021,BT,"968,699"
8/12/2021,Subway,"2,448,589"
8/12/2021,SIR,"4,764"
8/12/2021,MNR,"90,818"
8/12/2021,LIRR,"119,717"
8/12/2021,Bus,"1,223,666"
8/12/2021,AAR,"22,427"
8/13/2021,BT,"982,039"
8/13/2021,Subway,"2,430,102"
8/13/2021,SIR,"4,522"
8/13/2021,MNR,"91,861"
8/13/2021,LIRR,"123,849"
8/13/2021,Bus,"1,189,426"
8/13/2021,AAR,"21,336"
8/14/2021,AAR,"13,157"
8/14/2021,Subway,"1,718,222"
8/14/2021,SIR,
8/14/2021,MNR,"57,650"
8/14/2021,LIRR,"75,664"
8/14/2021,Bus,"811,826"
8/14/2021,BT,"907,113"
8/15/2021,AAR,"12,395"
8/15/2021,Subway,"1,430,620"
8/15/2021,SIR,
8/15/2021,MNR,"54,362"
8/15/2021,LIRR,"72,983"
8/15/2021,Bus,"661,705"
8/15/2021,BT,"920,539"
8/16/2021,BT,"914,067"
8/16/2021,Subway,"2,287,627"
8/16/2021,SIR,"4,769"
8/16/2021,MNR,"100,258"
8/16/2021,LIRR,"123,942"
8/16/2021,Bus,"1,170,216"
8/16/2021,AAR,"20,087"
8/17/2021,BT,"912,824"
8/17/2021,Subway,"2,427,611"
8/17/2021,SIR,"5,081"
8/17/2021,MNR,"103,616"
8/17/2021,LIRR,"120,737"
8/17/2021,Bus,"1,209,633"
8/17/2021,AAR,"22,245"
8/18/2021,AAR,"22,715"
8/18/2021,Subway,"2,445,638"
8/18/2021,SIR,"4,878"
8/18/2021,MNR,"97,853"
8/18/2021,LIRR,"117,216"
8/18/2021,Bus,"1,210,760"
8/18/2021,BT,"921,094"
8/19/2021,AAR,"21,838"
8/19/2021,Subway,"2,439,624"
8/19/2021,SIR,"4,871"
8/19/2021,MNR,"93,036"
8/19/2021,LIRR,"117,409"
8/19/2021,Bus,"1,194,375"
8/19/2021,BT,"942,417"
8/20/2021,Bus,"1,183,308"
8/20/2021,Subway,"2,456,334"
8/20/2021,SIR,"4,590"
8/20/2021,AAR,"21,451"
8/20/2021,MNR,"99,533"
8/20/2021,LIRR,"124,627"
8/20/2021,BT,"973,262"
8/21/2021,BT,"944,121"
8/21/2021,Subway,"1,715,030"
8/21/2021,SIR,"1,409"
8/21/2021,MNR,"61,997"
8/21/2021,LIRR,"72,843"
8/21/2021,Bus,"822,340"
8/21/2021,AAR,"13,046"
8/22/2021,BT,"490,927"
8/22/2021,Subway,"745,240"
8/22/2021,SIR,560
8/22/2021,MNR,"16,121"
8/22/2021,LIRR,"27,528"
8/22/2021,Bus,"369,246"
8/22/2021,AAR,"7,979"
8/23/2021,AAR,"18,809"
8/23/2021,Subway,"2,052,669"
8/23/2021,SIR,"4,062"
8/23/2021,MNR,"84,223"
8/23/2021,LIRR,"110,003"
8/23/2021,Bus,"1,032,792"
8/23/2021,BT,"824,488"
8/24/2021,AAR,"22,679"
8/24/2021,Subway,"2,462,365"
8/24/2021,SIR,"5,041"
8/24/2021,MNR,"98,325"
8/24/2021,LIRR,"130,591"
8/24/2021,Bus,"1,234,884"
8/24/2021,BT,"946,414"
8/25/2021,BT,"960,229"
8/25/2021,Subway,"2,498,255"
8/25/2021,SIR,"5,165"
8/25/2021,MNR,"93,307"
8/25/2021,LIRR,"127,392"
8/25/2021,Bus,"1,236,342"
8/25/2021,AAR,"23,351"
8/26/2021,BT,"973,060"
8/26/2021,Subway,"2,480,137"
8/26/2021,SIR,"4,995"
8/26/2021,MNR,"91,039"
8/26/2021,LIRR,"122,067"
8/26/2021,Bus,"1,222,996"
8/26/2021,AAR,"22,068"
8/27/2021,AAR,"21,211"
8/27/2021,Subway,"2,388,210"
8/27/2021,SIR,"4,392"
8/27/2021,MNR,"90,532"
8/27/2021,LIRR,"119,665"
8/27/2021,Bus,"1,147,249"
8/27/2021,BT,"977,573"
8/28/2021,MNR,"56,208"
8/28/2021,Subway,"1,659,434"
8/28/2021,SIR,"1,661"
8/28/2021,LIRR,"68,988"
8/28/2021,Bus,"776,489"
8/28/2021,BT,"892,823"
8/28/2021,AAR,"12,760"
8/29/2021,BT,"888,164"
8/29/2021,Subway,"1,398,566"
8/29/2021,SIR,"2,076"
8/29/2021,MNR,"54,068"
8/29/2021,LIRR,"68,832"
8/29/2021,Bus,"630,281"
8/29/2021,AAR,"11,558"
8/30/2021,BT,"914,180"
8/30/2021,Subway,"2,321,000"
8/30/2021,SIR,"4,695"
8/30/2021,MNR,"97,092"
8/30/2021,LIRR,"131,574"
8/30/2021,Bus,"1,182,908"
8/30/2021,AAR,"19,224"
8/31/2021,BT,"939,263"
8/31/2021,Subway,"2,532,584"
8/31/2021,SIR,"5,390"
8/31/2021,MNR,"99,949"
8/31/2021,LIRR,"133,641"
8/31/2021,Bus,"1,246,463"
8/31/2021,AAR,"22,724"
9/1/2021,AAR,"20,878"
9/1/2021,Subway,"2,294,448"
9/1/2021,SIR,"4,551"
9/1/2021,MNR,"90,598"
9/1/2021,LIRR,"118,437"
9/1/2021,Bus,"1,086,148"
9/1/2021,BT,"813,871"
9/2/2021,AAR,"21,179"
9/2/2021,Subway,"1,661,558"
9/2/2021,SIR,"2,620"
9/2/2021,MNR,"37,898"
9/2/2021,LIRR,"105,647"
9/2/2021,Bus,"1,188,941"
9/2/2021,BT,"854,132"
9/3/2021,BT,"1,018,830"
9/3/2021,Subway,"2,390,392"
9/3/2021,SIR,"4,450"
9/3/2021,MNR,"97,937"
9/3/2021,LIRR,"139,807"
9/3/2021,Bus,"1,221,668"
9/3/2021,AAR,"22,585"
9/4/2021,BT,"930,187"
9/4/2021,Subway,"1,777,639"
9/4/2021,SIR,"2,104"
9/4/2021,MNR,"57,137"
9/4/2021,LIRR,"84,764"
9/4/2021,Bus,"834,456"
9/4/2021,AAR,"13,382"
9/5/2021,AAR,"11,931"
9/5/2021,Subway,"1,415,352"
9/5/2021,SIR,"1,541"
9/5/2021,MNR,"45,169"
9/5/2021,LIRR,"71,004"
9/5/2021,Bus,"618,622"
9/5/2021,BT,"834,523"
9/6/2021,AAR,"10,077"
9/6/2021,Subway,"1,521,388"
9/6/2021,SIR,"1,966"
9/6/2021,MNR,"51,338"
9/6/2021,LIRR,"77,906"
9/6/2021,Bus,"733,947"
9/6/2021,BT,"815,200"
9/7/2021,LIRR,"137,623"
9/7/2021,Subway,"2,233,674"
9/7/2021,SIR,"4,795"
9/7/2021,BT,"905,491"
9/7/2021,AAR,"21,143"
9/7/2021,MNR,"113,742"
9/7/2021,Bus,"1,102,372"
9/8/2021,BT,"899,077"
9/8/2021,Subway,"2,529,619"
9/8/2021,SIR,"5,228"
9/8/2021,MNR,"110,925"
9/8/2021,LIRR,"135,722"
9/8/2021,Bus,"1,192,895"
9/8/2021,AAR,"22,354"
9/9/2021,BT,"914,235"
9/9/2021,Subway,"2,702,713"
9/9/2021,SIR,"5,378"
9/9/2021,MNR,"111,708"
9/9/2021,LIRR,"139,547"
9/9/2021,Bus,"1,249,341"
9/9/2021,AAR,"23,653"
9/10/2021,AAR,"23,037"
9/10/2021,Subway,"2,840,443"
9/10/2021,SIR,"5,377"
9/10/2021,MNR,"113,495"
9/10/2021,LIRR,"150,895"
9/10/2021,Bus,"1,322,430"
9/10/2021,BT,"999,007"
9/11/2021,AAR,"13,070"
9/11/2021,Subway,"1,983,091"
9/11/2021,SIR,"2,182"
9/11/2021,MNR,"65,329"
9/11/2021,LIRR,"82,235"
9/11/2021,Bus,"870,791"
9/11/2021,BT,"913,939"
9/12/2021,BT,"906,691"
9/12/2021,Subway,"1,589,976"
9/12/2021,SIR,"1,679"
9/12/2021,MNR,"58,979"
9/12/2021,LIRR,"77,028"
9/12/2021,Bus,"694,561"
9/12/2021,AAR,"12,239"
9/13/2021,BT,"916,302"
9/13/2021,Subway,"2,852,796"
9/13/2021,SIR,"6,133"
9/13/2021,MNR,"122,504"
9/13/2021,LIRR,"147,829"
9/13/2021,Bus,"1,441,516"
9/13/2021,AAR,"21,898"
9/14/2021,AAR,"23,132"
9/14/2021,Subway,"3,011,275"
9/14/2021,SIR,"6,672"
9/14/2021,MNR,"120,532"
9/14/2021,LIRR,"144,904"
9/14/2021,Bus,"1,511,145"
9/14/2021,BT,"911,375"
9/15/2021,MNR,"116,413"
9/15/2021,Subway,"2,987,334"
9/15/2021,SIR,"6,410"
9/15/2021,LIRR,"139,927"
9/15/2021,Bus,"1,503,627"
9/15/2021,BT,"908,014"
9/15/2021,AAR,"23,966"
9/16/2021,BT,"867,301"
9/16/2021,Subway,"2,534,545"
9/16/2021,SIR,"5,308"
9/16/2021,MNR,"107,680"
9/16/2021,LIRR,"127,995"
9/16/2021,Bus,"1,210,069"
9/16/2021,AAR,"20,826"
9/17/2021,BT,"985,494"
9/17/2021,Subway,"3,028,545"
9/17/2021,SIR,"6,131"
9/17/2021,MNR,"119,349"
9/17/2021,LIRR,"142,120"
9/17/2021,Bus,"1,456,201"
9/17/2021,AAR,"23,282"
9/18/2021,BT,"951,954"
9/18/2021,Subway,"2,014,848"
9/18/2021,SIR,"2,582"
9/18/2021,MNR,"76,288"
9/18/2021,LIRR,"77,267"
9/18/2021,Bus,"871,175"
9/18/2021,AAR,"14,054"
9/19/2021,AAR,"12,612"
9/19/2021,Subway,"1,596,823"
9/19/2021,SIR,"1,897"
9/19/2021,MNR,"64,139"
9/19/2021,LIRR,"69,397"
9/19/2021,Bus,"674,024"
9/19/2021,BT,"917,099"
9/20/2021,AAR,"21,889"
9/20/2021,Subway,"2,883,211"
9/20/2021,SIR,"6,548"
9/20/2021,MNR,"122,101"
9/20/2021,LIRR,"148,068"
9/20/2021,Bus,"1,481,676"
9/20/2021,BT,"898,321"
9/21/2021,BT,"863,190"
9/21/2021,Subway,"3,018,312"
9/21/2021,SIR,"6,998"
9/21/2021,MNR,"123,923"
9/21/2021,LIRR,"142,672"
9/21/2021,Bus,"1,505,803"
9/21/2021,AAR,"22,399"
9/22/2021,BT,"875,747"
9/22/2021,Subway,"3,021,113"
9/22/2021,SIR,"6,812"
9/22/2021,MNR,"120,056"
9/22/2021,LIRR,"139,853"
9/22/2021,Bus,"1,506,211"
9/22/2021,AAR,"23,157"
9/23/2021,AAR,"23,031"
9/23/2021,Subway,"3,016,106"
9/23/2021,SIR,"6,724"
9/23/2021,MNR,"115,473"
9/23/2021,LIRR,"140,127"
9/23/2021,Bus,"1,483,075"
9/23/2021,BT,"918,503"
9/24/2021,MNR,"116,730"
9/24/2021,Subway,"3,121,747"
9/24/2021,SIR,"6,294"
9/24/2021,LIRR,"142,827"
9/24/2021,Bus,"1,469,705"
9/24/2021,BT,"989,979"
9/24/2021,AAR,"21,941"
9/25/2021,Bus,"872,490"
9/25/2021,Subway,"2,129,492"
9/25/2021,SIR,"2,719"
9/25/2021,AAR,"13,909"
9/25/2021,MNR,"81,282"
9/25/2021,LIRR,"88,460"
9/25/2021,BT,"956,397"
9/26/2021,BT,"893,367"
9/26/2021,Subway,"1,614,677"
9/26/2021,SIR,"2,238"
9/26/2021,MNR,"64,937"
9/26/2021,LIRR,"80,069"
9/26/2021,Bus,"657,257"
9/26/2021,AAR,"12,034"
9/27/2021,BT,"884,188"
9/27/2021,Subway,"2,873,368"
9/27/2021,SIR,"6,715"
9/27/2021,MNR,"121,534"
9/27/2021,LIRR,"146,154"
9/27/2021,Bus,"1,489,441"
9/27/2021,AAR,"21,209"
9/28/2021,AAR,"21,727"
9/28/2021,Subway,"2,927,715"
9/28/2021,SIR,"6,827"
9/28/2021,MNR,"118,253"
9/28/2021,LIRR,"141,188"
9/28/2021,Bus,"1,457,421"
9/28/2021,BT,"834,083"
9/29/2021,AAR,"23,323"
9/29/2021,Subway,"3,063,720"
9/29/2021,SIR,"6,789"
9/29/2021,MNR,"120,032"
9/29/2021,LIRR,"137,483"
9/29/2021,Bus,"1,513,184"
9/29/2021,BT,"889,846"
9/30/2021,BT,"956,940"
9/30/2021,Subway,"3,146,861"
9/30/2021,SIR,"7,104"
9/30/2021,MNR,"121,842"
9/30/2021,LIRR,"144,838"
9/30/2021,Bus,"1,516,081"
9/30/2021,AAR,"23,555"
10/1/2021,BT,"989,671"
10/1/2021,Subway,"3,162,881"
10/1/2021,SIR,"6,325"
10/1/2021,MNR,"116,182"
10/1/2021,LIRR,"140,003"
10/1/2021,Bus,"1,492,942"
10/1/2021,AAR,"23,098"
10/2/2021,AAR,"14,145"
10/2/2021,Subway,"2,063,660"
10/2/2021,SIR,"2,562"
10/2/2021,MNR,"80,946"
10/2/2021,LIRR,"86,563"
10/2/2021,Bus,"883,902"
10/2/2021,BT,"926,150"
10/3/2021,MNR,"66,758"
10/3/2021,Subway,"1,575,738"
10/3/2021,SIR,"1,904"
10/3/2021,LIRR,"74,851"
10/3/2021,Bus,"673,253"
10/3/2021,BT,"889,871"
10/3/2021,AAR,"12,936"
10/4/2021,BT,"875,071"
10/4/2021,Subway,"2,864,349"
10/4/2021,SIR,"6,591"
10/4/2021,MNR,"121,256"
10/4/2021,LIRR,"152,598"
10/4/2021,Bus,"1,419,155"
10/4/2021,AAR,"21,794"
10/5/2021,BT,"890,303"
10/5/2021,Subway,"3,091,160"
10/5/2021,SIR,"7,027"
10/5/2021,MNR,"124,670"
10/5/2021,LIRR,"150,226"
10/5/2021,Bus,"1,499,767"
10/5/2021,AAR,"23,644"
10/6/2021,BT,"917,233"
10/6/2021,Subway,"3,140,986"
10/6/2021,SIR,"6,972"
10/6/2021,MNR,"123,097"
10/6/2021,LIRR,"149,640"
10/6/2021,Bus,"1,532,668"
10/6/2021,AAR,"24,677"
10/7/2021,AAR,"24,571"
10/7/2021,Subway,"3,190,747"
10/7/2021,SIR,"7,298"
10/7/2021,MNR,"121,407"
10/7/2021,LIRR,"150,072"
10/7/2021,Bus,"1,523,168"
10/7/2021,BT,"954,572"
10/8/2021,AAR,"23,356"
10/8/2021,Subway,"3,168,473"
10/8/2021,SIR,"6,660"
10/8/2021,MNR,"123,609"
10/8/2021,LIRR,"153,755"
10/8/2021,Bus,"1,473,912"
10/8/2021,BT,"1,004,577"
10/9/2021,BT,"921,868"
10/9/2021,Subway,"2,052,699"
10/9/2021,SIR,47
10/9/2021,MNR,"81,969"
10/9/2021,LIRR,"84,631"
10/9/2021,Bus,"856,308"
10/9/2021,AAR,"13,634"
10/10/2021,BT,"808,169"
10/10/2021,Subway,"1,499,385"
10/10/2021,SIR,166
10/10/2021,MNR,"59,049"
10/10/2021,LIRR,"65,636"
10/10/2021,Bus,"601,821"
10/10/2021,AAR,"11,794"
10/11/2021,AAR,"16,917"
10/11/2021,Subway,"2,263,615"
10/11/2021,SIR,"3,883"
10/11/2021,MNR,"114,458"
10/11/2021,LIRR,"131,714"
10/11/2021,Bus,"1,045,865"
10/11/2021,BT,"881,347"
10/12/2021,AAR,"23,848"
10/12/2021,Subway,"3,102,879"
10/12/2021,SIR,"7,292"
10/12/2021,MNR,"128,194"
10/12/2021,LIRR,"154,602"
10/12/2021,Bus,"1,514,608"
10/12/2021,BT,"913,860"
10/13/2021,AAR,"24,396"
10/13/2021,Subway,"3,157,457"
10/13/2021,SIR,"7,198"
10/13/2021,LIRR,"151,319"
10/13/2021,Bus,"1,511,356"
10/13/2021,BT,"911,369"
10/13/2021,MNR,"124,790"
10/14/2021,BT,"956,231"
10/14/2021,Subway,"3,240,686"
10/14/2021,SIR,"7,386"
10/14/2021,MNR,"126,815"
10/14/2021,LIRR,"154,572"
10/14/2021,Bus,"1,527,543"
10/14/2021,AAR,"24,144"
10/15/2021,BT,"994,225"
10/15/2021,Subway,"3,227,068"
10/15/2021,SIR,"6,786"
10/15/2021,MNR,"124,654"
10/15/2021,LIRR,"150,932"
10/15/2021,Bus,"1,491,099"
10/15/2021,AAR,"23,251"
10/16/2021,AAR,"13,307"
10/16/2021,Subway,"2,042,027"
10/16/2021,SIR,"2,369"
10/16/2021,MNR,"74,913"
10/16/2021,LIRR,"83,415"
10/16/2021,Bus,"856,990"
10/16/2021,BT,"898,875"
10/17/2021,MNR,"69,729"
10/17/2021,Subway,"1,629,991"
10/17/2021,SIR,"1,853"
10/17/2021,LIRR,"74,826"
10/17/2021,Bus,"663,944"
10/17/2021,BT,"893,975"
10/17/2021,AAR,"12,564"
10/18/2021,BT,"893,483"
10/18/2021,Subway,"2,982,883"
10/18/2021,SIR,"6,810"
10/18/2021,MNR,"127,381"
10/18/2021,LIRR,"153,681"
10/18/2021,Bus,"1,461,843"
10/18/2021,AAR,"21,454"
10/19/2021,BT,"902,734"
10/19/2021,Subway,"3,178,208"
10/19/2021,SIR,"7,250"
10/19/2021,MNR,"129,993"
10/19/2021,LIRR,"153,382"
10/19/2021,Bus,"1,510,722"
10/19/2021,AAR,"23,403"
10/20/2021,BT,"919,558"
10/20/2021,Subway,"3,234,327"
10/20/2021,SIR,"7,148"
10/20/2021,MNR,"131,127"
10/20/2021,LIRR,"155,242"
10/20/2021,Bus,"1,525,608"
10/20/2021,AAR,"24,474"
10/21/2021,AAR,"24,007"
10/21/2021,Subway,"3,267,697"
10/21/2021,SIR,"7,498"
10/21/2021,MNR,"127,259"
10/21/2021,LIRR,"149,850"
10/21/2021,Bus,"1,476,434"
10/21/2021,BT,"952,092"
10/22/2021,AAR,"22,843"
10/22/2021,Subway,"3,225,816"
10/22/2021,SIR,"6,297"
10/22/2021,MNR,"126,554"
10/22/2021,LIRR,"145,810"
10/22/2021,Bus,"1,471,199"
10/22/2021,BT,"989,555"
10/23/2021,BT,"917,178"
10/23/2021,Subway,"2,077,488"
10/23/2021,SIR,"2,243"
10/23/2021,MNR,"82,865"
10/23/2021,LIRR,"74,720"
10/23/2021,Bus,"847,596"
10/23/2021,AAR,"13,556"
10/24/2021,BT,"885,844"
10/24/2021,Subway,"1,599,927"
10/24/2021,SIR,"1,908"
10/24/2021,MNR,"68,154"
10/24/2021,LIRR,"69,611"
10/24/2021,Bus,"659,283"
10/24/2021,AAR,"12,314"
10/25/2021,BT,"887,055"
10/25/2021,Subway,"2,994,936"
10/25/2021,SIR,"7,026"
10/25/2021,MNR,"125,755"
10/25/2021,LIRR,"158,330"
10/25/2021,Bus,"1,461,023"
10/25/2021,AAR,"21,724"
10/26/2021,AAR,"21,220"
10/26/2021,Subway,"2,702,635"
10/26/2021,SIR,"5,278"
10/26/2021,MNR,"104,517"
10/26/2021,LIRR,"130,109"
10/26/2021,Bus,"1,233,660"
10/26/2021,BT,"741,160"
10/27/2021,AAR,"24,144"
10/27/2021,Subway,"3,300,580"
10/27/2021,SIR,"7,054"
10/27/2021,MNR,"129,881"
10/27/2021,LIRR,"155,865"
10/27/2021,Bus,"1,503,535"
10/27/2021,BT,"917,505"
10/28/2021,BT,"963,255"
10/28/2021,Subway,"3,365,971"
10/28/2021,SIR,"7,605"
10/28/2021,MNR,"132,170"
10/28/2021,LIRR,"159,574"
10/28/2021,Bus,"1,515,489"
10/28/2021,AAR,"24,814"
10/29/2021,BT,"966,866"
10/29/2021,Subway,"3,251,779"
10/29/2021,SIR,"6,597"
10/29/2021,MNR,"122,632"
10/29/2021,LIRR,"153,317"
10/29/2021,Bus,"1,426,938"
10/29/2021,AAR,"22,477"
10/30/2021,AAR,"12,642"
10/30/2021,Subway,"2,044,310"
10/30/2021,SIR,"2,177"
10/30/2021,MNR,"69,281"
10/30/2021,LIRR,"76,471"
10/30/2021,Bus,"819,620"
10/30/2021,BT,"857,403"
10/31/2021,AAR,"12,233"
10/31/2021,Subway,"1,746,769"
10/31/2021,SIR,"1,910"
10/31/2021,MNR,"66,300"
10/31/2021,LIRR,"68,674"
10/31/2021,Bus,"656,203"
10/31/2021,BT,"826,860"
11/1/2021,Bus,"1,448,304"
11/1/2021,Subway,"3,034,306"
11/1/2021,SIR,"6,783"
11/1/2021,AAR,"21,387"
11/1/2021,MNR,"131,251"
11/1/2021,LIRR,"158,356"
11/1/2021,BT,"901,444"
11/2/2021,BT,"856,142"
11/2/2021,Subway,"2,848,222"
11/2/2021,SIR,"5,679"
11/2/2021,MNR,"129,297"
11/2/2021,LIRR,"147,832"
11/2/2021,Bus,"1,258,180"
11/2/2021,AAR,"22,016"
11/3/2021,BT,"904,407"
11/3/2021,Subway,"3,293,732"
11/3/2021,SIR,"7,371"
11/3/2021,MNR,"130,954"
11/3/2021,LIRR,"154,203"
11/3/2021,Bus,"1,507,287"
11/3/2021,AAR,"23,349"
11/4/2021,AAR,"24,009"
11/4/2021,Subway,"3,284,315"
11/4/2021,SIR,"7,210"
11/4/2021,MNR,"126,533"
11/4/2021,LIRR,"151,353"
11/4/2021,Bus,"1,486,942"
11/4/2021,BT,"934,194"
11/5/2021,AAR,"23,009"
11/5/2021,Subway,"3,293,438"
11/5/2021,SIR,"6,769"
11/5/2021,MNR,"121,824"
11/5/2021,LIRR,"150,227"
11/5/2021,Bus,"1,457,014"
11/5/2021,BT,"969,158"
11/6/2021,BT,"912,929"
11/6/2021,Subway,"2,195,864"
11/6/2021,SIR,"2,410"
11/6/2021,MNR,"80,784"
11/6/2021,LIRR,"84,943"
11/6/2021,Bus,"864,499"
11/6/2021,AAR,"13,672"
11/7/2021,BT,"781,453"
11/7/2021,Subway,"1,888,985"
11/7/2021,SIR,"2,978"
11/7/2021,MNR,"72,175"
11/7/2021,LIRR,"81,181"
11/7/2021,Bus,"614,513"
11/7/2021,AAR,"10,647"
11/8/2021,AAR,"22,136"
11/8/2021,Subway,"3,065,533"
11/8/2021,SIR,"6,921"
11/8/2021,MNR,"131,127"
11/8/2021,LIRR,"159,723"
11/8/2021,Bus,"1,461,178"
11/8/2021,BT,"892,575"
11/9/2021,MNR,"134,070"
11/9/2021,Subway,"3,279,457"
11/9/2021,SIR,"7,677"
11/9/2021,LIRR,"157,181"
11/9/2021,Bus,"1,518,264"
11/9/2021,BT,"901,654"
11/9/2021,AAR,"24,504"
11/10/2021,BT,"929,094"
11/10/2021,Subway,"3,351,992"
11/10/2021,SIR,"7,445"
11/10/2021,MNR,"134,400"
11/10/2021,LIRR,"159,254"
11/10/2021,Bus,"1,514,453"
11/10/2021,AAR,"24,608"
11/11/2021,BT,"898,489"
11/11/2021,Subway,"2,922,235"
11/11/2021,SIR,"5,493"
11/11/2021,MNR,"122,940"
11/11/2021,LIRR,"143,386"
11/11/2021,Bus,"1,198,235"
11/11/2021,AAR,"19,846"
11/12/2021,BT,"922,666"
11/12/2021,Subway,"3,158,682"
11/12/2021,SIR,"6,082"
11/12/2021,MNR,"117,650"
11/12/2021,LIRR,"141,671"
11/12/2021,Bus,"1,350,608"
11/12/2021,AAR,"21,598"
11/13/2021,AAR,"13,124"
11/13/2021,Subway,"2,169,863"
11/13/2021,SIR,"2,286"
11/13/2021,MNR,"74,296"
11/13/2021,LIRR,"80,829"
11/13/2021,Bus,"815,114"
11/13/2021,BT,"871,491"
11/14/2021,AAR,"12,460"
11/14/2021,Subway,"1,703,136"
11/14/2021,SIR,"1,772"
11/14/2021,MNR,"62,856"
11/14/2021,LIRR,"72,488"
11/14/2021,Bus,"657,129"
11/14/2021,BT,"860,520"
11/15/2021,BT,"893,554"
11/15/2021,Subway,"3,110,969"
11/15/2021,SIR,"6,792"
11/15/2021,MNR,"132,234"
11/15/2021,LIRR,"160,952"
11/15/2021,Bus,"1,437,414"
11/15/2021,AAR,"22,208"
11/16/2021,BT,"905,537"
11/16/2021,Subway,"3,340,844"
11/16/2021,SIR,"7,472"
11/16/2021,MNR,"137,235"
11/16/2021,LIRR,"161,362"
11/16/2021,Bus,"1,492,110"
11/16/2021,AAR,"23,694"
11/17/2021,AAR,"24,396"
11/17/2021,Subway,"3,369,069"
11/17/2021,SIR,"7,453"
11/17/2021,MNR,"131,113"
11/17/2021,LIRR,"158,372"
11/17/2021,Bus,"1,501,740"
11/17/2021,BT,"918,450"
11/18/2021,MNR,"132,632"
11/18/2021,Subway,"3,412,249"
11/18/2021,SIR,"7,511"
11/18/2021,LIRR,"157,433"
11/18/2021,Bus,"1,505,488"
11/18/2021,BT,"962,396"
11/18/2021,AAR,"24,071"
11/19/2021,Bus,"1,429,787"
11/19/2021,Subway,"3,316,999"
11/19/2021,SIR,"6,842"
11/19/2021,AAR,"22,662"
11/19/2021,MNR,"127,093"
11/19/2021,LIRR,"151,795"
11/19/2021,BT,"990,357"
11/20/2021,BT,"917,658"
11/20/2021,Subway,"2,135,731"
11/20/2021,SIR,"2,367"
11/20/2021,MNR,"82,894"
11/20/2021,LIRR,"94,412"
11/20/2021,Bus,"861,772"
11/20/2021,AAR,"13,195"
11/21/2021,BT,"844,106"
11/21/2021,Subway,"1,674,206"
11/21/2021,SIR,"1,827"
11/21/2021,MNR,"66,859"
11/21/2021,LIRR,"80,467"
11/21/2021,Bus,"674,551"
11/21/2021,AAR,"12,774"
11/22/2021,AAR,"21,441"
11/22/2021,Subway,"3,130,363"
11/22/2021,SIR,"6,896"
11/22/2021,MNR,"127,776"
11/22/2021,LIRR,"156,874"
11/22/2021,Bus,"1,418,226"
11/22/2021,BT,"905,019"
11/23/2021,MNR,"136,562"
11/23/2021,Subway,"3,286,591"
11/23/2021,SIR,"7,194"
11/23/2021,LIRR,"162,241"
11/23/2021,Bus,"1,424,890"
11/23/2021,BT,"992,816"
11/23/2021,AAR,"22,574"
11/24/2021,BT,"995,900"
11/24/2021,Subway,"3,085,289"
11/24/2021,SIR,"6,589"
11/24/2021,MNR,"139,391"
11/24/2021,LIRR,"165,349"
11/24/2021,Bus,"1,343,391"
11/24/2021,AAR,"21,002"
11/25/2021,BT,"863,147"
11/25/2021,Subway,"1,357,198"
11/25/2021,SIR,"1,990"
11/25/2021,MNR,"69,945"
11/25/2021,LIRR,"125,417"
11/25/2021,Bus,"509,782"
11/25/2021,AAR,"15,459"
11/26/2021,BT,"792,098"
11/26/2021,Subway,"2,089,772"
11/26/2021,SIR,"3,205"
11/26/2021,MNR,"108,747"
11/26/2021,LIRR,"128,452"
11/26/2021,Bus,"843,588"
11/26/2021,AAR,"11,077"
11/27/2021,AAR,"10,620"
11/27/2021,Subway,"1,880,422"
11/27/2021,SIR,"2,216"
11/27/2021,MNR,"76,112"
11/27/2021,LIRR,"83,676"
11/27/2021,Bus,"750,986"
11/27/2021,BT,"853,201"
11/28/2021,AAR,"10,481"
11/28/2021,Subway,"1,465,745"
11/28/2021,SIR,"1,669"
11/28/2021,MNR,"65,128"
11/28/2021,LIRR,"75,197"
11/28/2021,Bus,"592,081"
11/28/2021,BT,"828,107"
11/29/2021,BT,"903,634"
11/29/2021,Subway,"2,996,015"
11/29/2021,SIR,"6,692"
11/29/2021,MNR,"132,498"
11/29/2021,LIRR,"166,154"
11/29/2021,Bus,"1,381,661"
11/29/2021,AAR,"21,124"
11/30/2021,BT,"900,452"
11/30/2021,Subway,"3,207,209"
11/30/2021,SIR,"7,124"
11/30/2021,MNR,"136,630"
11/30/2021,LIRR,"166,738"
11/30/2021,Bus,"1,432,539"
11/30/2021,AAR,"22,469"
12/1/2021,BT,"902,552"
12/1/2021,Subway,"3,326,469"
12/1/2021,SIR,"7,266"
12/1/2021,MNR,"136,126"
12/1/2021,LIRR,"163,163"
12/1/2021,Bus,"1,463,384"
12/1/2021,AAR,"23,347"
12/2/2021,AAR,"22,540"
12/2/2021,Subway,"3,358,843"
12/2/2021,SIR,"7,290"
12/2/2021,MNR,"127,508"
12/2/2021,LIRR,"154,723"
12/2/2021,Bus,"1,449,142"
12/2/2021,BT,"926,424"
12/3/2021,AAR,"22,518"
12/3/2021,Subway,"3,374,097"
12/3/2021,SIR,"6,442"
12/3/2021,MNR,"119,424"
12/3/2021,LIRR,"144,500"
12/3/2021,Bus,"1,419,078"
12/3/2021,BT,"943,940"
12/4/2021,BT,"867,401"
12/4/2021,Subway,"2,318,147"
12/4/2021,SIR,56
12/4/2021,MNR,"81,392"
12/4/2021,LIRR,"91,477"
12/4/2021,Bus,"864,764"
12/4/2021,AAR,"13,317"
12/5/2021,BT,"820,683"
12/5/2021,Subway,"1,737,352"
12/5/2021,SIR,193
12/5/2021,MNR,"60,526"
12/5/2021,LIRR,"72,716"
12/5/2021,Bus,"665,129"
12/5/2021,AAR,"12,541"
12/6/2021,AAR,"21,761"
12/6/2021,Subway,"3,135,869"
12/6/2021,SIR,"6,687"
12/6/2021,MNR,"127,260"
12/6/2021,LIRR,"154,970"
12/6/2021,Bus,"1,394,230"
12/6/2021,BT,"868,619"
12/7/2021,AAR,"23,262"
12/7/2021,Subway,"3,367,790"
12/7/2021,SIR,"7,367"
12/7/2021,MNR,"131,033"
12/7/2021,LIRR,"153,749"
12/7/2021,Bus,"1,453,136"
12/7/2021,BT,"886,247"
12/8/2021,Bus,"1,430,106"
12/8/2021,Subway,"3,378,727"
12/8/2021,SIR,"6,948"
12/8/2021,AAR,"22,691"
12/8/2021,MNR,"130,222"
12/8/2021,LIRR,"156,218"
12/8/2021,BT,"892,613"
12/9/2021,BT,"931,194"
12/9/2021,Subway,"3,433,600"
12/9/2021,SIR,"7,222"
12/9/2021,MNR,"126,159"
12/9/2021,LIRR,"154,367"
12/9/2021,Bus,"1,436,883"
12/9/2021,AAR,"22,743"
12/10/2021,BT,"965,370"
12/10/2021,Subway,"3,417,451"
12/10/2021,SIR,"6,331"
12/10/2021,MNR,"127,711"
12/10/2021,LIRR,"152,524"
12/10/2021,Bus,"1,404,176"
12/10/2021,AAR,"22,237"
12/11/2021,AAR,"13,396"
12/11/2021,Subway,"2,266,265"
12/11/2021,SIR,"2,291"
12/11/2021,MNR,"81,068"
12/11/2021,LIRR,"91,894"
12/11/2021,Bus,"786,137"
12/11/2021,BT,"866,259"
12/12/2021,AAR,"12,189"
12/12/2021,Subway,"1,829,872"
12/12/2021,SIR,"1,833"
12/12/2021,MNR,"66,471"
12/12/2021,LIRR,"80,874"
12/12/2021,Bus,"627,007"
12/12/2021,BT,"830,347"
12/13/2021,BT,"877,362"
12/13/2021,Subway,"3,120,850"
12/13/2021,SIR,"6,769"
12/13/2021,MNR,"129,698"
12/13/2021,LIRR,"153,387"
12/13/2021,Bus,"1,333,718"
12/13/2021,AAR,"21,617"
12/14/2021,BT,"897,872"
12/14/2021,Subway,"3,274,170"
12/14/2021,SIR,"7,124"
12/14/2021,MNR,"131,812"
12/14/2021,LIRR,"154,939"
12/14/2021,Bus,"1,378,221"
12/14/2021,AAR,"23,042"
12/15/2021,AAR,"23,732"
12/15/2021,Subway,"3,242,168"
12/15/2021,SIR,"6,908"
12/15/2021,MNR,"129,761"
12/15/2021,LIRR,"153,128"
12/15/2021,Bus,"1,436,154"
12/15/2021,BT,"924,242"
12/16/2021,MNR,"126,131"
12/16/2021,Subway,"3,219,799"
12/16/2021,SIR,"7,043"
12/16/2021,LIRR,"152,710"
12/16/2021,Bus,"1,438,193"
12/16/2021,BT,"951,943"
12/16/2021,AAR,"23,623"
12/17/2021,BT,"971,958"
12/17/2021,Subway,"3,112,088"
12/17/2021,SIR,"6,404"
12/17/2021,MNR,"121,037"
12/17/2021,LIRR,"146,111"
12/17/2021,Bus,"1,375,383"
12/17/2021,AAR,"22,539"
12/18/2021,BT,"835,445"
12/18/2021,Subway,"1,880,969"
12/18/2021,SIR,"1,987"
12/18/2021,MNR,"66,097"
12/18/2021,LIRR,"74,306"
12/18/2021,Bus,"786,073"
12/18/2021,AAR,"12,312"
12/19/2021,BT,"786,107"
12/19/2021,Subway,"1,579,809"
12/19/2021,SIR,"1,694"
12/19/2021,MNR,"56,292"
12/19/2021,LIRR,"65,698"
12/19/2021,Bus,"636,393"
12/19/2021,AAR,"12,238"
12/20/2021,AAR,"20,318"
12/20/2021,Subway,"2,716,451"
12/20/2021,SIR,"5,979"
12/20/2021,MNR,"102,695"
12/20/2021,LIRR,"132,078"
12/20/2021,Bus,"1,277,654"
12/20/2021,BT,"859,924"
12/21/2021,AAR,"21,656"
12/21/2021,Subway,"2,697,325"
12/21/2021,SIR,"5,772"
12/21/2021,MNR,"97,141"
12/21/2021,LIRR,"124,376"
12/21/2021,Bus,"1,299,476"
12/21/2021,BT,"869,653"
12/22/2021,BT,"881,278"
12/22/2021,Subway,"2,634,565"
12/22/2021,SIR,"5,594"
12/22/2021,MNR,"92,941"
12/22/2021,LIRR,"117,678"
12/22/2021,Bus,"1,252,621"
12/22/2021,AAR,"21,673"
12/23/2021,BT,"902,401"
12/23/2021,Subway,"2,486,489"
12/23/2021,SIR,"5,000"
12/23/2021,MNR,"97,238"
12/23/2021,LIRR,"118,388"
12/23/2021,Bus,"1,166,953"
12/23/2021,AAR,"19,335"
12/24/2021,AAR,"12,009"
12/24/2021,Subway,"1,575,449"
12/24/2021,SIR,"2,289"
12/24/2021,MNR,"81,055"
12/24/2021,LIRR,"97,408"
12/24/2021,Bus,"746,809"
12/24/2021,BT,"740,855"
12/25/2021,MNR,"31,575"
12/25/2021,Subway,"810,937"
12/25/2021,SIR,"1,008"
12/25/2021,LIRR,"39,466"
12/25/2021,Bus,"329,549"
12/25/2021,BT,"584,049"
12/25/2021,AAR,"9,021"
12/26/2021,LIRR,"56,467"
12/26/2021,Subway,"1,284,738"
12/26/2021,SIR,"1,746"
12/26/2021,BT,"675,064"
12/26/2021,AAR,"8,744"
12/26/2021,MNR,"51,478"
12/26/2021,Bus,"518,897"
12/27/2021,BT,"746,815"
12/27/2021,Subway,"2,007,649"
12/27/2021,SIR,"4,026"
12/27/2021,MNR,"89,427"
12/27/2021,LIRR,"108,463"
12/27/2021,Bus,"890,096"
12/27/2021,AAR,"14,952"
12/28/2021,BT,"766,806"
12/28/2021,Subway,"2,168,419"
12/28/2021,SIR,"4,372"
12/28/2021,MNR,"89,719"
12/28/2021,LIRR,"109,904"
12/28/2021,Bus,"953,933"
12/28/2021,AAR,"16,736"
12/29/2021,AAR,"16,859"
12/29/2021,Subway,"2,167,077"
12/29/2021,SIR,"3,996"
12/29/2021,MNR,"92,605"
12/29/2021,LIRR,"105,898"
12/29/2021,Bus,"921,562"
12/29/2021,BT,"771,050"
12/30/2021,MNR,"90,827"
12/30/2021,Subway,"2,198,415"
12/30/2021,SIR,"3,944"
12/30/2021,LIRR,"110,101"
12/30/2021,Bus,"928,012"
12/30/2021,BT,"807,146"
12/30/2021,AAR,"16,177"
12/31/2021,BT,"630,015"
12/31/2021,Subway,"1,627,589"
12/31/2021,SIR,"2,270"
12/31/2021,MNR,"85,232"
12/31/2021,LIRR,"96,699"
12/31/2021,Bus,"699,749"
12/31/2021,AAR,"11,498"
1/1/2022,BT,"499,757"
1/1/2022,Subway,"1,027,918"
1/1/2022,SIR,"1,262"
1/1/2022,MNR,"30,341"
1/1/2022,LIRR,"33,980"
1/1/2022,Bus,"350,845"
1/1/2022,AAR,"4,904"
1/2/2022,BT,"626,163"
1/2/2022,Subway,"1,219,735"
1/2/2022,SIR,"1,571"
1/2/2022,MNR,"42,587"
1/2/2022,LIRR,"49,155"
1/2/2022,Bus,"475,096"
1/2/2022,AAR,"8,383"
1/3/2022,AAR,"16,437"
1/3/2022,Subway,"2,168,229"
1/3/2022,SIR,"4,515"
1/3/2022,MNR,"83,990"
1/3/2022,LIRR,"102,961"
1/3/2022,Bus,"1,000,002"
1/3/2022,BT,"694,958"
1/4/2022,AAR,"17,909"
1/4/2022,Subway,"2,289,352"
1/4/2022,SIR,"4,795"
1/4/2022,MNR,"81,978"
1/4/2022,LIRR,"104,247"
1/4/2022,Bus,"1,082,360"
1/4/2022,BT,"735,904"
1/5/2022,BT,"711,791"
1/5/2022,Subway,"2,267,942"
1/5/2022,SIR,"4,659"
1/5/2022,MNR,"77,579"
1/5/2022,LIRR,"98,251"
1/5/2022,Bus,"1,078,511"
1/5/2022,AAR,"18,861"
1/6/2022,BT,"782,852"
1/6/2022,Subway,"2,391,176"
1/6/2022,SIR,"4,909"
1/6/2022,MNR,"82,567"
1/6/2022,LIRR,"103,562"
1/6/2022,Bus,"1,146,904"
1/6/2022,AAR,"18,672"
1/7/2022,BT,"562,835"
1/7/2022,Subway,"2,121,941"
1/7/2022,SIR,"3,628"
1/7/2022,MNR,"73,067"
1/7/2022,LIRR,"90,207"
1/7/2022,Bus,"880,997"
1/7/2022,AAR,"14,203"
1/8/2022,AAR,"9,126"
1/8/2022,Subway,"1,486,065"
1/8/2022,SIR,"1,672"
1/8/2022,MNR,"46,428"
1/8/2022,LIRR,"51,707"
1/8/2022,Bus,"631,341"
1/8/2022,BT,"643,474"
1/9/2022,AAR,"7,916"
1/9/2022,Subway,"1,102,472"
1/9/2022,SIR,"1,210"
1/9/2022,MNR,"35,309"
1/9/2022,LIRR,"43,383"
1/9/2022,Bus,"475,438"
1/9/2022,BT,"569,609"
1/10/2022,BT,"765,513"
1/10/2022,Subway,"2,347,323"
1/10/2022,SIR,"4,954"
1/10/2022,MNR,"90,220"
1/10/2022,LIRR,"116,463"
1/10/2022,Bus,"1,147,341"
1/10/2022,AAR,"18,268"
1/11/2022,BT,"756,288"
1/11/2022,Subway,"2,266,378"
1/11/2022,SIR,"4,655"
1/11/2022,MNR,"81,438"
1/11/2022,LIRR,"104,378"
1/11/2022,Bus,"1,040,581"
1/11/2022,AAR,"17,388"
1/12/2022,AAR,"19,679"
1/12/2022,Subway,"2,459,224"
1/12/2022,SIR,"5,024"
1/12/2022,MNR,"86,050"
1/12/2022,LIRR,"111,022"
1/12/2022,Bus,"1,179,931"
1/12/2022,BT,"787,829"
1/13/2022,AAR,"19,918"
1/13/2022,Subway,"2,524,197"
1/13/2022,SIR,"5,132"
1/13/2022,MNR,"87,672"
1/13/2022,LIRR,"112,519"
1/13/2022,Bus,"1,218,552"
1/13/2022,BT,"824,338"
1/14/2022,Bus,"1,186,647"
1/14/2022,Subway,"2,522,972"
1/14/2022,SIR,"4,774"
1/14/2022,AAR,"18,878"
1/14/2022,MNR,"88,634"
1/14/2022,LIRR,"109,199"
1/14/2022,BT,"869,815"
1/15/2022,BT,"705,503"
1/15/2022,Subway,"1,434,676"
1/15/2022,SIR,"1,449"
1/15/2022,MNR,"45,309"
1/15/2022,LIRR,"53,410"
1/15/2022,Bus,"573,037"
1/15/2022,AAR,"9,510"
1/16/2022,BT,"623,464"
1/16/2022,Subway,"1,165,626"
1/16/2022,SIR,"1,140"
1/16/2022,MNR,"38,025"
1/16/2022,LIRR,"43,578"
1/16/2022,Bus,"456,257"
1/16/2022,AAR,"8,545"
1/17/2022,AAR,"8,760"
1/17/2022,Subway,"1,600,048"
1/17/2022,SIR,"2,190"
1/17/2022,MNR,"44,075"
1/17/2022,LIRR,"98,738"
1/17/2022,Bus,"694,066"
1/17/2022,BT,"651,716"
1/18/2022,AAR,"19,389"
1/18/2022,Subway,"2,541,044"
1/18/2022,SIR,"5,381"
1/18/2022,MNR,"100,364"
1/18/2022,LIRR,"125,615"
1/18/2022,Bus,"1,222,195"
1/18/2022,BT,"818,509"
1/19/2022,BT,"832,838"
1/19/2022,Subway,"2,642,129"
1/19/2022,SIR,"5,598"
1/19/2022,MNR,"96,281"
1/19/2022,LIRR,"121,249"
1/19/2022,Bus,"1,286,788"
1/19/2022,AAR,"21,111"
1/20/2022,BT,"769,646"
1/20/2022,Subway,"2,545,486"
1/20/2022,SIR,"5,031"
1/20/2022,MNR,"88,196"
1/20/2022,LIRR,"112,595"
1/20/2022,Bus,"1,181,953"
1/20/2022,AAR,"18,616"
1/21/2022,AAR,"19,079"
1/21/2022,Subway,"2,565,781"
1/21/2022,SIR,"4,748"
1/21/2022,MNR,"91,079"
1/21/2022,LIRR,"113,474"
1/21/2022,Bus,"1,151,816"
1/21/2022,BT,"867,194"
1/22/2022,MNR,"53,737"
1/22/2022,Subway,"1,583,650"
1/22/2022,SIR,"1,642"
1/22/2022,LIRR,"59,412"
1/22/2022,Bus,"655,490"
1/22/2022,BT,"737,812"
1/22/2022,AAR,"10,455"
1/23/2022,BT,"687,231"
1/23/2022,Subway,"1,245,716"
1/23/2022,SIR,"1,245"
1/23/2022,MNR,"43,647"
1/23/2022,LIRR,"48,672"
1/23/2022,Bus,"529,115"
1/23/2022,AAR,"9,446"
1/24/2022,BT,"795,086"
1/24/2022,Subway,"2,536,827"
1/24/2022,SIR,"5,188"
1/24/2022,MNR,"100,520"
1/24/2022,LIRR,"127,750"
1/24/2022,Bus,"1,244,112"
1/24/2022,AAR,"19,472"
1/25/2022,BT,"820,013"
1/25/2022,Subway,"2,701,246"
1/25/2022,SIR,"5,625"
1/25/2022,MNR,"98,859"
1/25/2022,LIRR,"124,499"
1/25/2022,Bus,"1,308,979"
1/25/2022,AAR,"21,233"
1/26/2022,AAR,"21,033"
1/26/2022,Subway,"2,711,803"
1/26/2022,SIR,"5,197"
1/26/2022,MNR,"96,253"
1/26/2022,LIRR,"118,625"
1/26/2022,Bus,"1,266,798"
1/26/2022,BT,"837,062"
1/27/2022,AAR,"20,934"
1/27/2022,Subway,"2,724,979"
1/27/2022,SIR,"5,271"
1/27/2022,MNR,"95,748"
1/27/2022,LIRR,"119,039"
1/27/2022,Bus,"1,275,573"
1/27/2022,BT,"872,809"
1/28/2022,BT,"869,982"
1/28/2022,Subway,"2,703,403"
1/28/2022,SIR,"4,994"
1/28/2022,MNR,"96,409"
1/28/2022,LIRR,"120,912"
1/28/2022,Bus,"1,208,092"
1/28/2022,AAR,"20,115"
1/29/2022,BT,"175,153"
1/29/2022,Subway,"999,347"
1/29/2022,SIR,852
1/29/2022,MNR,"22,016"
1/29/2022,LIRR,"8,142"
1/29/2022,Bus,"271,959"
1/29/2022,AAR,"5,353"
1/30/2022,AAR,"5,974"
1/30/2022,Subway,"1,262,477"
1/30/2022,SIR,"1,233"
1/30/2022,MNR,"45,002"
1/30/2022,LIRR,"47,852"
1/30/2022,Bus,"460,299"
1/30/2022,BT,"508,250"
1/31/2022,MNR,"109,718"
1/31/2022,Subway,"2,575,762"
1/31/2022,SIR,"4,968"
1/31/2022,LIRR,"132,248"
1/31/2022,Bus,"1,139,164"
1/31/2022,BT,"780,818"
1/31/2022,AAR,"18,400"
2/1/2022,Bus,"1,127,084"
2/1/2022,Subway,"2,635,083"
2/1/2022,SIR,"4,993"
2/1/2022,AAR,"20,357"
2/1/2022,MNR,"111,424"
2/1/2022,LIRR,"135,255"
2/1/2022,BT,"807,457"
2/2/2022,BT,"850,217"
2/2/2022,Subway,"2,940,152"
2/2/2022,SIR,"5,830"
2/2/2022,MNR,"110,996"
2/2/2022,LIRR,"140,059"
2/2/2022,Bus,"1,314,898"
2/2/2022,AAR,"22,427"
2/3/2022,BT,"856,424"
2/3/2022,Subway,"2,914,198"
2/3/2022,SIR,"5,750"
2/3/2022,MNR,"104,093"
2/3/2022,LIRR,"126,901"
2/3/2022,Bus,"1,304,726"
2/3/2022,AAR,"22,325"
2/4/2022,AAR,"18,557"
2/4/2022,Subway,"2,725,725"
2/4/2022,SIR,"5,072"
2/4/2022,MNR,"94,290"
2/4/2022,LIRR,"117,899"
2/4/2022,Bus,"1,176,367"
2/4/2022,BT,"783,827"
2/5/2022,MNR,"61,496"
2/5/2022,Subway,"1,792,780"
2/5/2022,SIR,"1,835"
2/5/2022,LIRR,"61,201"
2/5/2022,Bus,"726,750"
2/5/2022,BT,"777,501"
2/5/2022,AAR,"11,377"
2/6/2022,BT,"746,914"
2/6/2022,Subway,"1,323,892"
2/6/2022,SIR,"1,388"
2/6/2022,MNR,"48,395"
2/6/2022,LIRR,"51,472"
2/6/2022,Bus,"558,211"
2/6/2022,AAR,"10,621"
2/7/2022,BT,"812,233"
2/7/2022,Subway,"2,784,230"
2/7/2022,SIR,"5,711"
2/7/2022,MNR,"111,297"
2/7/2022,LIRR,"136,455"
2/7/2022,Bus,"1,297,024"
2/7/2022,AAR,"21,120"
2/8/2022,BT,"854,542"
2/8/2022,Subway,"3,016,648"
2/8/2022,SIR,"6,254"
2/8/2022,MNR,"119,190"
2/8/2022,LIRR,"141,653"
2/8/2022,Bus,"1,387,432"
2/8/2022,AAR,"22,667"
2/9/2022,AAR,"23,863"
2/9/2022,Subway,"3,088,775"
2/9/2022,SIR,"6,297"
2/9/2022,MNR,"115,341"
2/9/2022,LIRR,"143,673"
2/9/2022,Bus,"1,421,706"
2/9/2022,BT,"871,206"
2/10/2022,AAR,"23,341"
2/10/2022,Subway,"3,112,489"
2/10/2022,SIR,"6,362"
2/10/2022,MNR,"115,707"
2/10/2022,LIRR,"143,062"
2/10/2022,Bus,"1,423,775"
2/10/2022,BT,"909,096"
2/11/2022,BT,"942,501"
2/11/2022,Subway,"3,015,472"
2/11/2022,SIR,"5,570"
2/11/2022,MNR,"110,674"
2/11/2022,LIRR,"131,038"
2/11/2022,Bus,"1,348,189"
2/11/2022,AAR,"22,608"
2/12/2022,BT,"870,106"
2/12/2022,Subway,"2,026,308"
2/12/2022,SIR,"2,295"
2/12/2022,MNR,"71,813"
2/12/2022,LIRR,"71,709"
2/12/2022,Bus,"820,629"
2/12/2022,AAR,"13,376"
2/13/2022,BT,"657,087"
2/13/2022,Subway,"1,349,864"
2/13/2022,SIR,"1,322"
2/13/2022,MNR,"46,395"
2/13/2022,LIRR,"50,534"
2/13/2022,Bus,"510,307"
2/13/2022,AAR,"10,013"
2/14/2022,AAR,"20,812"
2/14/2022,Subway,"2,907,825"
2/14/2022,SIR,"5,803"
2/14/2022,MNR,"113,260"
2/14/2022,LIRR,"142,507"
2/14/2022,Bus,"1,272,100"
2/14/2022,BT,"866,856"
2/15/2022,AAR,"21,922"
2/15/2022,Subway,"3,030,742"
2/15/2022,SIR,"6,447"
2/15/2022,MNR,"119,034"
2/15/2022,LIRR,"146,607"
2/15/2022,Bus,"1,340,123"
2/15/2022,BT,"878,210"
2/16/2022,BT,"879,005"
2/16/2022,Subway,"3,100,639"
2/16/2022,SIR,"6,337"
2/16/2022,MNR,"115,325"
2/16/2022,LIRR,"140,431"
2/16/2022,Bus,"1,406,714"
2/16/2022,AAR,"23,513"
2/17/2022,BT,"914,714"
2/17/2022,Subway,"3,109,956"
2/17/2022,SIR,"6,527"
2/17/2022,MNR,"115,718"
2/17/2022,LIRR,"141,226"
2/17/2022,Bus,"1,408,571"
2/17/2022,AAR,"23,713"
2/18/2022,AAR,"21,470"
2/18/2022,Subway,"2,953,785"
2/18/2022,SIR,"5,677"
2/18/2022,MNR,"112,030"
2/18/2022,LIRR,"129,403"
2/18/2022,Bus,"1,285,978"
2/18/2022,BT,"951,358"
2/19/2022,AAR,"12,171"
2/19/2022,Subway,"1,792,136"
2/19/2022,SIR,"2,108"
2/19/2022,MNR,"66,545"
2/19/2022,LIRR,"64,696"
2/19/2022,Bus,"723,602"
2/19/2022,BT,"815,513"
2/20/2022,Bus,"571,789"
2/20/2022,Subway,"1,477,125"
2/20/2022,SIR,"1,517"
2/20/2022,AAR,"11,017"
2/20/2022,MNR,"54,863"
2/20/2022,LIRR,"55,015"
2/20/2022,BT,"771,043"
2/21/2022,BT,"818,941"
2/21/2022,Subway,"1,942,267"
2/21/2022,SIR,"2,781"
2/21/2022,MNR,"63,892"
2/21/2022,LIRR,"109,882"
2/21/2022,Bus,"873,961"
2/21/2022,AAR,"12,500"
2/22/2022,BT,"850,497"
2/22/2022,Subway,"2,669,508"
2/22/2022,SIR,"5,767"
2/22/2022,MNR,"112,764"
2/22/2022,LIRR,"135,406"
2/22/2022,Bus,"1,143,526"
2/22/2022,AAR,"19,233"
2/23/2022,AAR,"23,807"
2/23/2022,Subway,"2,894,245"
2/23/2022,SIR,"6,116"
2/23/2022,MNR,"119,188"
2/23/2022,LIRR,"140,229"
2/23/2022,Bus,"1,247,209"
2/23/2022,BT,"895,786"
2/24/2022,AAR,"21,868"
2/24/2022,Subway,"2,858,146"
2/24/2022,SIR,"5,879"
2/24/2022,MNR,"110,395"
2/24/2022,LIRR,"132,496"
2/24/2022,Bus,"1,196,924"
2/24/2022,BT,"915,117"
2/25/2022,BT,"797,593"
2/25/2022,Subway,"2,575,630"
2/25/2022,SIR,"4,544"
2/25/2022,MNR,"90,953"
2/25/2022,LIRR,"114,658"
2/25/2022,Bus,"1,027,563"
2/25/2022,AAR,"18,740"
2/26/2022,BT,"849,716"
2/26/2022,Subway,"1,824,833"
2/26/2022,SIR,"2,012"
2/26/2022,MNR,"61,573"
2/26/2022,LIRR,"71,783"
2/26/2022,Bus,"775,358"
2/26/2022,AAR,"12,226"
2/27/2022,AAR,"11,337"
2/27/2022,Subway,"1,403,227"
2/27/2022,SIR,"1,523"
2/27/2022,MNR,"51,604"
2/27/2022,LIRR,"62,913"
2/27/2022,Bus,"604,646"
2/27/2022,BT,"804,598"
2/28/2022,MNR,"118,572"
2/28/2022,Subway,"2,915,786"
2/28/2022,SIR,"6,170"
2/28/2022,LIRR,"134,902"
2/28/2022,Bus,"1,362,855"
2/28/2022,BT,"862,259"
2/28/2022,AAR,"21,929"
3/1/2022,BT,"876,569"
3/1/2022,Subway,"3,138,181"
3/1/2022,SIR,"6,655"
3/1/2022,MNR,"150,787"
3/1/2022,LIRR,"165,769"
3/1/2022,Bus,"1,435,834"
3/1/2022,AAR,"22,944"
3/2/2022,BT,"899,781"
3/2/2022,Subway,"3,208,166"
3/2/2022,SIR,"6,680"
3/2/2022,MNR,"140,945"
3/2/2022,LIRR,"159,238"
3/2/2022,Bus,"1,463,263"
3/2/2022,AAR,"24,289"
3/3/2022,BT,"926,783"
3/3/2022,Subway,"3,207,495"
3/3/2022,SIR,"6,674"
3/3/2022,MNR,"132,506"
3/3/2022,LIRR,"152,883"
3/3/2022,Bus,"1,434,851"
3/3/2022,AAR,"23,800"
3/4/2022,AAR,"22,821"
3/4/2022,Subway,"3,077,537"
3/4/2022,SIR,"5,807"
3/4/2022,MNR,"125,143"
3/4/2022,LIRR,"145,518"
3/4/2022,Bus,"1,363,159"
3/4/2022,BT,"961,106"
3/5/2022,AAR,"13,269"
3/5/2022,Subway,"1,955,535"
3/5/2022,SIR,"2,116"
3/5/2022,MNR,"70,427"
3/5/2022,LIRR,"69,010"
3/5/2022,Bus,"812,774"
3/5/2022,BT,"867,876"
3/6/2022,BT,"789,754"
3/6/2022,Subway,"1,444,501"
3/6/2022,SIR,"1,550"
3/6/2022,MNR,"52,874"
3/6/2022,LIRR,"53,034"
3/6/2022,Bus,"600,501"
3/6/2022,AAR,"12,557"
3/7/2022,BT,"864,299"
3/7/2022,Subway,"2,980,920"
3/7/2022,SIR,"6,161"
3/7/2022,MNR,"129,784"
3/7/2022,LIRR,"153,907"
3/7/2022,Bus,"1,395,540"
3/7/2022,AAR,"22,465"
3/8/2022,AAR,"24,076"
3/8/2022,Subway,"3,244,473"
3/8/2022,SIR,"6,923"
3/8/2022,MNR,"138,811"
3/8/2022,LIRR,"158,652"
3/8/2022,Bus,"1,456,451"
3/8/2022,BT,"897,362"
3/9/2022,AAR,"23,477"
3/9/2022,Subway,"3,113,559"
3/9/2022,SIR,"6,200"
3/9/2022,MNR,"129,056"
3/9/2022,LIRR,"153,393"
3/9/2022,Bus,"1,338,822"
3/9/2022,BT,"835,746"
3/10/2022,LIRR,"163,931"
3/10/2022,Subway,"3,339,363"
3/10/2022,SIR,"6,914"
3/10/2022,BT,"948,773"
3/10/2022,AAR,"24,515"
3/10/2022,MNR,"140,107"
3/10/2022,Bus,"1,476,288"
3/11/2022,BT,"990,070"
3/11/2022,Subway,"3,195,956"
3/11/2022,SIR,"6,150"
3/11/2022,MNR,"135,371"
3/11/2022,LIRR,"158,985"
3/11/2022,Bus,"1,419,371"
3/11/2022,AAR,"23,736"
3/12/2022,BT,"671,669"
3/12/2022,Subway,"1,663,893"
3/12/2022,SIR,"1,748"
3/12/2022,MNR,"59,927"
3/12/2022,LIRR,"51,679"
3/12/2022,Bus,"637,601"
3/12/2022,AAR,"10,655"
3/13/2022,AAR,"11,491"
3/13/2022,Subway,"1,479,406"
3/13/2022,SIR,"1,524"
3/13/2022,MNR,"57,548"
3/13/2022,LIRR,"59,964"
3/13/2022,Bus,"590,753"
3/13/2022,BT,"794,706"
3/14/2022,MNR,"134,093"
3/14/2022,Subway,"3,008,800"
3/14/2022,SIR,"6,416"
3/14/2022,LIRR,"159,962"
3/14/2022,Bus,"1,406,578"
3/14/2022,BT,"882,934"
3/14/2022,AAR,"22,480"
3/15/2022,BT,"909,941"
3/15/2022,Subway,"3,275,906"
3/15/2022,SIR,"7,287"
3/15/2022,MNR,"146,786"
3/15/2022,LIRR,"171,406"
3/15/2022,Bus,"1,454,522"
3/15/2022,AAR,"24,272"
3/16/2022,BT,"917,605"
3/16/2022,Subway,"3,332,335"
3/16/2022,SIR,"7,009"
3/16/2022,MNR,"145,085"
3/16/2022,LIRR,"168,768"
3/16/2022,Bus,"1,476,356"
3/16/2022,AAR,"25,305"
3/17/2022,BT,"893,127"
3/17/2022,Subway,"3,175,784"
3/17/2022,SIR,"6,768"
3/17/2022,MNR,"135,727"
3/17/2022,LIRR,"166,884"
3/17/2022,Bus,"1,350,810"
3/17/2022,AAR,"22,946"
3/18/2022,AAR,"24,019"
3/18/2022,Subway,"3,275,433"
3/18/2022,SIR,"6,288"
3/18/2022,MNR,"137,528"
3/18/2022,LIRR,"163,169"
3/18/2022,Bus,"1,402,806"
3/18/2022,BT,"981,768"
3/19/2022,AAR,"12,877"
3/19/2022,Subway,"2,001,839"
3/19/2022,SIR,"2,050"
3/19/2022,MNR,"73,974"
3/19/2022,LIRR,"74,087"
3/19/2022,Bus,"820,933"
3/19/2022,BT,"875,244"
3/20/2022,BT,"881,977"
3/20/2022,Subway,"1,656,673"
3/20/2022,SIR,"1,722"
3/20/2022,MNR,"63,818"
3/20/2022,LIRR,"67,551"
3/20/2022,Bus,"628,693"
3/20/2022,AAR,"12,736"
3/21/2022,BT,"883,735"
3/21/2022,Subway,"3,034,759"
3/21/2022,SIR,"6,367"
3/21/2022,MNR,"134,182"
3/21/2022,LIRR,"165,487"
3/21/2022,Bus,"1,418,900"
3/21/2022,AAR,"22,229"
3/22/2022,BT,"894,131"
3/22/2022,Subway,"3,276,940"
3/22/2022,SIR,"7,082"
3/22/2022,MNR,"144,765"
3/22/2022,LIRR,"168,328"
3/22/2022,Bus,"1,471,299"
3/22/2022,AAR,"23,948"
3/23/2022,AAR,"24,574"
3/23/2022,Subway,"3,275,708"
3/23/2022,SIR,"6,540"
3/23/2022,MNR,"138,873"
3/23/2022,LIRR,"161,202"
3/23/2022,Bus,"1,438,665"
3/23/2022,BT,"894,741"
3/24/2022,AAR,"22,998"
3/24/2022,Subway,"3,212,181"
3/24/2022,SIR,"6,513"
3/24/2022,MNR,"134,129"
3/24/2022,LIRR,"162,392"
3/24/2022,Bus,"1,373,850"
3/24/2022,BT,"904,173"
3/25/2022,BT,"970,985"
3/25/2022,Subway,"3,218,970"
3/25/2022,SIR,"6,075"
3/25/2022,MNR,"133,368"
3/25/2022,LIRR,"158,528"
3/25/2022,Bus,"1,397,899"
3/25/2022,AAR,"23,274"
3/26/2022,BT,"877,816"
3/26/2022,Subway,"2,024,596"
3/26/2022,SIR,"2,154"
3/26/2022,MNR,"73,933"
3/26/2022,LIRR,"71,809"
3/26/2022,Bus,"783,499"
3/26/2022,AAR,"13,208"
3/27/2022,AAR,"11,809"
3/27/2022,Subway,"1,534,056"
3/27/2022,SIR,"1,602"
3/27/2022,MNR,"58,044"
3/27/2022,LIRR,"64,950"
3/27/2022,Bus,"628,313"
3/27/2022,BT,"832,550"
3/28/2022,AAR,"22,114"
3/28/2022,Subway,"2,989,874"
3/28/2022,SIR,"6,096"
3/28/2022,MNR,"130,886"
3/28/2022,LIRR,"153,222"
3/28/2022,Bus,"1,336,330"
3/28/2022,BT,"871,384"
3/29/2022,Bus,"1,430,099"
3/29/2022,Subway,"3,291,883"
3/29/2022,SIR,"6,900"
3/29/2022,AAR,"23,981"
3/29/2022,MNR,"143,870"
3/29/2022,LIRR,"163,218"
3/29/2022,BT,"889,455"
3/30/2022,BT,"916,351"
3/30/2022,Subway,"3,336,073"
3/30/2022,SIR,"6,920"
3/30/2022,MNR,"143,216"
3/30/2022,LIRR,"164,882"
3/30/2022,Bus,"1,465,351"
3/30/2022,AAR,"24,620"
3/31/2022,BT,"944,890"
3/31/2022,Subway,"3,323,135"
3/31/2022,SIR,"6,890"
3/31/2022,MNR,"139,602"
3/31/2022,LIRR,"164,074"
3/31/2022,Bus,"1,450,363"
3/31/2022,AAR,"24,308"
4/1/2022,AAR,"24,017"
4/1/2022,Subway,"3,237,107"
4/1/2022,SIR,"5,972"
4/1/2022,MNR,"120,557"
4/1/2022,LIRR,"145,251"
4/1/2022,Bus,"1,411,421"
4/1/2022,BT,"976,037"
4/2/2022,AAR,"14,382"
4/2/2022,Subway,"2,128,435"
4/2/2022,SIR,"2,484"
4/2/2022,MNR,"80,471"
4/2/2022,LIRR,"77,205"
4/2/2022,Bus,"879,513"
4/2/2022,BT,"896,424"
4/3/2022,BT,"792,710"
4/3/2022,Subway,"1,463,932"
4/3/2022,SIR,"1,419"
4/3/2022,MNR,"53,761"
4/3/2022,LIRR,"58,819"
4/3/2022,Bus,"607,152"
4/3/2022,AAR,"12,947"
4/4/2022,BT,"902,607"
4/4/2022,Subway,"3,127,667"
4/4/2022,SIR,"6,676"
4/4/2022,MNR,"135,920"
4/4/2022,LIRR,"159,541"
4/4/2022,Bus,"1,447,820"
4/4/2022,AAR,"23,746"
4/5/2022,AAR,"24,873"
4/5/2022,Subway,"3,356,454"
4/5/2022,SIR,"7,089"
4/5/2022,MNR,"150,671"
4/5/2022,LIRR,"170,140"
4/5/2022,Bus,"1,484,961"
4/5/2022,BT,"908,321"
4/6/2022,MNR,"142,810"
4/6/2022,Subway,"3,311,547"
4/6/2022,SIR,"6,569"
4/6/2022,LIRR,"163,830"
4/6/2022,Bus,"1,403,198"
4/6/2022,BT,"893,879"
4/6/2022,AAR,"25,103"
4/7/2022,BT,"904,982"
4/7/2022,Subway,"3,307,076"
4/7/2022,SIR,"6,636"
4/7/2022,MNR,"140,249"
4/7/2022,LIRR,"161,276"
4/7/2022,Bus,"1,379,678"
4/7/2022,AAR,"24,107"
4/8/2022,BT,"1,001,814"
4/8/2022,Subway,"3,347,754"
4/8/2022,SIR,"6,342"
4/8/2022,MNR,"140,791"
4/8/2022,LIRR,"160,905"
4/8/2022,Bus,"1,443,367"
4/8/2022,AAR,"24,488"
4/9/2022,BT,"900,306"
4/9/2022,Subway,"2,190,396"
4/9/2022,SIR,66
4/9/2022,MNR,"86,611"
4/9/2022,LIRR,"81,562"
4/9/2022,Bus,"868,945"
4/9/2022,AAR,"13,969"
4/10/2022,AAR,"13,935"
4/10/2022,Subway,"1,707,748"
4/10/2022,SIR,13
4/10/2022,MNR,"66,112"
4/10/2022,LIRR,"63,204"
4/10/2022,Bus,"667,662"
4/10/2022,BT,"852,451"
4/11/2022,AAR,"23,569"
4/11/2022,Subway,"3,205,728"
4/11/2022,SIR,"6,354"
4/11/2022,MNR,"140,224"
4/11/2022,LIRR,"161,131"
4/11/2022,Bus,"1,433,226"
4/11/2022,BT,"904,713"
4/12/2022,BT,"939,901"
4/12/2022,Subway,"3,078,069"
4/12/2022,SIR,"7,099"
4/12/2022,MNR,"149,369"
4/12/2022,LIRR,"172,294"
4/12/2022,Bus,"1,496,004"
4/12/2022,AAR,"25,286"
4/13/2022,BT,"953,204"
4/13/2022,Subway,"3,220,964"
4/13/2022,SIR,"6,593"
4/13/2022,MNR,"147,043"
4/13/2022,LIRR,"163,448"
4/13/2022,Bus,"1,495,891"
4/13/2022,AAR,"25,847"
4/14/2022,AAR,"25,073"
4/14/2022,Subway,"3,297,697"
4/14/2022,SIR,"6,381"
4/14/2022,MNR,"144,335"
4/14/2022,LIRR,"162,946"
4/14/2022,Bus,"1,438,990"
4/14/2022,BT,"986,192"
4/15/2022,MNR,"140,217"
4/15/2022,Subway,"2,761,532"
4/15/2022,SIR,"4,728"
4/15/2022,LIRR,"166,068"
4/15/2022,Bus,"1,137,728"
4/15/2022,BT,"976,485"
4/15/2022,AAR,"20,908"
4/16/2022,Bus,"830,874"
4/16/2022,Subway,"1,986,306"
4/16/2022,SIR,"2,133"
4/16/2022,AAR,"13,413"
4/16/2022,MNR,"83,725"
4/16/2022,LIRR,"89,011"
4/16/2022,BT,"887,976"
4/17/2022,BT,"847,553"
4/17/2022,Subway,"1,512,633"
4/17/2022,SIR,"1,640"
4/17/2022,MNR,"71,704"
4/17/2022,LIRR,"71,258"
4/17/2022,Bus,"596,619"
4/17/2022,AAR,"14,704"
4/18/2022,BT,"904,416"
4/18/2022,Subway,"2,676,254"
4/18/2022,SIR,"5,209"
4/18/2022,MNR,"139,151"
4/18/2022,LIRR,"154,315"
4/18/2022,Bus,"1,145,261"
4/18/2022,AAR,"20,245"
4/19/2022,AAR,"22,359"
4/19/2022,Subway,"2,962,130"
4/19/2022,SIR,"5,841"
4/19/2022,MNR,"151,518"
4/19/2022,LIRR,"168,354"
4/19/2022,Bus,"1,189,960"
4/19/2022,BT,"898,329"
4/20/2022,MNR,"155,674"
4/20/2022,Subway,"3,098,046"
4/20/2022,SIR,"6,097"
4/20/2022,LIRR,"171,730"
4/20/2022,Bus,"1,265,823"
4/20/2022,BT,"945,766"
4/20/2022,AAR,"24,212"
4/21/2022,BT,"923,401"
4/21/2022,Subway,"3,033,422"
4/21/2022,SIR,"5,738"
4/21/2022,MNR,"147,535"
4/21/2022,LIRR,"165,823"
4/21/2022,Bus,"1,231,047"
4/21/2022,AAR,"23,239"
4/22/2022,BT,"938,923"
4/22/2022,Subway,"2,985,684"
4/22/2022,SIR,"5,340"
4/22/2022,MNR,"145,606"
4/22/2022,LIRR,"157,943"
4/22/2022,Bus,"1,217,380"
4/22/2022,AAR,"22,298"
4/23/2022,BT,"910,229"
4/23/2022,Subway,"2,109,188"
4/23/2022,SIR,59
4/23/2022,MNR,"89,804"
4/23/2022,LIRR,"79,436"
4/23/2022,Bus,"844,146"
4/23/2022,AAR,"13,459"
4/24/2022,AAR,"12,927"
4/24/2022,Subway,"1,655,860"
4/24/2022,SIR,3
4/24/2022,MNR,"67,580"
4/24/2022,LIRR,"64,842"
4/24/2022,Bus,"648,591"
4/24/2022,BT,"877,831"
4/25/2022,AAR,"22,370"
4/25/2022,Subway,"3,026,541"
4/25/2022,SIR,"6,322"
4/25/2022,MNR,"138,979"
4/25/2022,LIRR,"159,569"
4/25/2022,Bus,"1,415,638"
4/25/2022,BT,"887,314"
4/26/2022,BT,"901,009"
4/26/2022,Subway,"3,281,657"
4/26/2022,SIR,"7,024"
4/26/2022,MNR,"153,893"
4/26/2022,LIRR,"172,171"
4/26/2022,Bus,"1,453,452"
4/26/2022,AAR,"23,800"
4/27/2022,BT,"938,124"
4/27/2022,Subway,"3,432,282"
4/27/2022,SIR,"6,903"
4/27/2022,MNR,"153,109"
4/27/2022,LIRR,"172,613"
4/27/2022,Bus,"1,500,437"
4/27/2022,AAR,"25,229"
4/28/2022,BT,"972,482"
4/28/2022,Subway,"3,404,938"
4/28/2022,SIR,"6,765"
4/28/2022,MNR,"146,321"
4/28/2022,LIRR,"167,300"
4/28/2022,Bus,"1,468,093"
4/28/2022,AAR,"24,321"
4/29/2022,AAR,"23,421"
4/29/2022,Subway,"3,257,634"
4/29/2022,SIR,"5,900"
4/29/2022,MNR,"136,881"
4/29/2022,LIRR,"164,944"
4/29/2022,Bus,"1,429,909"
4/29/2022,BT,"1,005,265"
4/30/2022,AAR,"14,223"
4/30/2022,Subway,"2,108,746"
4/30/2022,SIR,"2,123"
4/30/2022,MNR,"82,838"
4/30/2022,LIRR,"82,887"
4/30/2022,Bus,"884,540"
4/30/2022,BT,"945,852"
5/1/2022,BT,"862,097"
5/1/2022,Subway,"1,683,953"
5/1/2022,SIR,"2,694"
5/1/2022,MNR,"62,502"
5/1/2022,LIRR,"64,630"
5/1/2022,Bus,"676,070"
5/1/2022,AAR,"12,976"
5/2/2022,BT,"886,528"
5/2/2022,Subway,"2,732,825"
5/2/2022,SIR,"5,425"
5/2/2022,MNR,"126,784"
5/2/2022,LIRR,"146,394"
5/2/2022,Bus,"1,176,867"
5/2/2022,AAR,"21,695"
5/3/2022,AAR,"24,680"
5/3/2022,Subway,"3,402,882"
5/3/2022,SIR,"7,400"
5/3/2022,MNR,"155,261"
5/3/2022,LIRR,"177,868"
5/3/2022,Bus,"1,500,109"
5/3/2022,BT,"933,396"
5/4/2022,AAR,"25,462"
5/4/2022,Subway,"3,364,902"
5/4/2022,SIR,"6,747"
5/4/2022,MNR,"147,078"
5/4/2022,LIRR,"168,539"
5/4/2022,Bus,"1,465,639"
5/4/2022,BT,"925,182"
5/5/2022,Bus,"1,523,580"
5/5/2022,Subway,"3,502,522"
5/5/2022,SIR,"7,061"
5/5/2022,AAR,"25,903"
5/5/2022,MNR,"150,087"
5/5/2022,LIRR,"174,640"
5/5/2022,BT,"986,486"
5/6/2022,BT,"957,636"
5/6/2022,Subway,"3,190,556"
5/6/2022,SIR,"5,729"
5/6/2022,MNR,"129,417"
5/6/2022,LIRR,"154,325"
5/6/2022,Bus,"1,353,750"
5/6/2022,AAR,"23,411"
5/7/2022,BT,"843,628"
5/7/2022,Subway,"1,842,808"
5/7/2022,SIR,"1,523"
5/7/2022,MNR,"68,612"
5/7/2022,LIRR,"72,948"
5/7/2022,Bus,"706,551"
5/7/2022,AAR,"13,033"
5/8/2022,AAR,"15,375"
5/8/2022,Subway,"1,582,133"
5/8/2022,SIR,"1,449"
5/8/2022,MNR,"73,027"
5/8/2022,LIRR,"73,703"
5/8/2022,Bus,"630,228"
5/8/2022,BT,"893,775"
5/9/2022,AAR,"22,008"
5/9/2022,Subway,"3,114,506"
5/9/2022,SIR,"6,564"
5/9/2022,MNR,"140,940"
5/9/2022,LIRR,"163,741"
5/9/2022,Bus,"1,428,758"
5/9/2022,BT,"920,508"
5/10/2022,BT,"936,853"
5/10/2022,Subway,"3,412,902"
5/10/2022,SIR,"7,176"
5/10/2022,MNR,"158,627"
5/10/2022,LIRR,"175,823"
5/10/2022,Bus,"1,504,314"
5/10/2022,AAR,"24,148"
5/11/2022,BT,"951,909"
5/11/2022,Subway,"3,440,378"
5/11/2022,SIR,"7,159"
5/11/2022,MNR,"156,792"
5/11/2022,LIRR,"178,061"
5/11/2022,Bus,"1,514,922"
5/11/2022,AAR,"25,548"
5/12/2022,AAR,"25,158"
5/12/2022,Subway,"3,430,104"
5/12/2022,SIR,"6,866"
5/12/2022,MNR,"149,204"
5/12/2022,LIRR,"169,543"
5/12/2022,Bus,"1,495,220"
5/12/2022,BT,"984,799"
5/13/2022,MNR,"140,065"
5/13/2022,Subway,"3,252,002"
5/13/2022,SIR,"6,050"
5/13/2022,LIRR,"164,843"
5/13/2022,Bus,"1,410,923"
5/13/2022,BT,"1,001,973"
5/13/2022,AAR,"23,539"
5/14/2022,BT,"921,216"
5/14/2022,Subway,"2,149,046"
5/14/2022,SIR,69
5/14/2022,MNR,"86,652"
5/14/2022,LIRR,"89,636"
5/14/2022,Bus,"840,921"
5/14/2022,AAR,"13,580"
5/15/2022,BT,"911,186"
5/15/2022,Subway,"1,760,359"
5/15/2022,SIR,5
5/15/2022,MNR,"69,705"
5/15/2022,LIRR,"76,052"
5/15/2022,Bus,"692,876"
5/15/2022,AAR,"13,379"
5/16/2022,BT,"901,887"
5/16/2022,Subway,"3,080,043"
5/16/2022,SIR,"5,996"
5/16/2022,MNR,"140,702"
5/16/2022,LIRR,"163,431"
5/16/2022,Bus,"1,396,300"
5/16/2022,AAR,"22,187"
5/17/2022,AAR,"24,353"
5/17/2022,Subway,"3,536,021"
5/17/2022,SIR,"7,259"
5/17/2022,MNR,"162,082"
5/17/2022,LIRR,"182,683"
5/17/2022,Bus,"1,519,740"
5/17/2022,BT,"954,976"
5/18/2022,AAR,"25,365"
5/18/2022,Subway,"3,605,606"
5/18/2022,SIR,"6,816"
5/18/2022,MNR,"161,135"
5/18/2022,LIRR,"182,181"
5/18/2022,Bus,"1,511,142"
5/18/2022,BT,"985,992"
5/19/2022,BT,"986,913"
5/19/2022,Subway,"3,467,327"
5/19/2022,SIR,"6,790"
5/19/2022,MNR,"149,985"
5/19/2022,LIRR,"172,517"
5/19/2022,Bus,"1,426,027"
5/19/2022,AAR,"24,271"
5/20/2022,BT,"1,015,453"
5/20/2022,Subway,"3,271,914"
5/20/2022,SIR,"6,040"
5/20/2022,MNR,"146,403"
5/20/2022,LIRR,"175,666"
5/20/2022,Bus,"1,396,732"
5/20/2022,AAR,"23,767"
5/21/2022,AAR,"14,985"
5/21/2022,Subway,"2,324,245"
5/21/2022,SIR,"2,530"
5/21/2022,MNR,"92,552"
5/21/2022,LIRR,"94,322"
5/21/2022,Bus,"883,795"
5/21/2022,BT,"986,370"
5/22/2022,AAR,"13,279"
5/22/2022,Subway,"1,760,638"
5/22/2022,SIR,"1,863"
5/22/2022,MNR,"72,063"
5/22/2022,LIRR,"78,635"
5/22/2022,Bus,"683,500"
5/22/2022,BT,"922,608"
5/23/2022,Bus,"1,431,781"
5/23/2022,Subway,"3,111,755"
5/23/2022,SIR,"6,356"
5/23/2022,AAR,"22,696"
5/23/2022,MNR,"151,349"
5/23/2022,LIRR,"170,546"
5/23/2022,BT,"947,348"
5/24/2022,BT,"945,831"
5/24/2022,Subway,"3,378,506"
5/24/2022,SIR,"7,023"
5/24/2022,MNR,"163,943"
5/24/2022,LIRR,"182,570"
5/24/2022,Bus,"1,488,152"
5/24/2022,AAR,"24,560"
5/25/2022,BT,"963,168"
5/25/2022,Subway,"3,426,530"
5/25/2022,SIR,"6,862"
5/25/2022,MNR,"158,814"
5/25/2022,LIRR,"178,124"
5/25/2022,Bus,"1,493,506"
5/25/2022,AAR,"25,418"
5/26/2022,AAR,"24,866"
5/26/2022,Subway,"3,341,059"
5/26/2022,SIR,"6,549"
5/26/2022,MNR,"148,011"
5/26/2022,LIRR,"176,469"
5/26/2022,Bus,"1,464,696"
5/26/2022,BT,"1,005,411"
5/27/2022,MNR,"135,294"
5/27/2022,Subway,"3,031,130"
5/27/2022,SIR,"5,737"
5/27/2022,LIRR,"167,840"
5/27/2022,Bus,"1,353,398"
5/27/2022,BT,"979,279"
5/27/2022,AAR,"22,894"
5/28/2022,BT,"835,815"
5/28/2022,Subway,"1,872,775"
5/28/2022,SIR,"2,191"
5/28/2022,MNR,"77,192"
5/28/2022,LIRR,"91,250"
5/28/2022,Bus,"788,135"
5/28/2022,AAR,"12,805"
5/29/2022,BT,"893,856"
5/29/2022,Subway,"1,755,236"
5/29/2022,SIR,"2,276"
5/29/2022,MNR,"76,982"
5/29/2022,LIRR,"84,784"
5/29/2022,Bus,"701,173"
5/29/2022,AAR,"14,490"
5/30/2022,BT,"841,659"
5/30/2022,Subway,"1,694,970"
5/30/2022,SIR,"2,251"
5/30/2022,MNR,"68,206"
5/30/2022,LIRR,"80,533"
5/30/2022,Bus,"755,616"
5/30/2022,AAR,"10,771"
5/31/2022,AAR,"23,778"
5/31/2022,Subway,"3,176,109"
5/31/2022,SIR,"6,634"
5/31/2022,MNR,"163,018"
5/31/2022,LIRR,"184,088"
5/31/2022,Bus,"1,426,470"
5/31/2022,BT,"971,866"
6/1/2022,AAR,"25,586"
6/1/2022,Subway,"3,381,297"
6/1/2022,SIR,"7,084"
6/1/2022,MNR,"159,050"
6/1/2022,LIRR,"178,742"
6/1/2022,Bus,"1,465,383"
6/1/2022,BT,"947,288"
6/2/2022,BT,"962,810"
6/2/2022,Subway,"3,351,902"
6/2/2022,SIR,"6,783"
6/2/2022,MNR,"151,492"
6/2/2022,LIRR,"170,537"
6/2/2022,Bus,"1,433,303"
6/2/2022,AAR,"24,764"
6/3/2022,BT,"1,005,636"
6/3/2022,Subway,"3,283,271"
6/3/2022,SIR,"6,178"
6/3/2022,MNR,"153,744"
6/3/2022,LIRR,"174,500"
6/3/2022,Bus,"1,431,042"
6/3/2022,AAR,"24,838"
6/4/2022,BT,"959,738"
6/4/2022,Subway,"2,178,024"
6/4/2022,SIR,"1,844"
6/4/2022,MNR,"92,199"
6/4/2022,LIRR,"93,431"
6/4/2022,Bus,"904,623"
6/4/2022,AAR,"14,409"
6/5/2022,AAR,"13,955"
6/5/2022,Subway,"1,724,983"
6/5/2022,SIR,"1,361"
6/5/2022,MNR,"74,005"
6/5/2022,LIRR,"75,675"
6/5/2022,Bus,"691,644"
6/5/2022,BT,"887,504"
6/6/2022,AAR,"22,794"
6/6/2022,Subway,"3,092,181"
6/6/2022,SIR,"6,552"
6/6/2022,MNR,"148,152"
6/6/2022,LIRR,"167,062"
6/6/2022,Bus,"1,411,725"
6/6/2022,BT,"895,917"
6/7/2022,BT,"944,223"
6/7/2022,Subway,"3,392,224"
6/7/2022,SIR,"7,169"
6/7/2022,MNR,"163,756"
6/7/2022,LIRR,"185,736"
6/7/2022,Bus,"1,440,940"
6/7/2022,AAR,"25,256"
6/8/2022,BT,"962,199"
6/8/2022,Subway,"3,492,805"
6/8/2022,SIR,"7,114"
6/8/2022,MNR,"162,417"
6/8/2022,LIRR,"181,126"
6/8/2022,Bus,"1,496,144"
6/8/2022,AAR,"26,058"
6/9/2022,AAR,"25,135"
6/9/2022,Subway,"3,297,157"
6/9/2022,SIR,"6,430"
6/9/2022,MNR,"157,460"
6/9/2022,LIRR,"179,521"
6/9/2022,Bus,"1,333,103"
6/9/2022,BT,"978,649"
6/10/2022,AAR,"25,437"
6/10/2022,Subway,"3,376,125"
6/10/2022,SIR,"6,304"
6/10/2022,MNR,"159,223"
6/10/2022,LIRR,"187,819"
6/10/2022,Bus,"1,435,660"
6/10/2022,BT,"1,031,830"
6/11/2022,Bus,"870,550"
6/11/2022,Subway,"2,231,451"
6/11/2022,SIR,"1,835"
6/11/2022,AAR,"14,776"
6/11/2022,MNR,"95,108"
6/11/2022,LIRR,"117,891"
6/11/2022,BT,"964,587"
6/12/2022,BT,"886,355"
6/12/2022,Subway,"1,674,607"
6/12/2022,SIR,"1,209"
6/12/2022,MNR,"74,580"
6/12/2022,LIRR,"80,792"
6/12/2022,Bus,"626,471"
6/12/2022,AAR,"13,440"
6/13/2022,BT,"947,035"
6/13/2022,Subway,"3,168,681"
6/13/2022,SIR,"6,608"
6/13/2022,MNR,"150,375"
6/13/2022,LIRR,"174,264"
6/13/2022,Bus,"1,440,429"
6/13/2022,AAR,"23,697"
6/14/2022,AAR,"25,372"
6/14/2022,Subway,"3,494,822"
6/14/2022,SIR,"7,276"
6/14/2022,MNR,"174,340"
6/14/2022,LIRR,"191,198"
6/14/2022,Bus,"1,493,761"
6/14/2022,BT,"957,954"
6/15/2022,AAR,"26,904"
6/15/2022,Subway,"3,526,802"
6/15/2022,SIR,"7,153"
6/15/2022,MNR,"169,462"
6/15/2022,LIRR,"192,593"
6/15/2022,Bus,"1,478,668"
6/15/2022,BT,"979,083"
6/16/2022,BT,"997,575"
6/16/2022,Subway,"3,409,624"
6/16/2022,SIR,"6,720"
6/16/2022,MNR,"162,513"
6/16/2022,LIRR,"190,212"
6/16/2022,Bus,"1,397,317"
6/16/2022,AAR,"25,856"
6/17/2022,BT,"1,040,063"
6/17/2022,Subway,"3,247,379"
6/17/2022,SIR,"6,036"
6/17/2022,MNR,"148,590"
6/17/2022,LIRR,"187,179"
6/17/2022,Bus,"1,397,243"
6/17/2022,AAR,"24,338"
6/18/2022,AAR,"15,136"
6/18/2022,Subway,"2,186,635"
6/18/2022,SIR,"2,613"
6/18/2022,MNR,"94,130"
6/18/2022,LIRR,"106,091"
6/18/2022,Bus,"884,050"
6/18/2022,BT,"990,282"
6/19/2022,MNR,"80,654"
6/19/2022,Subway,"1,725,762"
6/19/2022,SIR,"1,903"
6/19/2022,LIRR,"90,581"
6/19/2022,Bus,"693,231"
6/19/2022,BT,"948,850"
6/19/2022,AAR,"15,622"
6/20/2022,BT,"945,254"
6/20/2022,Subway,"2,460,659"
6/20/2022,SIR,"4,009"
6/20/2022,MNR,"138,080"
6/20/2022,LIRR,"167,670"
6/20/2022,Bus,"1,077,190"
6/20/2022,AAR,"15,440"
6/21/2022,BT,"955,506"
6/21/2022,Subway,"3,339,793"
6/21/2022,SIR,"7,183"
6/21/2022,MNR,"172,400"
6/21/2022,LIRR,"190,339"
6/21/2022,Bus,"1,408,052"
6/21/2022,AAR,"25,299"
6/22/2022,BT,"940,715"
6/22/2022,Subway,"3,357,113"
6/22/2022,SIR,"6,910"
6/22/2022,MNR,"164,196"
6/22/2022,LIRR,"178,850"
6/22/2022,Bus,"1,361,456"
6/22/2022,AAR,"25,774"
6/23/2022,AAR,"25,286"
6/23/2022,Subway,"3,407,485"
6/23/2022,SIR,"6,716"
6/23/2022,MNR,"169,144"
6/23/2022,LIRR,"188,546"
6/23/2022,Bus,"1,382,605"
6/23/2022,BT,"1,007,745"
6/24/2022,AAR,"24,414"
6/24/2022,Subway,"3,296,412"
6/24/2022,SIR,"6,066"
6/24/2022,MNR,"161,647"
6/24/2022,LIRR,"187,818"
6/24/2022,Bus,"1,331,442"
6/24/2022,BT,"1,038,953"
6/25/2022,BT,"997,542"
6/25/2022,Subway,"2,286,963"
6/25/2022,SIR,50
6/25/2022,MNR,"102,466"
6/25/2022,LIRR,"106,000"
6/25/2022,Bus,"888,953"
6/25/2022,AAR,"15,274"
6/26/2022,BT,"965,214"
6/26/2022,Subway,"2,011,977"
6/26/2022,SIR,618
6/26/2022,MNR,"99,103"
6/26/2022,LIRR,"102,452"
6/26/2022,Bus,"696,910"
6/26/2022,AAR,"14,574"
6/27/2022,AAR,"22,331"
6/27/2022,Subway,"2,932,598"
6/27/2022,SIR,"6,260"
6/27/2022,MNR,"149,284"
6/27/2022,LIRR,"171,627"
6/27/2022,Bus,"1,279,403"
6/27/2022,BT,"931,830"
6/28/2022,AAR,"24,179"
6/28/2022,Subway,"3,248,338"
6/28/2022,SIR,"6,903"
6/28/2022,MNR,"174,878"
6/28/2022,LIRR,"199,956"
6/28/2022,Bus,"1,328,144"
6/28/2022,BT,"964,114"
6/29/2022,LIRR,"191,855"
6/29/2022,Subway,"3,249,261"
6/29/2022,SIR,"6,792"
6/29/2022,BT,"982,600"
6/29/2022,AAR,"25,392"
6/29/2022,MNR,"169,146"
6/29/2022,Bus,"1,325,530"
6/30/2022,BT,"1,016,153"
6/30/2022,Subway,"3,151,572"
6/30/2022,SIR,"6,407"
6/30/2022,MNR,"158,265"
6/30/2022,LIRR,"191,868"
6/30/2022,Bus,"1,300,241"
6/30/2022,AAR,"24,651"
7/1/2022,BT,"1,002,264"
7/1/2022,Subway,"2,827,549"
7/1/2022,SIR,"5,291"
7/1/2022,MNR,"117,791"
7/1/2022,LIRR,"151,245"
7/1/2022,Bus,"1,221,837"
7/1/2022,AAR,"23,983"
7/2/2022,AAR,"12,878"
7/2/2022,Subway,"1,847,093"
7/2/2022,SIR,"2,042"
7/2/2022,MNR,"75,179"
7/2/2022,LIRR,"84,481"
7/2/2022,Bus,"827,668"
7/2/2022,BT,"826,242"
7/3/2022,AAR,"14,822"
7/3/2022,Subway,"1,654,774"
7/3/2022,SIR,"1,909"
7/3/2022,MNR,"73,949"
7/3/2022,LIRR,"86,602"
7/3/2022,Bus,"703,282"
7/3/2022,BT,"847,916"
7/4/2022,BT,"774,919"
7/4/2022,Subway,"1,608,084"
7/4/2022,SIR,"2,148"
7/4/2022,MNR,"72,464"
7/4/2022,LIRR,"85,709"
7/4/2022,Bus,"689,986"
7/4/2022,AAR,"10,976"
7/5/2022,BT,"929,050"
7/5/2022,Subway,"2,802,814"
7/5/2022,SIR,"5,935"
7/5/2022,MNR,"150,170"
7/5/2022,LIRR,"169,990"
7/5/2022,Bus,"1,246,208"
7/5/2022,AAR,"22,800"
7/6/2022,AAR,"25,372"
7/6/2022,Subway,"3,066,462"
7/6/2022,SIR,"6,448"
7/6/2022,MNR,"153,543"
7/6/2022,LIRR,"173,648"
7/6/2022,Bus,"1,330,990"
7/6/2022,BT,"921,175"
7/7/2022,MNR,"151,105"
7/7/2022,Subway,"3,115,604"
7/7/2022,SIR,"6,463"
7/7/2022,LIRR,"173,393"
7/7/2022,Bus,"1,333,373"
7/7/2022,BT,"950,059"
7/7/2022,AAR,"25,119"
7/8/2022,BT,"952,918"
7/8/2022,Subway,"2,902,322"
7/8/2022,SIR,"5,625"
7/8/2022,MNR,"134,620"
7/8/2022,LIRR,"163,715"
7/8/2022,Bus,"1,249,434"
7/8/2022,AAR,"24,108"
7/9/2022,BT,"920,380"
7/9/2022,Subway,"2,061,419"
7/9/2022,SIR,"2,563"
7/9/2022,MNR,"89,757"
7/9/2022,LIRR,"92,765"
7/9/2022,Bus,"885,289"
7/9/2022,AAR,"14,546"
7/10/2022,BT,"923,563"
7/10/2022,Subway,"1,681,041"
7/10/2022,SIR,"2,016"
7/10/2022,MNR,"71,195"
7/10/2022,LIRR,"82,276"
7/10/2022,Bus,"707,984"
7/10/2022,AAR,"14,147"
7/11/2022,AAR,"23,255"
7/11/2022,Subway,"2,876,587"
7/11/2022,SIR,"6,163"
7/11/2022,MNR,"148,113"
7/11/2022,LIRR,"167,475"
7/11/2022,Bus,"1,312,895"
7/11/2022,BT,"917,153"
7/12/2022,AAR,"24,697"
7/12/2022,Subway,"3,148,320"
7/12/2022,SIR,"6,780"
7/12/2022,MNR,"164,494"
7/12/2022,LIRR,"180,172"
7/12/2022,Bus,"1,350,346"
7/12/2022,BT,"916,624"
7/13/2022,BT,"947,694"
7/13/2022,Subway,"3,229,387"
7/13/2022,SIR,"6,536"
7/13/2022,MNR,"166,187"
7/13/2022,LIRR,"178,413"
7/13/2022,Bus,"1,365,172"
7/13/2022,AAR,"25,800"
7/14/2022,BT,"981,268"
7/14/2022,Subway,"3,203,104"
7/14/2022,SIR,"6,413"
7/14/2022,MNR,"159,599"
7/14/2022,LIRR,"174,794"
7/14/2022,Bus,"1,355,975"
7/14/2022,AAR,"25,312"
7/15/2022,AAR,"24,177"
7/15/2022,Subway,"3,021,651"
7/15/2022,SIR,"5,527"
7/15/2022,MNR,"148,858"
7/15/2022,LIRR,"171,615"
7/15/2022,Bus,"1,291,217"
7/15/2022,BT,"997,636"
7/16/2022,MNR,"98,156"
7/16/2022,Subway,"2,093,206"
7/16/2022,SIR,64
7/16/2022,LIRR,"101,758"
7/16/2022,Bus,"859,537"
7/16/2022,BT,"942,248"
7/16/2022,AAR,"15,226"
7/17/2022,Bus,"701,796"
7/17/2022,Subway,"1,674,922"
7/17/2022,SIR,7
7/17/2022,AAR,"13,868"
7/17/2022,MNR,"80,166"
7/17/2022,LIRR,"82,028"
7/17/2022,BT,"902,737"
7/18/2022,BT,"880,836"
7/18/2022,Subway,"2,720,012"
7/18/2022,SIR,"5,543"
7/18/2022,MNR,"132,779"
7/18/2022,LIRR,"162,178"
7/18/2022,Bus,"1,209,240"
7/18/2022,AAR,"22,670"
7/19/2022,BT,"935,755"
7/19/2022,Subway,"3,169,016"
7/19/2022,SIR,"6,593"
7/19/2022,MNR,"160,294"
7/19/2022,LIRR,"180,693"
7/19/2022,Bus,"1,372,407"
7/19/2022,AAR,"24,933"
7/20/2022,AAR,"25,590"
7/20/2022,Subway,"3,190,942"
7/20/2022,SIR,"6,167"
7/20/2022,MNR,"156,988"
7/20/2022,LIRR,"180,707"
7/20/2022,Bus,"1,357,383"
7/20/2022,BT,"948,736"
7/21/2022,AAR,"24,308"
7/21/2022,Subway,"3,109,097"
7/21/2022,SIR,"6,166"
7/21/2022,MNR,"150,414"
7/21/2022,LIRR,"173,070"
7/21/2022,Bus,"1,302,978"
7/21/2022,BT,"957,980"
7/22/2022,BT,"996,410"
7/22/2022,Subway,"2,942,752"
7/22/2022,SIR,"5,322"
7/22/2022,MNR,"138,068"
7/22/2022,LIRR,"174,861"
7/22/2022,Bus,"1,267,907"
7/22/2022,AAR,"23,926"
7/23/2022,BT,"949,126"
7/23/2022,Subway,"2,028,696"
7/23/2022,SIR,32
7/23/2022,MNR,"86,245"
7/23/2022,LIRR,"99,341"
7/23/2022,Bus,"862,976"
7/23/2022,AAR,"14,503"
7/24/2022,AAR,"12,751"
7/24/2022,Subway,"1,596,195"
7/24/2022,SIR,6
7/24/2022,MNR,"68,265"
7/24/2022,LIRR,"82,656"
7/24/2022,Bus,"674,189"
7/24/2022,BT,"911,373"
7/25/2022,MNR,"140,432"
7/25/2022,Subway,"2,727,722"
7/25/2022,SIR,"5,692"
7/25/2022,LIRR,"163,454"
7/25/2022,Bus,"1,220,826"
7/25/2022,BT,"896,490"
7/25/2022,AAR,"22,355"
7/26/2022,BT,"945,428"
7/26/2022,Subway,"3,175,001"
7/26/2022,SIR,"6,479"
7/26/2022,MNR,"162,994"
7/26/2022,LIRR,"186,182"
7/26/2022,Bus,"1,360,570"
7/26/2022,AAR,"24,990"
7/27/2022,BT,"961,077"
7/27/2022,Subway,"3,232,796"
7/27/2022,SIR,"6,667"
7/27/2022,MNR,"161,241"
7/27/2022,LIRR,"185,332"
7/27/2022,Bus,"1,369,023"
7/27/2022,AAR,"25,759"
7/28/2022,BT,"977,651"
7/28/2022,Subway,"3,151,913"
7/28/2022,SIR,"6,421"
7/28/2022,MNR,"156,936"
7/28/2022,LIRR,"173,264"
7/28/2022,Bus,"1,332,113"
7/28/2022,AAR,"24,413"
7/29/2022,AAR,"23,697"
7/29/2022,Subway,"2,932,846"
7/29/2022,SIR,"5,532"
7/29/2022,MNR,"147,568"
7/29/2022,LIRR,"166,723"
7/29/2022,Bus,"1,260,714"
7/29/2022,BT,"983,238"
7/30/2022,AAR,"15,068"
7/30/2022,Subway,"2,074,421"
7/30/2022,SIR,56
7/30/2022,MNR,"96,840"
7/30/2022,LIRR,"89,426"
7/30/2022,Bus,"893,846"
7/30/2022,BT,"957,931"
7/31/2022,BT,"932,337"
7/31/2022,Subway,"1,649,097"
7/31/2022,SIR,3
7/31/2022,MNR,"78,953"
7/31/2022,LIRR,"77,991"
7/31/2022,Bus,"693,700"
7/31/2022,AAR,"14,046"
8/1/2022,BT,"907,827"
8/1/2022,Subway,"2,739,262"
8/1/2022,SIR,"5,673"
8/1/2022,MNR,"138,431"
8/1/2022,LIRR,"151,752"
8/1/2022,Bus,"1,240,007"
8/1/2022,AAR,"22,892"
8/2/2022,AAR,"24,865"
8/2/2022,Subway,"3,070,101"
8/2/2022,SIR,"6,452"
8/2/2022,MNR,"158,236"
8/2/2022,LIRR,"173,023"
8/2/2022,Bus,"1,346,324"
8/2/2022,BT,"922,437"
8/3/2022,MNR,"158,305"
8/3/2022,Subway,"3,124,038"
8/3/2022,SIR,"6,170"
8/3/2022,LIRR,"173,751"
8/3/2022,Bus,"1,367,848"
8/3/2022,BT,"950,670"
8/3/2022,AAR,"26,785"
8/4/2022,MNR,"147,770"
8/4/2022,Subway,"3,049,076"
8/4/2022,SIR,"5,409"
8/4/2022,Bus,"1,323,229"
8/4/2022,BT,"980,062"
8/4/2022,AAR,"25,326"
8/4/2022,LIRR,"174,491"
8/5/2022,BT,"979,699"
8/5/2022,Subway,"2,822,155"
8/5/2022,SIR,"4,754"
8/5/2022,MNR,"129,376"
8/5/2022,LIRR,"161,323"
8/5/2022,Bus,"1,260,961"
8/5/2022,AAR,"23,824"
8/6/2022,BT,"947,549"
8/6/2022,Subway,"1,999,580"
8/6/2022,SIR,33
8/6/2022,MNR,"84,495"
8/6/2022,LIRR,"95,704"
8/6/2022,Bus,"865,676"
8/6/2022,AAR,"14,893"
8/7/2022,AAR,"14,367"
8/7/2022,Subway,"1,542,311"
8/7/2022,SIR,153
8/7/2022,MNR,"66,242"
8/7/2022,LIRR,"78,449"
8/7/2022,Bus,"670,866"
8/7/2022,BT,"884,982"
8/8/2022,MNR,"137,457"
8/8/2022,Subway,"2,705,428"
8/8/2022,SIR,"5,496"
8/8/2022,LIRR,"165,363"
8/8/2022,Bus,"1,276,524"
8/8/2022,BT,"929,797"
8/8/2022,AAR,"22,965"
8/9/2022,BT,"925,908"
8/9/2022,Subway,"3,013,784"
8/9/2022,SIR,"5,935"
8/9/2022,MNR,"151,624"
8/9/2022,LIRR,"173,284"
8/9/2022,Bus,"1,308,034"
8/9/2022,AAR,"25,056"
8/10/2022,BT,"952,184"
8/10/2022,Subway,"3,134,434"
8/10/2022,SIR,"6,117"
8/10/2022,MNR,"147,931"
8/10/2022,LIRR,"178,656"
8/10/2022,Bus,"1,347,916"
8/10/2022,AAR,"26,098"
8/11/2022,BT,"970,557"
8/11/2022,Subway,"3,093,548"
8/11/2022,SIR,"5,842"
8/11/2022,MNR,"146,019"
8/11/2022,LIRR,"171,390"
8/11/2022,Bus,"1,315,101"
8/11/2022,AAR,"25,553"
8/12/2022,AAR,"24,849"
8/12/2022,Subway,"2,963,913"
8/12/2022,SIR,"5,422"
8/12/2022,MNR,"137,578"
8/12/2022,LIRR,"175,220"
8/12/2022,Bus,"1,273,620"
8/12/2022,BT,"1,000,198"
8/13/2022,AAR,"15,889"
8/13/2022,Subway,"2,089,217"
8/13/2022,SIR,"1,632"
8/13/2022,MNR,"89,569"
8/13/2022,LIRR,"103,227"
8/13/2022,Bus,"878,499"
8/13/2022,BT,"956,654"
8/14/2022,BT,"934,389"
8/14/2022,Subway,"1,677,803"
8/14/2022,SIR,"1,339"
8/14/2022,MNR,"72,900"
8/14/2022,LIRR,"88,242"
8/14/2022,Bus,"692,644"
8/14/2022,AAR,"14,492"
8/15/2022,BT,"924,732"
8/15/2022,Subway,"2,768,347"
8/15/2022,SIR,"5,395"
8/15/2022,MNR,"144,170"
8/15/2022,LIRR,"161,519"
8/15/2022,Bus,"1,234,308"
8/15/2022,AAR,"23,199"
8/16/2022,BT,"923,202"
8/16/2022,Subway,"3,045,892"
8/16/2022,SIR,"6,228"
8/16/2022,MNR,"157,888"
8/16/2022,LIRR,"173,651"
8/16/2022,Bus,"1,288,800"
8/16/2022,AAR,"24,994"
8/17/2022,AAR,"25,904"
8/17/2022,Subway,"3,074,027"
8/17/2022,SIR,"6,080"
8/17/2022,MNR,"155,815"
8/17/2022,LIRR,"172,248"
8/17/2022,Bus,"1,284,966"
8/17/2022,BT,"938,763"
8/18/2022,AAR,"25,701"
8/18/2022,Subway,"3,077,928"
8/18/2022,SIR,"5,834"
8/18/2022,MNR,"150,643"
8/18/2022,LIRR,"181,136"
8/18/2022,Bus,"1,283,965"
8/18/2022,BT,"986,106"
8/19/2022,BT,"999,070"
8/19/2022,Subway,"2,918,737"
8/19/2022,SIR,"5,132"
8/19/2022,MNR,"141,791"
8/19/2022,LIRR,"164,682"
8/19/2022,Bus,"1,239,929"
8/19/2022,AAR,"24,141"
8/20/2022,BT,"955,696"
8/20/2022,Subway,"2,038,622"
8/20/2022,SIR,"1,699"
8/20/2022,MNR,"97,718"
8/20/2022,LIRR,"96,552"
8/20/2022,Bus,"875,371"
8/20/2022,AAR,"15,903"
8/21/2022,AAR,"14,617"
8/21/2022,Subway,"1,619,422"
8/21/2022,SIR,"1,272"
8/21/2022,MNR,"81,666"
8/21/2022,LIRR,"84,669"
8/21/2022,Bus,"692,309"
8/21/2022,BT,"920,731"
8/22/2022,AAR,"21,887"
8/22/2022,Subway,"2,622,885"
8/22/2022,SIR,"5,185"
8/22/2022,MNR,"141,482"
8/22/2022,LIRR,"160,918"
8/22/2022,Bus,"1,144,254"
8/22/2022,BT,"887,585"
8/23/2022,Bus,"1,261,782"
8/23/2022,Subway,"2,992,615"
8/23/2022,SIR,"5,903"
8/23/2022,AAR,"24,448"
8/23/2022,MNR,"155,953"
8/23/2022,LIRR,"173,898"
8/23/2022,BT,"924,807"
8/24/2022,BT,"950,511"
8/24/2022,Subway,"3,020,710"
8/24/2022,SIR,"6,036"
8/24/2022,MNR,"151,169"
8/24/2022,LIRR,"177,790"
8/24/2022,Bus,"1,288,092"
8/24/2022,AAR,"25,654"
8/25/2022,BT,"984,695"
8/25/2022,Subway,"3,090,901"
8/25/2022,SIR,"6,122"
8/25/2022,MNR,"142,659"
8/25/2022,LIRR,"177,178"
8/25/2022,Bus,"1,310,134"
8/25/2022,AAR,"24,964"
8/26/2022,AAR,"23,417"
8/26/2022,Subway,"2,863,653"
8/26/2022,SIR,"4,969"
8/26/2022,MNR,"133,306"
8/26/2022,LIRR,"171,765"
8/26/2022,Bus,"1,217,448"
8/26/2022,BT,"971,687"
8/27/2022,AAR,"15,575"
8/27/2022,Subway,"2,066,542"
8/27/2022,SIR,"2,214"
8/27/2022,MNR,"90,006"
8/27/2022,LIRR,"103,192"
8/27/2022,Bus,"874,084"
8/27/2022,BT,"980,598"
8/28/2022,BT,"943,031"
8/28/2022,Subway,"1,651,689"
8/28/2022,SIR,"1,816"
8/28/2022,MNR,"76,296"
8/28/2022,LIRR,"86,867"
8/28/2022,Bus,"681,823"
8/28/2022,AAR,"14,506"
8/29/2022,BT,"930,336"
8/29/2022,Subway,"2,836,374"
8/29/2022,SIR,"5,705"
8/29/2022,MNR,"140,540"
8/29/2022,LIRR,"180,588"
8/29/2022,Bus,"1,263,000"
8/29/2022,AAR,"22,503"
8/30/2022,AAR,"24,300"
8/30/2022,Subway,"3,091,873"
8/30/2022,SIR,"6,228"
8/30/2022,MNR,"152,025"
8/30/2022,LIRR,"195,986"
8/30/2022,Bus,"1,326,293"
8/30/2022,BT,"937,492"
8/31/2022,MNR,"149,499"
8/31/2022,Subway,"3,144,027"
8/31/2022,SIR,"6,261"
8/31/2022,LIRR,"197,154"
8/31/2022,Bus,"1,342,568"
8/31/2022,BT,"976,058"
8/31/2022,AAR,"25,541"
9/1/2022,BT,"1,001,466"
9/1/2022,Subway,"3,114,667"
9/1/2022,SIR,"6,189"
9/1/2022,MNR,"140,082"
9/1/2022,LIRR,"186,311"
9/1/2022,Bus,"1,338,287"
9/1/2022,AAR,"25,382"
9/2/2022,BT,"1,009,748"
9/2/2022,Subway,"2,925,306"
9/2/2022,SIR,"5,307"
9/2/2022,MNR,"138,009"
9/2/2022,LIRR,"185,153"
9/2/2022,Bus,"1,250,956"
9/2/2022,AAR,"24,696"
9/3/2022,BT,"927,053"
9/3/2022,Subway,"2,116,811"
9/3/2022,SIR,"2,455"
9/3/2022,MNR,"94,997"
9/3/2022,LIRR,"116,405"
9/3/2022,Bus,"867,750"
9/3/2022,AAR,"15,863"
9/4/2022,AAR,"15,428"
9/4/2022,Subway,"1,802,349"
9/4/2022,SIR,"1,894"
9/4/2022,MNR,"77,386"
9/4/2022,LIRR,"97,728"
9/4/2022,Bus,"701,646"
9/4/2022,BT,"904,281"
9/5/2022,AAR,"9,722"
9/5/2022,Subway,"1,691,887"
9/5/2022,SIR,"1,977"
9/5/2022,MNR,"74,585"
9/5/2022,LIRR,"93,198"
9/5/2022,Bus,"682,671"
9/5/2022,BT,"803,633"
9/6/2022,BT,"896,024"
9/6/2022,Subway,"3,063,503"
9/6/2022,SIR,"6,016"
9/6/2022,MNR,"164,255"
9/6/2022,LIRR,"190,260"
9/6/2022,Bus,"1,231,759"
9/6/2022,AAR,"24,963"
9/7/2022,BT,"942,846"
9/7/2022,Subway,"3,444,556"
9/7/2022,SIR,"6,698"
9/7/2022,MNR,"179,628"
9/7/2022,LIRR,"203,983"
9/7/2022,Bus,"1,412,342"
9/7/2022,AAR,"26,773"
9/8/2022,AAR,"27,121"
9/8/2022,Subway,"3,644,407"
9/8/2022,SIR,"7,185"
9/8/2022,MNR,"178,788"
9/8/2022,LIRR,"199,489"
9/8/2022,Bus,"1,517,502"
9/8/2022,BT,"969,986"
9/9/2022,MNR,"161,197"
9/9/2022,Subway,"3,481,756"
9/9/2022,SIR,"6,432"
9/9/2022,LIRR,"189,930"
9/9/2022,Bus,"1,492,297"
9/9/2022,BT,"1,012,814"
9/9/2022,AAR,"25,627"
9/10/2022,Bus,"914,744"
9/10/2022,Subway,"2,356,865"
9/10/2022,SIR,"1,948"
9/10/2022,AAR,"15,345"
9/10/2022,MNR,"98,043"
9/10/2022,LIRR,"103,789"
9/10/2022,BT,"985,186"
9/11/2022,BT,"864,946"
9/11/2022,Subway,"1,737,251"
9/11/2022,SIR,"1,275"
9/11/2022,MNR,"72,789"
9/11/2022,LIRR,"82,638"
9/11/2022,Bus,"659,929"
9/11/2022,AAR,"14,467"
9/12/2022,BT,"928,870"
9/12/2022,Subway,"3,382,150"
9/12/2022,SIR,"6,863"
9/12/2022,MNR,"163,430"
9/12/2022,LIRR,"187,548"
9/12/2022,Bus,"1,519,324"
9/12/2022,AAR,"24,947"
9/13/2022,AAR,"26,317"
9/13/2022,Subway,"3,618,354"
9/13/2022,SIR,"7,552"
9/13/2022,MNR,"180,183"
9/13/2022,LIRR,"200,171"
9/13/2022,Bus,"1,557,686"
9/13/2022,BT,"924,596"
9/14/2022,MNR,"181,619"
9/14/2022,Subway,"3,741,978"
9/14/2022,SIR,"7,740"
9/14/2022,LIRR,"202,713"
9/14/2022,Bus,"1,590,666"
9/14/2022,BT,"958,550"
9/14/2022,AAR,"28,124"
9/15/2022,BT,"985,596"
9/15/2022,Subway,"3,747,731"
9/15/2022,SIR,"7,725"
9/15/2022,MNR,"175,672"
9/15/2022,LIRR,"197,284"
9/15/2022,Bus,"1,573,907"
9/15/2022,AAR,"27,391"
9/16/2022,BT,"1,018,958"
9/16/2022,Subway,"3,502,358"
9/16/2022,SIR,"6,797"
9/16/2022,MNR,"155,750"
9/16/2022,LIRR,"184,424"
9/16/2022,Bus,"1,501,956"
9/16/2022,AAR,"26,025"
9/17/2022,BT,"973,972"
9/17/2022,Subway,"2,350,888"
9/17/2022,SIR,"2,693"
9/17/2022,MNR,"101,734"
9/17/2022,LIRR,"99,403"
9/17/2022,Bus,"916,215"
9/17/2022,AAR,"15,828"
9/18/2022,AAR,"15,588"
9/18/2022,Subway,"1,844,317"
9/18/2022,SIR,"1,944"
9/18/2022,MNR,"79,158"
9/18/2022,LIRR,"86,329"
9/18/2022,Bus,"712,161"
9/18/2022,BT,"952,111"
9/19/2022,AAR,"24,491"
9/19/2022,Subway,"3,369,999"
9/19/2022,SIR,"7,155"
9/19/2022,MNR,"164,392"
9/19/2022,LIRR,"187,831"
9/19/2022,Bus,"1,490,926"
9/19/2022,BT,"913,368"
9/20/2022,BT,"933,900"
9/20/2022,Subway,"3,767,024"
9/20/2022,SIR,"7,962"
9/20/2022,MNR,"188,771"
9/20/2022,LIRR,"203,873"
9/20/2022,Bus,"1,554,448"
9/20/2022,AAR,"26,148"
9/21/2022,BT,"949,862"
9/21/2022,Subway,"3,878,782"
9/21/2022,SIR,"8,112"
9/21/2022,MNR,"188,361"
9/21/2022,LIRR,"204,572"
9/21/2022,Bus,"1,543,632"
9/21/2022,AAR,"27,479"
9/22/2022,BT,"942,560"
9/22/2022,Subway,"3,732,919"
9/22/2022,SIR,"7,883"
9/22/2022,MNR,"174,952"
9/22/2022,LIRR,"190,703"
9/22/2022,Bus,"1,433,737"
9/22/2022,AAR,"26,136"
9/23/2022,AAR,"25,738"
9/23/2022,Subway,"3,626,482"
9/23/2022,SIR,"6,902"
9/23/2022,MNR,"168,866"
9/23/2022,LIRR,"190,670"
9/23/2022,Bus,"1,413,234"
9/23/2022,BT,"1,006,255"
9/24/2022,AAR,"15,593"
9/24/2022,Subway,"2,377,091"
9/24/2022,SIR,"1,975"
9/24/2022,MNR,"115,822"
9/24/2022,LIRR,"98,192"
9/24/2022,Bus,"860,948"
9/24/2022,BT,"969,371"
9/25/2022,BT,"881,947"
9/25/2022,Subway,"1,759,832"
9/25/2022,SIR,"1,582"
9/25/2022,MNR,"87,366"
9/25/2022,LIRR,"81,212"
9/25/2022,Bus,"660,871"
9/25/2022,AAR,"14,770"
9/26/2022,BT,"875,706"
9/26/2022,Subway,"2,812,853"
9/26/2022,SIR,"5,848"
9/26/2022,MNR,"153,930"
9/26/2022,LIRR,"177,235"
9/26/2022,Bus,"1,206,954"
9/26/2022,AAR,"21,532"
9/27/2022,AAR,"24,344"
9/27/2022,Subway,"3,204,114"
9/27/2022,SIR,"6,744"
9/27/2022,MNR,"176,941"
9/27/2022,LIRR,"192,275"
9/27/2022,Bus,"1,290,217"
9/27/2022,BT,"889,945"
9/28/2022,AAR,"27,423"
9/28/2022,Subway,"3,712,354"
9/28/2022,SIR,"7,903"
9/28/2022,MNR,"179,234"
9/28/2022,LIRR,"201,525"
9/28/2022,Bus,"1,541,900"
9/28/2022,BT,"934,551"
9/29/2022,Bus,"1,503,472"
9/29/2022,Subway,"3,707,751"
9/29/2022,SIR,"7,738"
9/29/2022,AAR,"26,857"
9/29/2022,MNR,"173,138"
9/29/2022,LIRR,"194,288"
9/29/2022,BT,"963,946"
9/30/2022,BT,"1,001,614"
9/30/2022,Subway,"3,503,239"
9/30/2022,SIR,"6,623"
9/30/2022,MNR,"164,028"
9/30/2022,LIRR,"181,549"
9/30/2022,Bus,"1,477,082"
9/30/2022,AAR,"26,614"
10/1/2022,BT,"823,414"
10/1/2022,Subway,"2,032,983"
10/1/2022,SIR,"1,855"
10/1/2022,MNR,"80,394"
10/1/2022,LIRR,"72,081"
10/1/2022,Bus,"758,826"
10/1/2022,AAR,"13,718"
10/2/2022,AAR,"13,897"
10/2/2022,Subway,"1,621,851"
10/2/2022,SIR,"1,302"
10/2/2022,MNR,"68,450"
10/2/2022,LIRR,"61,918"
10/2/2022,Bus,"591,909"
10/2/2022,BT,"796,062"
10/3/2022,AAR,"25,390"
10/3/2022,Subway,"3,370,048"
10/3/2022,SIR,"6,824"
10/3/2022,MNR,"153,913"
10/3/2022,LIRR,"173,268"
10/3/2022,Bus,"1,426,633"
10/3/2022,BT,"884,279"
10/4/2022,BT,"837,110"
10/4/2022,Subway,"3,397,689"
10/4/2022,SIR,"6,825"
10/4/2022,MNR,"166,868"
10/4/2022,LIRR,"181,887"
10/4/2022,Bus,"1,354,099"
10/4/2022,AAR,"25,282"
10/5/2022,BT,"819,307"
10/5/2022,Subway,"3,077,346"
10/5/2022,SIR,"6,012"
10/5/2022,MNR,"158,117"
10/5/2022,LIRR,"176,091"
10/5/2022,Bus,"1,206,674"
10/5/2022,AAR,"24,305"
10/6/2022,AAR,"28,527"
10/6/2022,Subway,"3,848,909"
10/6/2022,SIR,"7,907"
10/6/2022,MNR,"182,247"
10/6/2022,LIRR,"203,783"
10/6/2022,Bus,"1,554,806"
10/6/2022,BT,"985,944"
10/7/2022,MNR,"166,955"
10/7/2022,Subway,"3,591,080"
10/7/2022,SIR,"6,865"
10/7/2022,LIRR,"204,261"
10/7/2022,Bus,"1,480,214"
10/7/2022,BT,"1,022,910"
10/7/2022,AAR,"26,725"
10/8/2022,BT,"968,165"
10/8/2022,Subway,"2,397,249"
10/8/2022,SIR,"1,975"
10/8/2022,MNR,"110,122"
10/8/2022,LIRR,"114,687"
10/8/2022,Bus,"888,506"
10/8/2022,AAR,"15,448"
10/9/2022,BT,"913,948"
10/9/2022,Subway,"1,917,721"
10/9/2022,SIR,"2,200"
10/9/2022,MNR,"88,783"
10/9/2022,LIRR,"97,984"
10/9/2022,Bus,"691,656"
10/9/2022,AAR,"14,776"
10/10/2022,BT,"847,978"
10/10/2022,Subway,"2,556,722"
10/10/2022,SIR,"4,220"
10/10/2022,MNR,"152,488"
10/10/2022,LIRR,"163,310"
10/10/2022,Bus,"1,034,288"
10/10/2022,AAR,"17,806"
10/11/2022,AAR,"26,435"
10/11/2022,Subway,"3,649,405"
10/11/2022,SIR,"7,841"
10/11/2022,MNR,"192,887"
10/11/2022,LIRR,"203,885"
10/11/2022,Bus,"1,521,587"
10/11/2022,BT,"903,121"
10/12/2022,AAR,"28,193"
10/12/2022,Subway,"3,776,129"
10/12/2022,SIR,"7,820"
10/12/2022,MNR,"185,488"
10/12/2022,LIRR,"203,866"
10/12/2022,Bus,"1,554,226"
10/12/2022,BT,"949,567"
10/13/2022,BT,"938,635"
10/13/2022,Subway,"3,682,799"
10/13/2022,SIR,"7,593"
10/13/2022,MNR,"173,174"
10/13/2022,LIRR,"195,360"
10/13/2022,Bus,"1,463,795"
10/13/2022,AAR,"26,422"
10/14/2022,BT,"1,004,461"
10/14/2022,Subway,"3,578,772"
10/14/2022,SIR,"6,877"
10/14/2022,MNR,"170,188"
10/14/2022,LIRR,"186,594"
10/14/2022,Bus,"1,468,602"
10/14/2022,AAR,"26,877"
10/15/2022,AAR,"15,945"
10/15/2022,Subway,"2,363,501"
10/15/2022,SIR,"1,897"
10/15/2022,MNR,"108,230"
10/15/2022,LIRR,"100,804"
10/15/2022,Bus,"914,771"
10/15/2022,BT,"967,900"
10/16/2022,MNR,"85,438"
10/16/2022,Subway,"1,773,903"
10/16/2022,SIR,"1,385"
10/16/2022,LIRR,"80,395"
10/16/2022,Bus,"705,073"
10/16/2022,BT,"901,946"
10/16/2022,AAR,"15,338"
10/17/2022,LIRR,"182,855"
10/17/2022,Subway,"3,314,497"
10/17/2022,SIR,"6,952"
10/17/2022,BT,"864,001"
10/17/2022,AAR,"24,045"
10/17/2022,MNR,"170,716"
10/17/2022,Bus,"1,430,672"
10/18/2022,BT,"898,424"
10/18/2022,Subway,"3,693,627"
10/18/2022,SIR,"7,917"
10/18/2022,MNR,"191,540"
10/18/2022,LIRR,"199,026"
10/18/2022,Bus,"1,510,826"
10/18/2022,AAR,"26,135"
10/19/2022,BT,"942,343"
10/19/2022,Subway,"3,814,404"
10/19/2022,SIR,"7,934"
10/19/2022,MNR,"185,202"
10/19/2022,LIRR,"202,921"
10/19/2022,Bus,"1,545,140"
10/19/2022,AAR,"28,002"
10/20/2022,AAR,"27,649"
10/20/2022,Subway,"3,810,901"
10/20/2022,SIR,"7,784"
10/20/2022,MNR,"180,234"
10/20/2022,LIRR,"201,886"
10/20/2022,Bus,"1,532,692"
10/20/2022,BT,"974,568"
10/21/2022,MNR,"166,539"
10/21/2022,Subway,"3,570,334"
10/21/2022,SIR,"6,848"
10/21/2022,LIRR,"185,797"
10/21/2022,Bus,"1,452,280"
10/21/2022,BT,"1,001,944"
10/21/2022,AAR,"26,385"
10/22/2022,BT,"974,020"
10/22/2022,Subway,"2,430,406"
10/22/2022,SIR,90
10/22/2022,MNR,"122,863"
10/22/2022,LIRR,"97,921"
10/22/2022,Bus,"916,539"
10/22/2022,AAR,"15,832"
10/23/2022,BT,"874,757"
10/23/2022,Subway,"1,740,520"
10/23/2022,SIR,19
10/23/2022,MNR,"83,665"
10/23/2022,LIRR,"76,024"
10/23/2022,Bus,"668,183"
10/23/2022,AAR,"14,434"
10/24/2022,BT,"890,995"
10/24/2022,Subway,"3,357,840"
10/24/2022,SIR,"6,929"
10/24/2022,MNR,"161,772"
10/24/2022,LIRR,"182,390"
10/24/2022,Bus,"1,432,728"
10/24/2022,AAR,"24,643"
10/25/2022,AAR,"27,080"
10/25/2022,Subway,"3,712,582"
10/25/2022,SIR,"7,864"
10/25/2022,MNR,"183,507"
10/25/2022,LIRR,"200,671"
10/25/2022,Bus,"1,512,725"
10/25/2022,BT,"907,328"
10/26/2022,AAR,"27,891"
10/26/2022,Subway,"3,794,534"
10/26/2022,SIR,"7,978"
10/26/2022,MNR,"181,254"
10/26/2022,LIRR,"201,843"
10/26/2022,Bus,"1,539,557"
10/26/2022,BT,"935,935"
10/27/2022,BT,"975,470"
10/27/2022,Subway,"3,892,985"
10/27/2022,SIR,"7,848"
10/27/2022,MNR,"179,032"
10/27/2022,LIRR,"196,789"
10/27/2022,Bus,"1,543,031"
10/27/2022,AAR,"28,035"
10/28/2022,BT,"996,162"
10/28/2022,Subway,"3,624,748"
10/28/2022,SIR,"6,647"
10/28/2022,MNR,"159,109"
10/28/2022,LIRR,"179,633"
10/28/2022,Bus,"1,455,834"
10/28/2022,AAR,"26,237"
10/29/2022,BT,"952,084"
10/29/2022,Subway,"2,440,601"
10/29/2022,SIR,42
10/29/2022,MNR,"102,975"
10/29/2022,LIRR,"86,888"
10/29/2022,Bus,"912,721"
10/29/2022,AAR,"15,778"
10/30/2022,AAR,"15,324"
10/30/2022,Subway,"1,875,953"
10/30/2022,SIR,5
10/30/2022,MNR,"80,576"
10/30/2022,LIRR,"69,358"
10/30/2022,Bus,"711,004"
10/30/2022,BT,"905,820"
10/31/2022,AAR,"24,178"
10/31/2022,Subway,"3,410,892"
10/31/2022,SIR,"6,759"
10/31/2022,MNR,"157,055"
10/31/2022,LIRR,"177,547"
10/31/2022,Bus,"1,394,453"
10/31/2022,BT,"865,933"
11/1/2022,BT,"915,166"
11/1/2022,Subway,"3,706,707"
11/1/2022,SIR,"7,756"
11/1/2022,MNR,"178,425"
11/1/2022,LIRR,"196,102"
11/1/2022,Bus,"1,501,329"
11/1/2022,AAR,"26,993"
11/2/2022,BT,"923,006"
11/2/2022,Subway,"3,788,123"
11/2/2022,SIR,"7,788"
11/2/2022,MNR,"181,158"
11/2/2022,LIRR,"198,277"
11/2/2022,Bus,"1,549,724"
11/2/2022,AAR,"28,493"
11/3/2022,AAR,"28,364"
11/3/2022,Subway,"3,802,455"
11/3/2022,SIR,"7,676"
11/3/2022,MNR,"178,498"
11/3/2022,LIRR,"197,940"
11/3/2022,Bus,"1,521,975"
11/3/2022,BT,"945,430"
11/4/2022,AAR,"27,340"
11/4/2022,Subway,"3,586,358"
11/4/2022,SIR,"6,813"
11/4/2022,MNR,"161,378"
11/4/2022,LIRR,"180,084"
11/4/2022,Bus,"1,459,619"
11/4/2022,BT,"979,007"
11/5/2022,Bus,"918,127"
11/5/2022,Subway,"2,449,943"
11/5/2022,SIR,"2,628"
11/5/2022,AAR,"16,790"
11/5/2022,MNR,"110,793"
11/5/2022,LIRR,"96,845"
11/5/2022,BT,"943,182"
11/6/2022,BT,"776,918"
11/6/2022,Subway,"2,116,063"
11/6/2022,SIR,"3,122"
11/6/2022,MNR,"94,517"
11/6/2022,LIRR,"92,648"
11/6/2022,Bus,"648,085"
11/6/2022,AAR,"13,926"
11/7/2022,BT,"905,434"
11/7/2022,Subway,"3,456,868"
11/7/2022,SIR,"7,365"
11/7/2022,MNR,"168,401"
11/7/2022,LIRR,"190,295"
11/7/2022,Bus,"1,478,731"
11/7/2022,AAR,"26,193"
11/8/2022,AAR,"25,939"
11/8/2022,Subway,"3,431,700"
11/8/2022,SIR,"6,463"
11/8/2022,MNR,"183,142"
11/8/2022,LIRR,"201,028"
11/8/2022,Bus,"1,356,894"
11/8/2022,BT,"892,069"
11/9/2022,AAR,"28,589"
11/9/2022,Subway,"3,772,030"
11/9/2022,SIR,"7,722"
11/9/2022,MNR,"180,581"
11/9/2022,LIRR,"199,030"
11/9/2022,Bus,"1,517,250"
11/9/2022,BT,"925,217"
11/10/2022,BT,"980,730"
11/10/2022,Subway,"3,802,230"
11/10/2022,SIR,"7,749"
11/10/2022,MNR,"180,584"
11/10/2022,LIRR,"203,722"
11/10/2022,Bus,"1,516,812"
11/10/2022,AAR,"28,385"
11/11/2022,BT,"873,263"
11/11/2022,Subway,"2,994,708"
11/11/2022,SIR,"4,558"
11/11/2022,MNR,"154,511"
11/11/2022,LIRR,"172,756"
11/11/2022,Bus,"1,077,574"
11/11/2022,AAR,"20,634"
11/12/2022,AAR,"15,153"
11/12/2022,Subway,"2,431,419"
11/12/2022,SIR,"2,262"
11/12/2022,MNR,"106,101"
11/12/2022,LIRR,"94,911"
11/12/2022,Bus,"893,837"
11/12/2022,BT,"891,655"
11/13/2022,MNR,"76,460"
11/13/2022,Subway,"1,794,024"
11/13/2022,SIR,"1,658"
11/13/2022,LIRR,"76,869"
11/13/2022,Bus,"662,034"
11/13/2022,BT,"862,586"
11/13/2022,AAR,"15,544"
11/14/2022,BT,"893,380"
11/14/2022,Subway,"3,401,075"
11/14/2022,SIR,"7,135"
11/14/2022,MNR,"165,573"
11/14/2022,LIRR,"181,582"
11/14/2022,Bus,"1,441,705"
11/14/2022,AAR,"25,728"
11/15/2022,BT,"907,032"
11/15/2022,Subway,"3,713,627"
11/15/2022,SIR,"7,776"
11/15/2022,MNR,"182,790"
11/15/2022,LIRR,"196,179"
11/15/2022,Bus,"1,483,782"
11/15/2022,AAR,"28,155"
11/16/2022,BT,"916,270"
11/16/2022,Subway,"3,751,773"
11/16/2022,SIR,"7,589"
11/16/2022,MNR,"179,233"
11/16/2022,LIRR,"194,893"
11/16/2022,Bus,"1,484,607"
11/16/2022,AAR,"28,574"
11/17/2022,AAR,"28,778"
11/17/2022,Subway,"3,797,815"
11/17/2022,SIR,"7,633"
11/17/2022,MNR,"178,147"
11/17/2022,LIRR,"193,797"
11/17/2022,Bus,"1,493,119"
11/17/2022,BT,"966,718"
11/18/2022,AAR,"27,236"
11/18/2022,Subway,"3,539,202"
11/18/2022,SIR,"6,546"
11/18/2022,MNR,"161,777"
11/18/2022,LIRR,"183,576"
11/18/2022,Bus,"1,412,974"
11/18/2022,BT,"985,239"
11/19/2022,BT,"932,718"
11/19/2022,Subway,"2,323,449"
11/19/2022,SIR,"1,630"
11/19/2022,MNR,"101,076"
11/19/2022,LIRR,"97,654"
11/19/2022,Bus,"864,766"
11/19/2022,AAR,"16,076"
11/20/2022,BT,"833,468"
11/20/2022,Subway,"1,721,187"
11/20/2022,SIR,"1,079"
11/20/2022,MNR,"74,870"
11/20/2022,LIRR,"74,524"
11/20/2022,Bus,"645,986"
11/20/2022,AAR,"15,556"
11/21/2022,AAR,"25,766"
11/21/2022,Subway,"3,363,626"
11/21/2022,SIR,"7,017"
11/21/2022,MNR,"166,517"
11/21/2022,LIRR,"185,570"
11/21/2022,Bus,"1,393,031"
11/21/2022,BT,"900,276"
11/22/2022,MNR,"183,771"
11/22/2022,Subway,"3,548,882"
11/22/2022,SIR,"7,462"
11/22/2022,LIRR,"200,264"
11/22/2022,Bus,"1,447,618"
11/22/2022,BT,"986,860"
11/22/2022,AAR,"27,957"
11/23/2022,Bus,"1,358,016"
11/23/2022,Subway,"3,263,998"
11/23/2022,SIR,"6,862"
11/23/2022,AAR,"25,032"
11/23/2022,MNR,"184,135"
11/23/2022,LIRR,"210,438"
11/23/2022,BT,"987,510"
11/24/2022,BT,"861,586"
11/24/2022,Subway,"1,382,266"
11/24/2022,SIR,"2,006"
11/24/2022,MNR,"90,057"
11/24/2022,LIRR,"90,771"
11/24/2022,Bus,"515,903"
11/24/2022,AAR,"18,369"
11/25/2022,BT,"768,844"
11/25/2022,Subway,"2,058,658"
11/25/2022,SIR,"3,361"
11/25/2022,MNR,"148,368"
11/25/2022,LIRR,"163,354"
11/25/2022,Bus,"842,892"
11/25/2022,AAR,"12,834"
11/26/2022,AAR,"12,576"
11/26/2022,Subway,"1,999,608"
11/26/2022,SIR,"2,286"
11/26/2022,MNR,"106,685"
11/26/2022,LIRR,"105,304"
11/26/2022,Bus,"781,665"
11/26/2022,BT,"855,586"
11/27/2022,MNR,"76,680"
11/27/2022,Subway,"1,476,228"
11/27/2022,SIR,"1,408"
11/27/2022,LIRR,"79,973"
11/27/2022,Bus,"562,073"
11/27/2022,BT,"817,212"
11/27/2022,AAR,"13,063"
11/28/2022,BT,"908,669"
11/28/2022,Subway,"3,265,971"
11/28/2022,SIR,"7,120"
11/28/2022,MNR,"163,694"
11/28/2022,LIRR,"186,710"
11/28/2022,Bus,"1,397,963"
11/28/2022,AAR,"24,969"
11/29/2022,BT,"894,717"
11/29/2022,Subway,"3,596,894"
11/29/2022,SIR,"7,510"
11/29/2022,MNR,"181,370"
11/29/2022,LIRR,"192,494"
11/29/2022,Bus,"1,455,294"
11/29/2022,AAR,"27,009"
11/30/2022,BT,"861,393"
11/30/2022,Subway,"3,568,413"
11/30/2022,SIR,"7,204"
11/30/2022,MNR,"177,367"
11/30/2022,LIRR,"189,152"
11/30/2022,Bus,"1,356,729"
11/30/2022,AAR,"26,469"
12/1/2022,AAR,"27,018"
12/1/2022,Subway,"3,770,495"
12/1/2022,SIR,"7,538"
12/1/2022,MNR,"166,856"
12/1/2022,LIRR,"181,825"
12/1/2022,Bus,"1,459,934"
12/1/2022,BT,"935,192"
12/2/2022,AAR,"27,007"
12/2/2022,Subway,"3,600,504"
12/2/2022,SIR,"6,576"
12/2/2022,MNR,"152,746"
12/2/2022,LIRR,"172,860"
12/2/2022,Bus,"1,395,642"
12/2/2022,BT,"936,922"
12/3/2022,BT,"818,524"
12/3/2022,Subway,"2,291,687"
12/3/2022,SIR,"1,467"
12/3/2022,MNR,"89,976"
12/3/2022,LIRR,"87,730"
12/3/2022,Bus,"760,109"
12/3/2022,AAR,"15,540"
12/4/2022,BT,"806,711"
12/4/2022,Subway,"1,990,479"
12/4/2022,SIR,"1,266"
12/4/2022,MNR,"80,173"
12/4/2022,LIRR,"81,381"
12/4/2022,Bus,"681,713"
12/4/2022,AAR,"15,763"
12/5/2022,BT,"877,396"
12/5/2022,Subway,"3,481,640"
12/5/2022,SIR,"7,013"
12/5/2022,MNR,"164,873"
12/5/2022,LIRR,"183,238"
12/5/2022,Bus,"1,429,308"
12/5/2022,AAR,"26,409"
12/6/2022,AAR,"27,305"
12/6/2022,Subway,"3,753,299"
12/6/2022,SIR,"7,447"
12/6/2022,MNR,"178,862"
12/6/2022,LIRR,"195,892"
12/6/2022,Bus,"1,414,979"
12/6/2022,BT,"881,978"
12/7/2022,AAR,"27,941"
12/7/2022,Subway,"3,835,333"
12/7/2022,SIR,"7,526"
12/7/2022,MNR,"178,345"
12/7/2022,LIRR,"194,436"
12/7/2022,Bus,"1,442,871"
12/7/2022,BT,"902,541"
12/8/2022,BT,"951,837"
12/8/2022,Subway,"3,931,499"
12/8/2022,SIR,"7,541"
12/8/2022,MNR,"182,314"
12/8/2022,LIRR,"192,958"
12/8/2022,Bus,"1,480,877"
12/8/2022,AAR,"28,292"
12/9/2022,BT,"967,823"
12/9/2022,Subway,"3,710,928"
12/9/2022,SIR,"6,379"
12/9/2022,MNR,"165,147"
12/9/2022,LIRR,"185,104"
12/9/2022,Bus,"1,386,473"
12/9/2022,AAR,"26,213"
12/10/2022,AAR,"16,232"
12/10/2022,Subway,"2,663,493"
12/10/2022,SIR,"1,873"
12/10/2022,MNR,"119,858"
12/10/2022,LIRR,"112,142"
12/10/2022,Bus,"869,320"
12/10/2022,BT,"902,924"
12/11/2022,AAR,"14,949"
12/11/2022,Subway,"1,865,579"
12/11/2022,SIR,"1,103"
12/11/2022,MNR,"74,273"
12/11/2022,LIRR,"77,607"
12/11/2022,Bus,"618,870"
12/11/2022,BT,"780,359"
12/12/2022,Bus,"1,384,864"
12/12/2022,Subway,"3,466,978"
12/12/2022,SIR,"6,838"
12/12/2022,AAR,"25,771"
12/12/2022,MNR,"163,516"
12/12/2022,LIRR,"182,973"
12/12/2022,BT,"879,951"
12/13/2022,BT,"911,982"
12/13/2022,Subway,"3,763,568"
12/13/2022,SIR,"7,570"
12/13/2022,MNR,"183,214"
12/13/2022,LIRR,"197,613"
12/13/2022,Bus,"1,437,228"
12/13/2022,AAR,"28,234"
12/14/2022,BT,"944,777"
12/14/2022,Subway,"3,777,173"
12/14/2022,SIR,"7,400"
12/14/2022,MNR,"183,484"
12/14/2022,LIRR,"196,921"
12/14/2022,Bus,"1,435,020"
12/14/2022,AAR,"29,081"
12/15/2022,AAR,"27,034"
12/15/2022,Subway,"3,726,154"
12/15/2022,SIR,"7,001"
12/15/2022,MNR,"173,709"
12/15/2022,LIRR,"191,261"
12/15/2022,Bus,"1,363,160"
12/15/2022,BT,"935,757"
12/16/2022,AAR,"24,074"
12/16/2022,Subway,"3,270,016"
12/16/2022,SIR,"5,823"
12/16/2022,MNR,"151,244"
12/16/2022,LIRR,"170,615"
12/16/2022,Bus,"1,221,634"
12/16/2022,BT,"920,830"
12/17/2022,BT,"936,674"
12/17/2022,Subway,"2,577,771"
12/17/2022,SIR,"2,071"
12/17/2022,MNR,"123,286"
12/17/2022,LIRR,"114,272"
12/17/2022,Bus,"884,283"
12/17/2022,AAR,"16,788"
12/18/2022,BT,"845,630"
12/18/2022,Subway,"1,967,199"
12/18/2022,SIR,"1,487"
12/18/2022,MNR,"87,425"
12/18/2022,LIRR,"87,146"
12/18/2022,Bus,"668,994"
12/18/2022,AAR,"16,036"
12/19/2022,AAR,"25,529"
12/19/2022,Subway,"3,381,411"
12/19/2022,SIR,"6,591"
12/19/2022,MNR,"159,383"
12/19/2022,LIRR,"178,278"
12/19/2022,Bus,"1,352,455"
12/19/2022,BT,"890,263"
12/20/2022,MNR,"173,346"
12/20/2022,Subway,"3,586,084"
12/20/2022,SIR,"7,046"
12/20/2022,LIRR,"191,991"
12/20/2022,Bus,"1,398,728"
12/20/2022,BT,"927,027"
12/20/2022,AAR,"27,148"
12/21/2022,BT,"957,512"
12/21/2022,Subway,"3,563,236"
12/21/2022,SIR,"6,993"
12/21/2022,MNR,"168,379"
12/21/2022,LIRR,"191,684"
12/21/2022,Bus,"1,393,290"
12/21/2022,AAR,"28,480"
12/22/2022,BT,"940,403"
12/22/2022,Subway,"3,187,083"
12/22/2022,SIR,"5,728"
12/22/2022,MNR,"147,366"
12/22/2022,LIRR,"177,675"
12/22/2022,Bus,"1,269,330"
12/22/2022,AAR,"25,244"
12/23/2022,BT,"816,096"
12/23/2022,Subway,"2,738,016"
12/23/2022,SIR,"4,523"
12/23/2022,MNR,"138,857"
12/23/2022,LIRR,"163,716"
12/23/2022,Bus,"1,057,686"
12/23/2022,AAR,"20,359"
12/24/2022,AAR,"12,759"
12/24/2022,Subway,"1,411,469"
12/24/2022,SIR,"1,304"
12/24/2022,MNR,"60,373"
12/24/2022,LIRR,"61,701"
12/24/2022,Bus,"497,129"
12/24/2022,BT,"748,638"
12/25/2022,AAR,"13,709"
12/25/2022,Subway,"1,008,452"
12/25/2022,SIR,"1,005"
12/25/2022,MNR,"47,454"
12/25/2022,LIRR,"51,896"
12/25/2022,Bus,"321,245"
12/25/2022,BT,"732,924"
12/26/2022,BT,"767,127"
12/26/2022,Subway,"1,812,842"
12/26/2022,SIR,"2,214"
12/26/2022,MNR,"89,137"
12/26/2022,LIRR,"87,401"
12/26/2022,Bus,"644,828"
12/26/2022,AAR,"9,327"
12/27/2022,BT,"885,227"
12/27/2022,Subway,"2,729,514"
12/27/2022,SIR,"5,228"
12/27/2022,MNR,"156,503"
12/27/2022,LIRR,"178,880"
12/27/2022,Bus,"1,027,687"
12/27/2022,AAR,"21,363"
12/28/2022,AAR,"23,571"
12/28/2022,Subway,"2,947,028"
12/28/2022,SIR,"5,407"
12/28/2022,MNR,"163,499"
12/28/2022,LIRR,"182,226"
12/28/2022,Bus,"1,088,279"
12/28/2022,BT,"895,059"
12/29/2022,AAR,"23,200"
12/29/2022,Subway,"3,039,432"
12/29/2022,SIR,"5,597"
12/29/2022,MNR,"167,129"
12/29/2022,LIRR,"189,075"
12/29/2022,Bus,"1,099,513"
12/29/2022,BT,"919,855"
12/30/2022,LIRR,"193,989"
12/30/2022,Subway,"3,063,480"
12/30/2022,SIR,"5,338"
12/30/2022,BT,"930,119"
12/30/2022,AAR,"22,951"
12/30/2022,MNR,"176,215"
12/30/2022,Bus,"1,087,122"
12/31/2022,BT,"688,653"
12/31/2022,Subway,"1,927,101"
12/31/2022,SIR,"1,847"
12/31/2022,MNR,"81,198"
12/31/2022,LIRR,"81,590"
12/31/2022,Bus,"651,474"
12/31/2022,AAR,"14,090"
1/1/2023,BT,"739,832"
1/1/2023,Subway,"1,675,507"
1/1/2023,SIR,"1,771"
1/1/2023,MNR,"66,309"
1/1/2023,LIRR,"67,722"
1/1/2023,Bus,"475,226"
1/1/2023,AAR,"11,476"
1/2/2023,AAR,"10,136"
1/2/2023,Subway,"1,938,154"
1/2/2023,SIR,"2,671"
1/2/2023,MNR,"72,403"
1/2/2023,LIRR,"76,247"
1/2/2023,Bus,"739,507"
1/2/2023,BT,"695,181"
1/3/2023,MNR,"167,136"
1/3/2023,Subway,"3,175,777"
1/3/2023,SIR,"6,853"
1/3/2023,LIRR,"179,109"
1/3/2023,Bus,"1,268,913"
1/3/2023,BT,"818,603"
1/3/2023,AAR,"24,868"
1/4/2023,BT,"843,875"
1/4/2023,Subway,"3,413,052"
1/4/2023,SIR,"7,282"
1/4/2023,MNR,"170,847"
1/4/2023,LIRR,"182,834"
1/4/2023,Bus,"1,391,449"
1/4/2023,AAR,"26,848"
1/5/2023,BT,"864,461"
1/5/2023,Subway,"3,428,520"
1/5/2023,SIR,"7,042"
1/5/2023,MNR,"166,642"
1/5/2023,LIRR,"175,278"
1/5/2023,Bus,"1,378,698"
1/5/2023,AAR,"26,808"
1/6/2023,BT,"878,051"
1/6/2023,Subway,"3,229,858"
1/6/2023,SIR,"6,050"
1/6/2023,MNR,"142,524"
1/6/2023,LIRR,"161,259"
1/6/2023,Bus,"1,319,595"
1/6/2023,AAR,"25,824"
1/7/2023,AAR,"14,828"
1/7/2023,Subway,"2,116,138"
1/7/2023,SIR,"2,297"
1/7/2023,MNR,"85,244"
1/7/2023,LIRR,"87,215"
1/7/2023,Bus,"806,981"
1/7/2023,BT,"811,276"
1/8/2023,AAR,"15,157"
1/8/2023,Subway,"1,610,764"
1/8/2023,SIR,"1,529"
1/8/2023,MNR,"64,893"
1/8/2023,LIRR,"68,647"
1/8/2023,Bus,"628,612"
1/8/2023,BT,"742,022"
1/9/2023,BT,"832,659"
1/9/2023,Subway,"3,145,743"
1/9/2023,SIR,"6,629"
1/9/2023,MNR,"157,335"
1/9/2023,LIRR,"173,594"
1/9/2023,Bus,"1,353,638"
1/9/2023,AAR,"24,923"
1/10/2023,BT,"863,402"
1/10/2023,Subway,"3,469,177"
1/10/2023,SIR,"7,414"
1/10/2023,MNR,"179,530"
1/10/2023,LIRR,"196,817"
1/10/2023,Bus,"1,412,543"
1/10/2023,AAR,"27,309"
1/11/2023,BT,"867,649"
1/11/2023,Subway,"3,508,962"
1/11/2023,SIR,"7,166"
1/11/2023,MNR,"174,349"
1/11/2023,LIRR,"188,904"
1/11/2023,Bus,"1,421,914"
1/11/2023,AAR,"27,991"
1/12/2023,AAR,"27,119"
1/12/2023,Subway,"3,472,709"
1/12/2023,SIR,"7,150"
1/12/2023,MNR,"168,701"
1/12/2023,LIRR,"188,850"
1/12/2023,Bus,"1,364,715"
1/12/2023,BT,"885,122"
1/13/2023,AAR,"26,085"
1/13/2023,Subway,"3,270,020"
1/13/2023,SIR,"6,042"
1/13/2023,MNR,"147,885"
1/13/2023,LIRR,"167,475"
1/13/2023,Bus,"1,345,748"
1/13/2023,BT,"926,298"
1/14/2023,BT,"820,548"
1/14/2023,Subway,"2,072,387"
1/14/2023,SIR,"2,059"
1/14/2023,MNR,"83,565"
1/14/2023,LIRR,"84,718"
1/14/2023,Bus,"785,952"
1/14/2023,AAR,"15,407"
1/15/2023,BT,"760,062"
1/15/2023,Subway,"1,705,804"
1/15/2023,SIR,"1,510"
1/15/2023,MNR,"70,493"
1/15/2023,LIRR,"72,479"
1/15/2023,Bus,"621,041"
1/15/2023,AAR,"15,198"
1/16/2023,AAR,"14,617"
1/16/2023,Subway,"2,172,218"
1/16/2023,SIR,"3,140"
1/16/2023,MNR,"75,892"
1/16/2023,LIRR,"82,416"
1/16/2023,Bus,"884,152"
1/16/2023,BT,"815,207"
1/17/2023,AAR,"27,214"
1/17/2023,Subway,"3,451,604"
1/17/2023,SIR,"7,492"
1/17/2023,MNR,"183,674"
1/17/2023,LIRR,"193,345"
1/17/2023,Bus,"1,399,573"
1/17/2023,BT,"874,293"
1/18/2023,Bus,"1,449,590"
1/18/2023,Subway,"3,603,344"
1/18/2023,SIR,"7,488"
1/18/2023,AAR,"29,223"
1/18/2023,MNR,"182,209"
1/18/2023,LIRR,"198,264"
1/18/2023,BT,"881,030"
1/19/2023,BT,"865,972"
1/19/2023,Subway,"3,492,226"
1/19/2023,SIR,"6,925"
1/19/2023,MNR,"170,122"
1/19/2023,LIRR,"179,752"
1/19/2023,Bus,"1,327,804"
1/19/2023,AAR,"26,737"
1/20/2023,BT,"918,497"
1/20/2023,Subway,"3,375,887"
1/20/2023,SIR,"6,192"
1/20/2023,MNR,"150,003"
1/20/2023,LIRR,"173,943"
1/20/2023,Bus,"1,383,181"
1/20/2023,AAR,"26,548"
1/21/2023,AAR,"15,580"
1/21/2023,Subway,"2,137,169"
1/21/2023,SIR,"2,058"
1/21/2023,MNR,"84,763"
1/21/2023,LIRR,"88,435"
1/21/2023,Bus,"823,236"
1/21/2023,BT,"829,548"
1/22/2023,AAR,"14,721"
1/22/2023,Subway,"1,593,386"
1/22/2023,SIR,"1,479"
1/22/2023,MNR,"61,728"
1/22/2023,LIRR,"64,883"
1/22/2023,Bus,"611,151"
1/22/2023,BT,"746,681"
1/23/2023,BT,"812,462"
1/23/2023,Subway,"3,135,214"
1/23/2023,SIR,"6,210"
1/23/2023,MNR,"155,439"
1/23/2023,LIRR,"172,927"
1/23/2023,Bus,"1,281,037"
1/23/2023,AAR,"25,087"
1/24/2023,BT,"867,402"
1/24/2023,Subway,"3,566,756"
1/24/2023,SIR,"7,335"
1/24/2023,MNR,"182,127"
1/24/2023,LIRR,"196,319"
1/24/2023,Bus,"1,410,676"
1/24/2023,AAR,"27,701"
1/25/2023,AAR,"26,738"
1/25/2023,Subway,"3,511,071"
1/25/2023,SIR,"6,937"
1/25/2023,MNR,"171,748"
1/25/2023,LIRR,"188,247"
1/25/2023,Bus,"1,342,717"
1/25/2023,BT,"818,572"
1/26/2023,MNR,"173,696"
1/26/2023,Subway,"3,629,029"
1/26/2023,SIR,"7,093"
1/26/2023,LIRR,"190,219"
1/26/2023,Bus,"1,408,545"
1/26/2023,BT,"894,362"
1/26/2023,AAR,"27,061"
1/27/2023,BT,"923,980"
1/27/2023,Subway,"3,335,372"
1/27/2023,SIR,"6,051"
1/27/2023,MNR,"149,763"
1/27/2023,LIRR,"178,881"
1/27/2023,Bus,"1,341,589"
1/27/2023,AAR,"26,826"
1/28/2023,BT,"844,952"
1/28/2023,Subway,"2,248,107"
1/28/2023,SIR,"2,333"
1/28/2023,MNR,"89,845"
1/28/2023,LIRR,"98,609"
1/28/2023,Bus,"861,680"
1/28/2023,AAR,"15,577"
1/29/2023,BT,"767,359"
1/29/2023,Subway,"1,637,398"
1/29/2023,SIR,"1,694"
1/29/2023,MNR,"65,422"
1/29/2023,LIRR,"73,109"
1/29/2023,Bus,"647,923"
1/29/2023,AAR,"15,371"
1/30/2023,AAR,"25,676"
1/30/2023,Subway,"3,223,530"
1/30/2023,SIR,"6,624"
1/30/2023,MNR,"159,176"
1/30/2023,LIRR,"180,476"
1/30/2023,Bus,"1,371,537"
1/30/2023,BT,"855,064"
1/31/2023,AAR,"27,308"
1/31/2023,Subway,"3,654,404"
1/31/2023,SIR,"7,593"
1/31/2023,MNR,"183,484"
1/31/2023,LIRR,"198,755"
1/31/2023,Bus,"1,365,926"
1/31/2023,BT,"856,512"
2/1/2023,BT,"872,149"
2/1/2023,Subway,"3,682,758"
2/1/2023,SIR,"7,588"
2/1/2023,MNR,"169,846"
2/1/2023,LIRR,"184,043"
2/1/2023,Bus,"1,460,146"
2/1/2023,AAR,"28,492"
2/2/2023,BT,"898,391"
2/2/2023,Subway,"3,699,932"
2/2/2023,SIR,"7,457"
2/2/2023,MNR,"169,864"
2/2/2023,LIRR,"187,799"
2/2/2023,Bus,"1,478,477"
2/2/2023,AAR,"27,917"
2/3/2023,AAR,"26,238"
2/3/2023,Subway,"3,189,550"
2/3/2023,SIR,"5,819"
2/3/2023,MNR,"135,908"
2/3/2023,LIRR,"158,579"
2/3/2023,Bus,"1,246,821"
2/3/2023,BT,"891,051"
2/4/2023,MNR,"64,032"
2/4/2023,Subway,"1,742,435"
2/4/2023,SIR,"1,555"
2/4/2023,LIRR,"69,433"
2/4/2023,Bus,"598,818"
2/4/2023,BT,"739,636"
2/4/2023,AAR,"13,439"
2/5/2023,Bus,"650,623"
2/5/2023,Subway,"1,625,375"
2/5/2023,SIR,"1,522"
2/5/2023,AAR,"15,413"
2/5/2023,MNR,"62,639"
2/5/2023,LIRR,"69,379"
2/5/2023,BT,"761,094"
2/6/2023,BT,"852,589"
2/6/2023,Subway,"3,372,445"
2/6/2023,SIR,"7,068"
2/6/2023,MNR,"157,813"
2/6/2023,LIRR,"181,320"
2/6/2023,Bus,"1,431,232"
2/6/2023,AAR,"26,639"
2/7/2023,BT,"871,447"
2/7/2023,Subway,"3,738,539"
2/7/2023,SIR,"7,736"
2/7/2023,MNR,"183,389"
2/7/2023,LIRR,"201,438"
2/7/2023,Bus,"1,491,417"
2/7/2023,AAR,"28,688"
2/8/2023,AAR,"29,653"
2/8/2023,Subway,"3,780,682"
2/8/2023,SIR,"7,647"
2/8/2023,MNR,"180,852"
2/8/2023,LIRR,"197,370"
2/8/2023,Bus,"1,513,135"
2/8/2023,BT,"888,483"
2/9/2023,MNR,"172,507"
2/9/2023,Subway,"3,754,859"
2/9/2023,SIR,"7,403"
2/9/2023,LIRR,"193,326"
2/9/2023,Bus,"1,462,622"
2/9/2023,BT,"912,777"
2/9/2023,AAR,"28,515"
2/10/2023,BT,"951,629"
2/10/2023,Subway,"3,539,529"
2/10/2023,SIR,"6,477"
2/10/2023,MNR,"154,760"
2/10/2023,LIRR,"179,637"
2/10/2023,Bus,"1,422,781"
2/10/2023,AAR,"28,094"
2/11/2023,BT,"868,299"
2/11/2023,Subway,"2,333,625"
2/11/2023,SIR,"1,615"
2/11/2023,MNR,"88,281"
2/11/2023,LIRR,"94,434"
2/11/2023,Bus,"865,782"
2/11/2023,AAR,"16,638"
2/12/2023,BT,"751,947"
2/12/2023,Subway,"1,746,099"
2/12/2023,SIR,"1,227"
2/12/2023,MNR,"63,383"
2/12/2023,LIRR,"67,457"
2/12/2023,Bus,"659,496"
2/12/2023,AAR,"16,305"
2/13/2023,AAR,"25,900"
2/13/2023,Subway,"3,303,337"
2/13/2023,SIR,"6,188"
2/13/2023,MNR,"159,741"
2/13/2023,LIRR,"180,002"
2/13/2023,Bus,"1,381,524"
2/13/2023,BT,"858,301"
2/14/2023,AAR,"29,001"
2/14/2023,Subway,"3,812,943"
2/14/2023,SIR,"7,557"
2/14/2023,MNR,"179,811"
2/14/2023,LIRR,"200,327"
2/14/2023,Bus,"1,480,867"
2/14/2023,BT,"901,909"
2/15/2023,BT,"908,598"
2/15/2023,Subway,"3,762,817"
2/15/2023,SIR,"7,491"
2/15/2023,MNR,"181,992"
2/15/2023,LIRR,"197,344"
2/15/2023,Bus,"1,499,155"
2/15/2023,AAR,"29,119"
2/16/2023,BT,"919,686"
2/16/2023,Subway,"3,683,782"
2/16/2023,SIR,"7,318"
2/16/2023,MNR,"172,189"
2/16/2023,LIRR,"189,802"
2/16/2023,Bus,"1,461,093"
2/16/2023,AAR,"28,364"
2/17/2023,BT,"940,247"
2/17/2023,Subway,"3,253,165"
2/17/2023,SIR,"5,892"
2/17/2023,MNR,"150,151"
2/17/2023,LIRR,"172,113"
2/17/2023,Bus,"1,315,466"
2/17/2023,AAR,"26,759"
2/18/2023,AAR,"15,612"
2/18/2023,Subway,"2,271,106"
2/18/2023,SIR,"1,266"
2/18/2023,MNR,"93,213"
2/18/2023,LIRR,"91,478"
2/18/2023,Bus,"822,505"
2/18/2023,BT,"863,499"
2/19/2023,AAR,"16,165"
2/19/2023,Subway,"1,824,136"
2/19/2023,SIR,959
2/19/2023,MNR,"75,064"
2/19/2023,LIRR,"75,448"
2/19/2023,Bus,"639,980"
2/19/2023,BT,"787,041"
2/20/2023,BT,"812,364"
2/20/2023,Subway,"2,238,557"
2/20/2023,SIR,"1,547"
2/20/2023,MNR,"79,984"
2/20/2023,LIRR,"90,371"
2/20/2023,Bus,"929,439"
2/20/2023,AAR,"14,818"
2/21/2023,BT,"867,500"
2/21/2023,Subway,"3,325,542"
2/21/2023,SIR,"6,525"
2/21/2023,MNR,"174,283"
2/21/2023,LIRR,"194,967"
2/21/2023,Bus,"1,273,578"
2/21/2023,AAR,"27,224"
2/22/2023,AAR,"27,895"
2/22/2023,Subway,"3,454,362"
2/22/2023,SIR,"6,538"
2/22/2023,MNR,"171,187"
2/22/2023,LIRR,"193,753"
2/22/2023,Bus,"1,305,744"
2/22/2023,BT,"873,583"
2/23/2023,AAR,"27,336"
2/23/2023,Subway,"3,498,367"
2/23/2023,SIR,"6,695"
2/23/2023,MNR,"167,193"
2/23/2023,LIRR,"188,438"
2/23/2023,Bus,"1,328,927"
2/23/2023,BT,"910,017"
2/24/2023,Bus,"1,246,797"
2/24/2023,Subway,"3,246,699"
2/24/2023,SIR,"5,551"
2/24/2023,AAR,"26,077"
2/24/2023,MNR,"153,058"
2/24/2023,LIRR,"179,793"
2/24/2023,BT,"931,517"
2/25/2023,BT,"834,300"
2/25/2023,Subway,"2,043,635"
2/25/2023,SIR,"1,396"
2/25/2023,MNR,"81,742"
2/25/2023,LIRR,"86,403"
2/25/2023,Bus,"800,947"
2/25/2023,AAR,"15,461"
2/26/2023,BT,"810,038"
2/26/2023,Subway,"1,625,191"
2/26/2023,SIR,"1,095"
2/26/2023,MNR,"67,702"
2/26/2023,LIRR,"74,226"
2/26/2023,Bus,"676,041"
2/26/2023,AAR,"15,891"
2/27/2023,AAR,"26,730"
2/27/2023,Subway,"3,337,916"
2/27/2023,SIR,"6,752"
2/27/2023,MNR,"160,346"
2/27/2023,LIRR,"180,277"
2/27/2023,Bus,"1,423,292"
2/27/2023,BT,"858,126"
2/28/2023,AAR,"26,116"
2/28/2023,Subway,"3,412,079"
2/28/2023,SIR,"6,690"
2/28/2023,MNR,"139,326"
2/28/2023,LIRR,"177,532"
2/28/2023,Bus,"1,349,173"
2/28/2023,BT,"754,778"
3/1/2023,BT,"905,202"
3/1/2023,Subway,"3,780,713"
3/1/2023,SIR,"7,403"
3/1/2023,MNR,"176,661"
3/1/2023,LIRR,"192,142"
3/1/2023,Bus,"1,511,792"
3/1/2023,AAR,"29,449"
3/2/2023,BT,"938,334"
3/2/2023,Subway,"3,765,925"
3/2/2023,SIR,"7,434"
3/2/2023,MNR,"176,678"
3/2/2023,LIRR,"195,243"
3/2/2023,Bus,"1,493,623"
3/2/2023,AAR,"28,978"
3/3/2023,AAR,"27,298"
3/3/2023,Subway,"3,481,830"
3/3/2023,SIR,"6,167"
3/3/2023,MNR,"150,603"
3/3/2023,LIRR,"172,623"
3/3/2023,Bus,"1,417,670"
3/3/2023,BT,"937,815"
3/4/2023,MNR,"84,352"
3/4/2023,Subway,"2,173,217"
3/4/2023,SIR,"1,449"
3/4/2023,LIRR,"96,720"
3/4/2023,Bus,"870,341"
3/4/2023,BT,"847,470"
3/4/2023,AAR,"16,263"
3/5/2023,BT,"833,993"
3/5/2023,Subway,"1,772,121"
3/5/2023,SIR,"1,215"
3/5/2023,MNR,"72,918"
3/5/2023,LIRR,"81,079"
3/5/2023,Bus,"712,408"
3/5/2023,AAR,"16,956"
3/6/2023,BT,"879,007"
3/6/2023,Subway,"3,427,019"
3/6/2023,SIR,"6,849"
3/6/2023,MNR,"163,314"
3/6/2023,LIRR,"185,896"
3/6/2023,Bus,"1,460,599"
3/6/2023,AAR,"27,550"
3/7/2023,BT,"890,482"
3/7/2023,Subway,"3,773,780"
3/7/2023,SIR,"7,607"
3/7/2023,MNR,"186,615"
3/7/2023,LIRR,"205,559"
3/7/2023,Bus,"1,490,272"
3/7/2023,AAR,"28,417"
3/8/2023,AAR,"30,476"
3/8/2023,Subway,"3,842,861"
3/8/2023,SIR,"7,452"
3/8/2023,MNR,"186,940"
3/8/2023,LIRR,"203,258"
3/8/2023,Bus,"1,514,182"
3/8/2023,BT,"921,778"
3/9/2023,AAR,"29,847"
3/9/2023,Subway,"3,827,656"
3/9/2023,SIR,"7,211"
3/9/2023,MNR,"186,197"
3/9/2023,LIRR,"201,711"
3/9/2023,Bus,"1,515,155"
3/9/2023,BT,"947,895"
3/10/2023,BT,"968,598"
3/10/2023,Subway,"3,502,339"
3/10/2023,SIR,"6,135"
3/10/2023,MNR,"160,550"
3/10/2023,LIRR,"182,873"
3/10/2023,Bus,"1,408,909"
3/10/2023,AAR,"28,209"
3/11/2023,BT,"844,597"
3/11/2023,Subway,"2,230,530"
3/11/2023,SIR,"1,796"
3/11/2023,MNR,"88,667"
3/11/2023,LIRR,"78,979"
3/11/2023,Bus,"821,990"
3/11/2023,AAR,"15,493"
3/12/2023,AAR,"16,644"
3/12/2023,Subway,"1,773,585"
3/12/2023,SIR,"1,547"
3/12/2023,MNR,"70,403"
3/12/2023,LIRR,"75,970"
3/12/2023,Bus,"686,039"
3/12/2023,BT,"835,281"
3/13/2023,AAR,"26,027"
3/13/2023,Subway,"3,352,388"
3/13/2023,SIR,"6,358"
3/13/2023,MNR,"157,310"
3/13/2023,LIRR,"179,787"
3/13/2023,Bus,"1,377,045"
3/13/2023,BT,"856,102"
3/14/2023,Bus,"1,360,497"
3/14/2023,Subway,"3,577,250"
3/14/2023,SIR,"6,866"
3/14/2023,AAR,"26,262"
3/14/2023,MNR,"159,031"
3/14/2023,LIRR,"189,402"
3/14/2023,BT,"778,145"
3/15/2023,BT,"920,214"
3/15/2023,Subway,"3,912,366"
3/15/2023,SIR,"7,473"
3/15/2023,MNR,"187,128"
3/15/2023,LIRR,"205,092"
3/15/2023,Bus,"1,493,605"
3/15/2023,AAR,"29,687"
3/16/2023,BT,"979,778"
3/16/2023,Subway,"3,949,788"
3/16/2023,SIR,"7,562"
3/16/2023,MNR,"187,573"
3/16/2023,LIRR,"209,838"
3/16/2023,Bus,"1,522,248"
3/16/2023,AAR,"30,151"
3/17/2023,AAR,"28,094"
3/17/2023,Subway,"3,661,519"
3/17/2023,SIR,"6,790"
3/17/2023,MNR,"171,443"
3/17/2023,LIRR,"199,191"
3/17/2023,Bus,"1,408,472"
3/17/2023,BT,"968,504"
3/18/2023,MNR,"101,788"
3/18/2023,Subway,"2,417,873"
3/18/2023,SIR,"1,839"
3/18/2023,LIRR,"102,021"
3/18/2023,Bus,"921,569"
3/18/2023,BT,"926,819"
3/18/2023,AAR,"16,828"
3/19/2023,BT,"882,846"
3/19/2023,Subway,"1,894,476"
3/19/2023,SIR,"1,247"
3/19/2023,MNR,"72,936"
3/19/2023,LIRR,"82,032"
3/19/2023,Bus,"661,736"
3/19/2023,AAR,"16,471"
3/20/2023,BT,"899,348"
3/20/2023,Subway,"3,442,589"
3/20/2023,SIR,"6,895"
3/20/2023,MNR,"167,256"
3/20/2023,LIRR,"191,367"
3/20/2023,Bus,"1,444,823"
3/20/2023,AAR,"26,951"
3/21/2023,BT,"922,043"
3/21/2023,Subway,"3,801,084"
3/21/2023,SIR,"7,850"
3/21/2023,MNR,"189,925"
3/21/2023,LIRR,"213,026"
3/21/2023,Bus,"1,511,670"
3/21/2023,AAR,"29,466"
3/22/2023,AAR,"29,999"
3/22/2023,Subway,"3,797,399"
3/22/2023,SIR,"7,589"
3/22/2023,MNR,"184,321"
3/22/2023,LIRR,"202,826"
3/22/2023,Bus,"1,509,096"
3/22/2023,BT,"923,517"
3/23/2023,AAR,"29,189"
3/23/2023,Subway,"3,774,396"
3/23/2023,SIR,"7,208"
3/23/2023,MNR,"177,877"
3/23/2023,LIRR,"200,870"
3/23/2023,Bus,"1,466,839"
3/23/2023,BT,"937,995"
3/24/2023,BT,"962,444"
3/24/2023,Subway,"3,534,300"
3/24/2023,SIR,"6,133"
3/24/2023,MNR,"159,574"
3/24/2023,LIRR,"188,352"
3/24/2023,Bus,"1,420,346"
3/24/2023,AAR,"27,883"
3/25/2023,BT,"833,067"
3/25/2023,Subway,"2,153,554"
3/25/2023,SIR,"1,765"
3/25/2023,MNR,"82,702"
3/25/2023,LIRR,"89,101"
3/25/2023,Bus,"784,068"
3/25/2023,AAR,"15,556"
3/26/2023,BT,"874,244"
3/26/2023,Subway,"1,939,984"
3/26/2023,SIR,"1,648"
3/26/2023,MNR,"81,819"
3/26/2023,LIRR,"83,054"
3/26/2023,Bus,"724,870"
3/26/2023,AAR,"16,878"
3/27/2023,AAR,"26,394"
3/27/2023,Subway,"3,397,258"
3/27/2023,SIR,"6,675"
3/27/2023,MNR,"166,543"
3/27/2023,LIRR,"192,461"
3/27/2023,Bus,"1,426,226"
3/27/2023,BT,"888,364"
3/28/2023,AAR,"28,923"
3/28/2023,Subway,"3,765,920"
3/28/2023,SIR,"7,541"
3/28/2023,MNR,"189,294"
3/28/2023,LIRR,"207,837"
3/28/2023,Bus,"1,490,842"
3/28/2023,BT,"898,266"
3/29/2023,BT,"926,369"
3/29/2023,Subway,"3,872,948"
3/29/2023,SIR,"7,825"
3/29/2023,MNR,"187,520"
3/29/2023,LIRR,"208,736"
3/29/2023,Bus,"1,521,968"
3/29/2023,AAR,"29,771"
3/30/2023,BT,"961,724"
3/30/2023,Subway,"3,860,289"
3/30/2023,SIR,"7,512"
3/30/2023,MNR,"187,344"
3/30/2023,LIRR,"200,601"
3/30/2023,Bus,"1,486,845"
3/30/2023,AAR,"29,363"
3/31/2023,AAR,"28,599"
3/31/2023,Subway,"3,573,735"
3/31/2023,SIR,"6,426"
3/31/2023,MNR,"158,879"
3/31/2023,LIRR,"184,342"
3/31/2023,Bus,"1,423,686"
3/31/2023,BT,"981,946"
4/1/2023,AAR,"16,428"
4/1/2023,Subway,"2,283,533"
4/1/2023,SIR,"1,520"
4/1/2023,MNR,"88,096"
4/1/2023,LIRR,"82,140"
4/1/2023,Bus,"842,213"
4/1/2023,BT,"859,055"
4/2/2023,Bus,"716,880"
4/2/2023,Subway,"1,949,665"
4/2/2023,SIR,"1,319"
4/2/2023,AAR,"17,660"
4/2/2023,MNR,"79,027"
4/2/2023,LIRR,"76,059"
4/2/2023,BT,"861,110"
4/3/2023,BT,"905,182"
4/3/2023,Subway,"3,597,785"
4/3/2023,SIR,"7,076"
4/3/2023,MNR,"162,370"
4/3/2023,LIRR,"182,947"
4/3/2023,Bus,"1,475,017"
4/3/2023,AAR,"27,387"
4/4/2023,BT,"916,790"
4/4/2023,Subway,"3,906,882"
4/4/2023,SIR,"7,633"
4/4/2023,MNR,"188,769"
4/4/2023,LIRR,"200,063"
4/4/2023,Bus,"1,519,740"
4/4/2023,AAR,"29,698"
4/5/2023,AAR,"29,462"
4/5/2023,Subway,"3,799,965"
4/5/2023,SIR,"7,163"
4/5/2023,MNR,"185,283"
4/5/2023,LIRR,"205,060"
4/5/2023,Bus,"1,432,322"
4/5/2023,BT,"942,019"
4/6/2023,AAR,"27,061"
4/6/2023,Subway,"3,421,271"
4/6/2023,SIR,"6,122"
4/6/2023,MNR,"169,192"
4/6/2023,LIRR,"193,340"
4/6/2023,Bus,"1,264,311"
4/6/2023,BT,"917,991"
4/7/2023,BT,"903,596"
4/7/2023,Subway,"3,130,675"
4/7/2023,SIR,"4,925"
4/7/2023,MNR,"159,262"
4/7/2023,LIRR,"187,800"
4/7/2023,Bus,"1,150,222"
4/7/2023,AAR,"23,831"
4/8/2023,BT,"875,057"
4/8/2023,Subway,"2,393,347"
4/8/2023,SIR,"2,393"
4/8/2023,MNR,"99,273"
4/8/2023,LIRR,"108,740"
4/8/2023,Bus,"882,727"
4/8/2023,AAR,"16,256"
4/9/2023,AAR,"19,026"
4/9/2023,Subway,"1,855,826"
4/9/2023,SIR,"1,916"
4/9/2023,MNR,"85,620"
4/9/2023,LIRR,"98,030"
4/9/2023,Bus,"654,259"
4/9/2023,BT,"906,826"
4/10/2023,MNR,"170,713"
4/10/2023,Subway,"3,142,740"
4/10/2023,SIR,"6,121"
4/10/2023,LIRR,"191,412"
4/10/2023,Bus,"1,236,634"
4/10/2023,BT,"925,671"
4/10/2023,AAR,"24,135"
4/11/2023,BT,"898,409"
4/11/2023,Subway,"3,537,843"
4/11/2023,SIR,"7,081"
4/11/2023,MNR,"193,831"
4/11/2023,LIRR,"210,828"
4/11/2023,Bus,"1,316,710"
4/11/2023,AAR,"27,777"
4/12/2023,BT,"893,905"
4/12/2023,Subway,"3,576,687"
4/12/2023,SIR,"6,863"
4/12/2023,MNR,"191,574"
4/12/2023,LIRR,"207,802"
4/12/2023,Bus,"1,311,418"
4/12/2023,AAR,"28,326"
4/13/2023,BT,"942,469"
4/13/2023,Subway,"3,628,304"
4/13/2023,SIR,"6,668"
4/13/2023,MNR,"183,658"
4/13/2023,LIRR,"200,072"
4/13/2023,Bus,"1,311,906"
4/13/2023,AAR,"28,451"
4/14/2023,AAR,"27,514"
4/14/2023,Subway,"3,471,420"
4/14/2023,SIR,"5,869"
4/14/2023,MNR,"173,790"
4/14/2023,LIRR,"190,858"
4/14/2023,Bus,"1,294,357"
4/14/2023,BT,"992,290"
4/15/2023,AAR,"16,804"
4/15/2023,Subway,"2,365,464"
4/15/2023,SIR,"1,743"
4/15/2023,MNR,"103,902"
4/15/2023,LIRR,"99,793"
4/15/2023,Bus,"890,050"
4/15/2023,BT,"918,597"
4/16/2023,BT,"884,284"
4/16/2023,Subway,"1,864,753"
4/16/2023,SIR,"1,309"
4/16/2023,MNR,"85,026"
4/16/2023,LIRR,"80,318"
4/16/2023,Bus,"728,462"
4/16/2023,AAR,"16,835"
4/17/2023,BT,"900,400"
4/17/2023,Subway,"3,418,834"
4/17/2023,SIR,"6,926"
4/17/2023,MNR,"167,759"
4/17/2023,LIRR,"188,445"
4/17/2023,Bus,"1,438,043"
4/17/2023,AAR,"27,611"
4/18/2023,AAR,"29,658"
4/18/2023,Subway,"3,862,133"
4/18/2023,SIR,"7,879"
4/18/2023,MNR,"194,548"
4/18/2023,LIRR,"207,882"
4/18/2023,Bus,"1,526,133"
4/18/2023,BT,"933,048"
4/19/2023,AAR,"30,829"
4/19/2023,Subway,"3,927,706"
4/19/2023,SIR,"7,889"
4/19/2023,MNR,"195,085"
4/19/2023,LIRR,"206,116"
4/19/2023,Bus,"1,530,452"
4/19/2023,BT,"956,628"
4/20/2023,LIRR,"208,664"
4/20/2023,Subway,"4,002,433"
4/20/2023,SIR,"7,577"
4/20/2023,BT,"1,018,712"
4/20/2023,AAR,"30,106"
4/20/2023,MNR,"189,699"
4/20/2023,Bus,"1,520,258"
4/21/2023,BT,"998,040"
4/21/2023,Subway,"3,492,257"
4/21/2023,SIR,"6,005"
4/21/2023,MNR,"174,727"
4/21/2023,LIRR,"195,442"
4/21/2023,Bus,"1,310,737"
4/21/2023,AAR,"27,777"
4/22/2023,BT,"933,795"
4/22/2023,Subway,"2,506,140"
4/22/2023,SIR,"1,715"
4/22/2023,MNR,"106,032"
4/22/2023,LIRR,"106,134"
4/22/2023,Bus,"893,014"
4/22/2023,AAR,"16,865"
4/23/2023,AAR,"15,947"
4/23/2023,Subway,"1,923,243"
4/23/2023,SIR,"1,326"
4/23/2023,MNR,"79,003"
4/23/2023,LIRR,"87,793"
4/23/2023,Bus,"673,668"
4/23/2023,BT,"883,222"
4/24/2023,AAR,"27,254"
4/24/2023,Subway,"3,561,262"
4/24/2023,SIR,"7,020"
4/24/2023,MNR,"173,997"
4/24/2023,LIRR,"196,593"
4/24/2023,Bus,"1,466,762"
4/24/2023,BT,"915,193"
4/25/2023,BT,"930,969"
4/25/2023,Subway,"3,956,922"
4/25/2023,SIR,"7,806"
4/25/2023,MNR,"192,115"
4/25/2023,LIRR,"216,767"
4/25/2023,Bus,"1,529,162"
4/25/2023,AAR,"29,504"
4/26/2023,BT,"950,826"
4/26/2023,Subway,"3,994,837"
4/26/2023,SIR,"7,758"
4/26/2023,MNR,"191,885"
4/26/2023,LIRR,"216,097"
4/26/2023,Bus,"1,531,476"
4/26/2023,AAR,"30,191"
4/27/2023,AAR,"29,969"
4/27/2023,Subway,"3,999,831"
4/27/2023,SIR,"7,564"
4/27/2023,MNR,"184,365"
4/27/2023,LIRR,"216,674"
4/27/2023,Bus,"1,506,783"
4/27/2023,BT,"985,725"
4/28/2023,MNR,"160,861"
4/28/2023,Subway,"3,703,088"
4/28/2023,SIR,"6,441"
4/28/2023,LIRR,"195,436"
4/28/2023,Bus,"1,424,078"
4/28/2023,BT,"1,000,104"
4/28/2023,AAR,"28,306"
4/29/2023,BT,"834,977"
4/29/2023,Subway,"2,179,978"
4/29/2023,SIR,"1,871"
4/29/2023,MNR,"77,009"
4/29/2023,LIRR,"85,167"
4/29/2023,Bus,"715,608"
4/29/2023,AAR,"15,688"
4/30/2023,BT,"788,424"
4/30/2023,Subway,"1,744,098"
4/30/2023,SIR,"1,355"
4/30/2023,MNR,"65,334"
4/30/2023,LIRR,"75,065"
4/30/2023,Bus,"578,075"
4/30/2023,AAR,"15,451"
5/1/2023,BT,"926,155"
5/1/2023,Subway,"3,664,755"
5/1/2023,SIR,"6,960"
5/1/2023,MNR,"167,178"
5/1/2023,LIRR,"188,566"
5/1/2023,Bus,"1,465,598"
5/1/2023,AAR,"27,445"
5/2/2023,AAR,"29,472"
5/2/2023,Subway,"3,961,858"
5/2/2023,SIR,"7,749"
5/2/2023,MNR,"197,217"
5/2/2023,LIRR,"211,550"
5/2/2023,Bus,"1,498,566"
5/2/2023,BT,"919,816"
5/3/2023,AAR,"30,850"
5/3/2023,Subway,"4,030,601"
5/3/2023,SIR,"7,862"
5/3/2023,MNR,"195,363"
5/3/2023,LIRR,"209,450"
5/3/2023,Bus,"1,533,714"
5/3/2023,BT,"944,262"
5/4/2023,BT,"970,445"
5/4/2023,Subway,"3,985,001"
5/4/2023,SIR,"7,417"
5/4/2023,MNR,"189,538"
5/4/2023,LIRR,"206,323"
5/4/2023,Bus,"1,497,427"
5/4/2023,AAR,"30,449"
5/5/2023,BT,"1,015,003"
5/5/2023,Subway,"3,759,375"
5/5/2023,SIR,"6,514"
5/5/2023,MNR,"170,610"
5/5/2023,LIRR,"200,675"
5/5/2023,Bus,"1,450,598"
5/5/2023,AAR,"28,952"
5/6/2023,AAR,"18,349"
5/6/2023,Subway,"2,563,102"
5/6/2023,SIR,"2,584"
5/6/2023,MNR,"103,318"
5/6/2023,LIRR,"111,525"
5/6/2023,Bus,"934,630"
5/6/2023,BT,"979,269"
5/7/2023,MNR,"83,007"
5/7/2023,Subway,"2,033,790"
5/7/2023,SIR,"2,705"
5/7/2023,LIRR,"92,076"
5/7/2023,Bus,"705,419"
5/7/2023,BT,"905,666"
5/7/2023,AAR,"17,822"
5/8/2023,Bus,"1,460,932"
5/8/2023,Subway,"3,563,340"
5/8/2023,SIR,"7,196"
5/8/2023,AAR,"27,771"
5/8/2023,MNR,"180,789"
5/8/2023,LIRR,"198,056"
5/8/2023,BT,"938,331"
5/9/2023,BT,"958,452"
5/9/2023,Subway,"3,925,555"
5/9/2023,SIR,"7,827"
5/9/2023,MNR,"205,069"
5/9/2023,LIRR,"221,290"
5/9/2023,Bus,"1,524,892"
5/9/2023,AAR,"29,923"
5/10/2023,BT,"985,250"
5/10/2023,Subway,"4,014,009"
5/10/2023,SIR,"7,998"
5/10/2023,MNR,"203,414"
5/10/2023,LIRR,"221,747"
5/10/2023,Bus,"1,528,140"
5/10/2023,AAR,"31,360"
5/11/2023,AAR,"30,899"
5/11/2023,Subway,"4,015,942"
5/11/2023,SIR,"7,619"
5/11/2023,MNR,"201,006"
5/11/2023,LIRR,"210,683"
5/11/2023,Bus,"1,535,264"
5/11/2023,BT,"1,020,419"
5/12/2023,AAR,"29,397"
5/12/2023,Subway,"3,723,192"
5/12/2023,SIR,"6,629"
5/12/2023,MNR,"185,027"
5/12/2023,LIRR,"201,367"
5/12/2023,Bus,"1,436,385"
5/12/2023,BT,"1,047,377"
5/13/2023,BT,"1,011,144"
5/13/2023,Subway,"2,487,178"
5/13/2023,SIR,"1,973"
5/13/2023,MNR,"109,940"
5/13/2023,LIRR,"113,810"
5/13/2023,Bus,"918,257"
5/13/2023,AAR,"18,340"
5/14/2023,BT,"983,677"
5/14/2023,Subway,"1,926,966"
5/14/2023,SIR,"1,654"
5/14/2023,MNR,"101,088"
5/14/2023,LIRR,"102,178"
5/14/2023,Bus,"690,606"
5/14/2023,AAR,"20,222"
5/15/2023,AAR,"25,892"
5/15/2023,Subway,"3,553,443"
5/15/2023,SIR,"6,956"
5/15/2023,MNR,"184,909"
5/15/2023,LIRR,"201,209"
5/15/2023,Bus,"1,440,741"
5/15/2023,BT,"951,297"
5/16/2023,MNR,"207,484"
5/16/2023,Subway,"4,002,015"
5/16/2023,SIR,"7,930"
5/16/2023,LIRR,"227,489"
5/16/2023,Bus,"1,519,397"
5/16/2023,BT,"968,611"
5/16/2023,AAR,"29,747"
5/17/2023,BT,"989,383"
5/17/2023,Subway,"4,104,786"
5/17/2023,SIR,"7,118"
5/17/2023,MNR,"206,630"
5/17/2023,LIRR,"223,059"
5/17/2023,Bus,"1,518,546"
5/17/2023,AAR,"30,423"
5/18/2023,BT,"1,012,638"
5/18/2023,Subway,"4,082,154"
5/18/2023,SIR,"7,530"
5/18/2023,MNR,"198,433"
5/18/2023,LIRR,"218,955"
5/18/2023,Bus,"1,492,657"
5/18/2023,AAR,"29,842"
5/19/2023,BT,"1,027,639"
5/19/2023,Subway,"3,789,929"
5/19/2023,SIR,"6,362"
5/19/2023,MNR,"181,114"
5/19/2023,LIRR,"208,310"
5/19/2023,Bus,"1,431,269"
5/19/2023,AAR,"28,381"
5/20/2023,AAR,"16,570"
5/20/2023,Subway,"2,314,672"
5/20/2023,SIR,"1,970"
5/20/2023,MNR,"95,625"
5/20/2023,LIRR,"102,957"
5/20/2023,Bus,"760,830"
5/20/2023,BT,"891,497"
5/21/2023,AAR,"17,545"
5/21/2023,Subway,"2,132,724"
5/21/2023,SIR,"1,919"
5/21/2023,MNR,"91,335"
5/21/2023,LIRR,"103,484"
5/21/2023,Bus,"727,850"
5/21/2023,BT,"962,612"
5/22/2023,BT,"946,119"
5/22/2023,Subway,"3,571,748"
5/22/2023,SIR,"6,935"
5/22/2023,MNR,"186,008"
5/22/2023,LIRR,"203,122"
5/22/2023,Bus,"1,446,015"
5/22/2023,AAR,"27,038"
5/23/2023,BT,"957,083"
5/23/2023,Subway,"3,929,003"
5/23/2023,SIR,"7,928"
5/23/2023,MNR,"214,621"
5/23/2023,LIRR,"219,619"
5/23/2023,Bus,"1,500,973"
5/23/2023,AAR,"29,538"
5/24/2023,AAR,"30,495"
5/24/2023,Subway,"3,960,264"
5/24/2023,SIR,"7,667"
5/24/2023,MNR,"208,487"
5/24/2023,LIRR,"219,886"
5/24/2023,Bus,"1,499,943"
5/24/2023,BT,"987,191"
5/25/2023,MNR,"201,855"
5/25/2023,AAR,"29,311"
5/25/2023,BT,"1,011,009"
5/25/2023,Bus,"1,459,601"
5/25/2023,LIRR,"215,946"
5/25/2023,SIR,"7,183"
5/25/2023,Subway,"3,859,385"
5/26/2023,Bus,"1,370,252"
5/26/2023,Subway,"3,496,511"
5/26/2023,SIR,"5,747"
5/26/2023,LIRR,"207,347"
5/26/2023,AAR,"27,037"
5/26/2023,BT,"997,340"
5/26/2023,MNR,"187,188"
5/27/2023,BT,"928,210"
5/27/2023,Subway,"2,375,741"
5/27/2023,SIR,"2,913"
5/27/2023,MNR,"120,011"
5/27/2023,LIRR,"116,439"
5/27/2023,Bus,"848,442"
5/27/2023,AAR,"16,731"
5/28/2023,BT,"908,353"
5/28/2023,Subway,"2,029,088"
5/28/2023,SIR,"2,426"
5/28/2023,MNR,"102,009"
5/28/2023,LIRR,"102,985"
5/28/2023,Bus,"707,787"
5/28/2023,AAR,"17,527"
5/29/2023,AAR,"12,121"
5/29/2023,Subway,"1,952,779"
5/29/2023,SIR,"2,520"
5/29/2023,MNR,"86,149"
5/29/2023,LIRR,"99,456"
5/29/2023,Bus,"758,893"
5/29/2023,BT,"838,833"
5/30/2023,MNR,"205,661"
5/30/2023,Subway,"3,714,864"
5/30/2023,SIR,"7,398"
5/30/2023,LIRR,"227,623"
5/30/2023,Bus,"1,438,285"
5/30/2023,BT,"963,187"
5/30/2023,AAR,"27,645"
5/31/2023,BT,"975,279"
5/31/2023,Subway,"3,911,382"
5/31/2023,SIR,"7,691"
5/31/2023,MNR,"211,998"
5/31/2023,LIRR,"229,227"
5/31/2023,Bus,"1,480,801"
5/31/2023,AAR,"30,078"
6/1/2023,BT,"1,009,838"
6/1/2023,Subway,"3,894,167"
6/1/2023,SIR,"7,152"
6/1/2023,MNR,"191,410"
6/1/2023,LIRR,"210,483"
6/1/2023,Bus,"1,457,503"
6/1/2023,AAR,"30,088"
6/2/2023,BT,"1,014,684"
6/2/2023,Subway,"3,626,490"
6/2/2023,SIR,"6,470"
6/2/2023,MNR,"170,399"
6/2/2023,LIRR,"202,543"
6/2/2023,Bus,"1,399,462"
6/2/2023,AAR,"29,570"
6/3/2023,AAR,"18,118"
6/3/2023,Subway,"2,411,704"
6/3/2023,SIR,"1,837"
6/3/2023,MNR,"102,668"
6/3/2023,LIRR,"115,723"
6/3/2023,Bus,"899,212"
6/3/2023,BT,"961,080"
6/4/2023,AAR,"18,429"
6/4/2023,Subway,"1,988,330"
6/4/2023,SIR,"1,573"
6/4/2023,MNR,"88,859"
6/4/2023,LIRR,"103,120"
6/4/2023,Bus,"714,218"
6/4/2023,BT,"934,091"
6/5/2023,BT,"942,164"
6/5/2023,Subway,"3,544,106"
6/5/2023,SIR,"6,892"
6/5/2023,MNR,"183,510"
6/5/2023,LIRR,"200,806"
6/5/2023,Bus,"1,432,156"
6/5/2023,AAR,"27,920"
6/6/2023,BT,"948,843"
6/6/2023,Subway,"3,929,131"
6/6/2023,SIR,"7,795"
6/6/2023,MNR,"213,292"
6/6/2023,LIRR,"218,376"
6/6/2023,Bus,"1,474,317"
6/6/2023,AAR,"29,999"
6/7/2023,BT,"945,356"
6/7/2023,Subway,"3,743,889"
6/7/2023,SIR,"7,334"
6/7/2023,MNR,"202,951"
6/7/2023,LIRR,"212,982"
6/7/2023,Bus,"1,390,834"
6/7/2023,AAR,"31,147"
6/8/2023,AAR,"27,689"
6/8/2023,Subway,"3,268,529"
6/8/2023,SIR,"5,503"
6/8/2023,MNR,"176,985"
6/8/2023,LIRR,"189,487"
6/8/2023,Bus,"1,216,291"
6/8/2023,BT,"935,501"
6/9/2023,AAR,"25,845"
6/9/2023,Subway,"3,425,232"
6/9/2023,SIR,"5,482"
6/9/2023,MNR,"185,677"
6/9/2023,LIRR,"214,001"
6/9/2023,Bus,"1,256,670"
6/9/2023,BT,"1,009,368"
6/10/2023,BT,"994,069"
6/10/2023,Subway,"2,608,756"
6/10/2023,SIR,"1,978"
6/10/2023,MNR,"117,616"
6/10/2023,LIRR,"139,304"
6/10/2023,Bus,"892,936"
6/10/2023,AAR,"17,996"
6/11/2023,BT,"979,587"
6/11/2023,Subway,"2,075,651"
6/11/2023,SIR,"1,582"
6/11/2023,MNR,"98,115"
6/11/2023,LIRR,"106,971"
6/11/2023,Bus,"695,200"
6/11/2023,AAR,"17,958"
6/12/2023,AAR,"27,520"
6/12/2023,Subway,"3,479,404"
6/12/2023,SIR,"6,744"
6/12/2023,MNR,"185,343"
6/12/2023,LIRR,"202,015"
6/12/2023,Bus,"1,394,575"
6/12/2023,BT,"942,514"
6/13/2023,AAR,"30,441"
6/13/2023,Subway,"3,968,160"
6/13/2023,SIR,"7,850"
6/13/2023,MNR,"212,364"
6/13/2023,LIRR,"233,588"
6/13/2023,Bus,"1,500,122"
6/13/2023,BT,"975,618"
6/14/2023,Bus,"1,434,687"
6/14/2023,Subway,"3,893,073"
6/14/2023,SIR,"7,234"
6/14/2023,AAR,"30,661"
6/14/2023,MNR,"207,746"
6/14/2023,LIRR,"235,667"
6/14/2023,BT,"976,395"
6/15/2023,BT,"1,032,651"
6/15/2023,Subway,"3,928,393"
6/15/2023,SIR,"7,390"
6/15/2023,MNR,"206,188"
6/15/2023,LIRR,"228,608"
6/15/2023,Bus,"1,475,300"
6/15/2023,AAR,"31,298"
6/16/2023,BT,"1,028,981"
6/16/2023,Subway,"3,395,938"
6/16/2023,SIR,"5,960"
6/16/2023,MNR,"177,916"
6/16/2023,LIRR,"214,883"
6/16/2023,Bus,"1,300,751"
6/16/2023,AAR,"28,693"
6/17/2023,AAR,"17,967"
6/17/2023,Subway,"2,399,521"
6/17/2023,SIR,"2,632"
6/17/2023,MNR,"111,460"
6/17/2023,LIRR,"138,654"
6/17/2023,Bus,"872,453"
6/17/2023,BT,"1,002,673"
6/18/2023,AAR,"19,384"
6/18/2023,Subway,"1,977,582"
6/18/2023,SIR,"2,029"
6/18/2023,MNR,"95,597"
6/18/2023,LIRR,"119,996"
6/18/2023,Bus,"707,615"
6/18/2023,BT,"974,352"
6/19/2023,BT,"967,279"
6/19/2023,Subway,"2,636,887"
6/19/2023,SIR,"4,094"
6/19/2023,MNR,"168,591"
6/19/2023,LIRR,"196,645"
6/19/2023,Bus,"1,075,747"
6/19/2023,AAR,"17,494"
6/20/2023,BT,"982,510"
6/20/2023,Subway,"3,782,810"
6/20/2023,SIR,"7,540"
6/20/2023,MNR,"224,371"
6/20/2023,LIRR,"235,806"
6/20/2023,Bus,"1,434,258"
6/20/2023,AAR,"29,482"
6/21/2023,AAR,"31,019"
6/21/2023,Subway,"3,902,298"
6/21/2023,SIR,"7,551"
6/21/2023,MNR,"221,141"
6/21/2023,LIRR,"242,162"
6/21/2023,Bus,"1,430,476"
6/21/2023,BT,"1,002,707"
6/22/2023,MNR,"208,969"
6/22/2023,Subway,"3,782,472"
6/22/2023,SIR,"6,956"
6/22/2023,LIRR,"233,588"
6/22/2023,Bus,"1,367,709"
6/22/2023,BT,"1,016,955"
6/22/2023,AAR,"29,220"
6/23/2023,BT,"1,026,311"
6/23/2023,Subway,"3,470,575"
6/23/2023,SIR,"6,167"
6/23/2023,MNR,"188,373"
6/23/2023,LIRR,"222,283"
6/23/2023,Bus,"1,282,954"
6/23/2023,AAR,"28,619"
6/24/2023,BT,"954,162"
6/24/2023,Subway,"2,467,994"
6/24/2023,SIR,"2,551"
6/24/2023,MNR,"109,217"
6/24/2023,LIRR,"128,075"
6/24/2023,Bus,"844,674"
6/24/2023,AAR,"16,937"
6/25/2023,BT,"950,896"
6/25/2023,Subway,"2,222,704"
6/25/2023,SIR,"2,248"
6/25/2023,MNR,"113,238"
6/25/2023,LIRR,"123,527"
6/25/2023,Bus,"689,020"
6/25/2023,AAR,"17,103"
6/26/2023,AAR,"26,823"
6/26/2023,Subway,"3,341,322"
6/26/2023,SIR,"6,516"
6/26/2023,MNR,"185,070"
6/26/2023,LIRR,"218,393"
6/26/2023,Bus,"1,314,743"
6/26/2023,BT,"966,376"
6/27/2023,AAR,"29,246"
6/27/2023,Subway,"3,744,227"
6/27/2023,SIR,"7,633"
6/27/2023,MNR,"209,234"
6/27/2023,LIRR,"231,738"
6/27/2023,Bus,"1,391,914"
6/27/2023,BT,"973,069"
6/28/2023,BT,"991,652"
6/28/2023,Subway,"3,634,270"
6/28/2023,SIR,"6,762"
6/28/2023,MNR,"207,293"
6/28/2023,LIRR,"233,457"
6/28/2023,Bus,"1,305,832"
6/28/2023,AAR,"29,092"
6/29/2023,BT,"1,041,647"
6/29/2023,Subway,"3,653,631"
6/29/2023,SIR,"6,946"
6/29/2023,MNR,"200,724"
6/29/2023,LIRR,"233,625"
6/29/2023,Bus,"1,307,649"
6/29/2023,AAR,"28,876"
6/30/2023,AAR,"28,028"
6/30/2023,Subway,"3,259,767"
6/30/2023,SIR,"5,817"
6/30/2023,MNR,"178,064"
6/30/2023,LIRR,"219,673"
6/30/2023,Bus,"1,248,822"
6/30/2023,BT,"1,047,133"
7/1/2023,MNR,"99,597"
7/1/2023,Subway,"2,239,529"
7/1/2023,SIR,"2,745"
7/1/2023,LIRR,"120,270"
7/1/2023,Bus,"859,295"
7/1/2023,BT,"959,822"
7/1/2023,AAR,"17,093"
7/2/2023,Bus,"668,297"
7/2/2023,Subway,"1,783,757"
7/2/2023,SIR,"1,988"
7/2/2023,AAR,"16,717"
7/2/2023,MNR,"74,415"
7/2/2023,LIRR,"92,780"
7/2/2023,BT,"835,292"
7/3/2023,BT,"863,548"
7/3/2023,Subway,"2,662,052"
7/3/2023,SIR,"4,718"
7/3/2023,MNR,"128,417"
7/3/2023,LIRR,"149,641"
7/3/2023,Bus,"1,117,930"
7/3/2023,AAR,"23,795"
7/4/2023,BT,"717,501"
7/4/2023,Subway,"1,791,179"
7/4/2023,SIR,"2,305"
7/4/2023,MNR,"84,010"
7/4/2023,LIRR,"96,458"
7/4/2023,Bus,"631,937"
7/4/2023,AAR,"13,059"
7/5/2023,AAR,"28,774"
7/5/2023,Subway,"3,318,379"
7/5/2023,SIR,"6,472"
7/5/2023,MNR,"189,434"
7/5/2023,LIRR,"211,448"
7/5/2023,Bus,"1,296,583"
7/5/2023,BT,"966,845"
7/6/2023,MNR,"186,822"
7/6/2023,Subway,"3,494,806"
7/6/2023,SIR,"6,608"
7/6/2023,LIRR,"209,335"
7/6/2023,Bus,"1,333,630"
7/6/2023,BT,"963,279"
7/6/2023,AAR,"29,894"
7/7/2023,BT,"980,680"
7/7/2023,Subway,"3,292,266"
7/7/2023,SIR,"5,868"
7/7/2023,MNR,"171,597"
7/7/2023,LIRR,"197,892"
7/7/2023,Bus,"1,273,900"
7/7/2023,AAR,"28,609"
7/8/2023,BT,"951,872"
7/8/2023,Subway,"2,308,794"
7/8/2023,SIR,"2,695"
7/8/2023,MNR,"107,854"
7/8/2023,LIRR,"120,931"
7/8/2023,Bus,"867,047"
7/8/2023,AAR,"17,879"
7/9/2023,BT,"872,162"
7/9/2023,Subway,"1,776,607"
7/9/2023,SIR,"1,914"
7/9/2023,MNR,"83,783"
7/9/2023,LIRR,"95,243"
7/9/2023,Bus,"651,953"
7/9/2023,AAR,"16,695"
7/10/2023,AAR,"27,354"
7/10/2023,Subway,"3,208,730"
7/10/2023,SIR,"6,175"
7/10/2023,MNR,"171,497"
7/10/2023,LIRR,"196,506"
7/10/2023,Bus,"1,307,297"
7/10/2023,BT,"929,061"
7/11/2023,AAR,"30,085"
7/11/2023,Subway,"3,613,670"
7/11/2023,SIR,"7,149"
7/11/2023,MNR,"200,151"
7/11/2023,LIRR,"221,923"
7/11/2023,Bus,"1,381,701"
7/11/2023,BT,"957,146"
7/12/2023,BT,"982,757"
7/12/2023,Subway,"3,696,737"
7/12/2023,SIR,"6,901"
7/12/2023,MNR,"199,169"
7/12/2023,LIRR,"218,097"
7/12/2023,Bus,"1,383,484"
7/12/2023,AAR,"31,015"
7/13/2023,BT,"995,972"
7/13/2023,Subway,"3,648,007"
7/13/2023,SIR,"6,888"
7/13/2023,MNR,"190,952"
7/13/2023,LIRR,"218,715"
7/13/2023,Bus,"1,359,302"
7/13/2023,AAR,"29,980"
7/14/2023,BT,"991,539"
7/14/2023,Subway,"3,209,393"
7/14/2023,SIR,"5,588"
7/14/2023,MNR,"163,840"
7/14/2023,LIRR,"198,119"
7/14/2023,Bus,"1,231,624"
7/14/2023,AAR,"28,489"
7/15/2023,AAR,"18,043"
7/15/2023,Subway,"2,326,054"
7/15/2023,SIR,"2,409"
7/15/2023,MNR,"107,124"
7/15/2023,LIRR,"124,007"
7/15/2023,Bus,"889,709"
7/15/2023,BT,"986,294"
7/16/2023,AAR,"16,496"
7/16/2023,Subway,"1,599,858"
7/16/2023,SIR,"1,559"
7/16/2023,MNR,"72,406"
7/16/2023,LIRR,"89,763"
7/16/2023,Bus,"583,645"
7/16/2023,BT,"820,005"
7/17/2023,BT,"968,319"
7/17/2023,Subway,"3,282,092"
7/17/2023,SIR,"6,345"
7/17/2023,MNR,"182,216"
7/17/2023,LIRR,"205,378"
7/17/2023,Bus,"1,310,810"
7/17/2023,AAR,"27,637"
7/18/2023,BT,"947,817"
7/18/2023,Subway,"3,584,819"
7/18/2023,SIR,"6,766"
7/18/2023,MNR,"204,203"
7/18/2023,LIRR,"225,299"
7/18/2023,Bus,"1,313,665"
7/18/2023,AAR,"29,105"
7/19/2023,AAR,"30,527"
7/19/2023,Subway,"3,679,343"
7/19/2023,SIR,"6,938"
7/19/2023,MNR,"203,857"
7/19/2023,LIRR,"224,202"
7/19/2023,Bus,"1,342,781"
7/19/2023,BT,"974,843"
7/20/2023,AAR,"29,745"
7/20/2023,Subway,"3,711,017"
7/20/2023,SIR,"6,858"
7/20/2023,MNR,"197,400"
7/20/2023,LIRR,"224,327"
7/20/2023,Bus,"1,333,607"
7/20/2023,BT,"1,008,154"
7/21/2023,Bus,"1,211,839"
7/21/2023,Subway,"3,227,154"
7/21/2023,SIR,"5,389"
7/21/2023,AAR,"27,485"
7/21/2023,MNR,"176,892"
7/21/2023,LIRR,"201,177"
7/21/2023,BT,"1,004,083"
7/22/2023,BT,"1,008,471"
7/22/2023,Subway,"2,459,990"
7/22/2023,SIR,"2,117"
7/22/2023,MNR,"93,215"
7/22/2023,LIRR,"133,328"
7/22/2023,Bus,"894,490"
7/22/2023,AAR,"18,283"
7/23/2023,BT,"991,418"
7/23/2023,Subway,"1,984,503"
7/23/2023,SIR,"1,511"
7/23/2023,MNR,"94,729"
7/23/2023,LIRR,"116,485"
7/23/2023,Bus,"723,774"
7/23/2023,AAR,"18,021"
7/24/2023,AAR,"27,222"
7/24/2023,Subway,"3,255,379"
7/24/2023,SIR,"6,175"
7/24/2023,MNR,"180,716"
7/24/2023,LIRR,"206,025"
7/24/2023,Bus,"1,302,964"
7/24/2023,BT,"952,072"
7/25/2023,AAR,"29,285"
7/25/2023,Subway,"3,630,414"
7/25/2023,SIR,"7,050"
7/25/2023,MNR,"211,053"
7/25/2023,LIRR,"226,651"
7/25/2023,Bus,"1,307,716"
7/25/2023,BT,"944,312"
7/26/2023,BT,"981,362"
7/26/2023,Subway,"3,758,378"
7/26/2023,SIR,"7,298"
7/26/2023,MNR,"210,315"
7/26/2023,LIRR,"226,363"
7/26/2023,Bus,"1,382,345"
7/26/2023,AAR,"30,501"
7/27/2023,BT,"977,139"
7/27/2023,Subway,"3,580,012"
7/27/2023,SIR,"6,788"
7/27/2023,MNR,"187,729"
7/27/2023,LIRR,"219,460"
7/27/2023,Bus,"1,313,385"
7/27/2023,AAR,"28,692"
7/28/2023,AAR,"27,522"
7/28/2023,Subway,"3,266,199"
7/28/2023,SIR,"5,631"
7/28/2023,MNR,"170,128"
7/28/2023,LIRR,"205,845"
7/28/2023,Bus,"1,246,295"
7/28/2023,BT,"1,029,826"
7/29/2023,MNR,"100,508"
7/29/2023,Subway,"2,251,524"
7/29/2023,SIR,"2,314"
7/29/2023,LIRR,"120,457"
7/29/2023,Bus,"856,921"
7/29/2023,BT,"961,474"
7/29/2023,AAR,"16,747"
7/30/2023,BT,"993,750"
7/30/2023,Subway,"1,952,433"
7/30/2023,SIR,"2,077"
7/30/2023,MNR,"91,861"
7/30/2023,LIRR,"116,784"
7/30/2023,Bus,"705,279"
7/30/2023,AAR,"17,450"
7/31/2023,BT,"975,380"
7/31/2023,Subway,"3,204,920"
7/31/2023,SIR,"6,161"
7/31/2023,MNR,"185,348"
7/31/2023,LIRR,"205,976"
7/31/2023,Bus,"1,283,835"
7/31/2023,AAR,"26,682"
8/1/2023,BT,"959,997"
8/1/2023,Subway,"3,598,379"
8/1/2023,SIR,"7,060"
8/1/2023,MNR,"199,547"
8/1/2023,LIRR,"221,518"
8/1/2023,Bus,"1,357,252"
8/1/2023,AAR,"29,354"
8/2/2023,AAR,"30,380"
8/2/2023,Subway,"3,640,307"
8/2/2023,SIR,"6,913"
8/2/2023,MNR,"201,003"
8/2/2023,LIRR,"219,641"
8/2/2023,Bus,"1,359,233"
8/2/2023,BT,"970,610"
8/3/2023,AAR,"30,483"
8/3/2023,Subway,"3,609,076"
8/3/2023,SIR,"6,753"
8/3/2023,MNR,"197,044"
8/3/2023,LIRR,"220,565"
8/3/2023,Bus,"1,350,472"
8/3/2023,BT,"1,000,263"
8/4/2023,BT,"993,082"
8/4/2023,Subway,"3,228,510"
8/4/2023,SIR,"5,593"
8/4/2023,MNR,"171,533"
8/4/2023,LIRR,"193,528"
8/4/2023,Bus,"1,241,122"
8/4/2023,AAR,"28,128"
8/5/2023,BT,"974,419"
8/5/2023,Subway,"2,364,364"
8/5/2023,SIR,"2,838"
8/5/2023,MNR,"114,660"
8/5/2023,LIRR,"122,596"
8/5/2023,Bus,"879,423"
8/5/2023,AAR,"18,835"
8/6/2023,AAR,"18,805"
8/6/2023,Subway,"1,910,841"
8/6/2023,SIR,"2,171"
8/6/2023,MNR,"96,010"
8/6/2023,LIRR,"107,399"
8/6/2023,Bus,"715,130"
8/6/2023,BT,"959,846"
8/7/2023,MNR,"163,799"
8/7/2023,Subway,"3,041,001"
8/7/2023,SIR,"5,884"
8/7/2023,LIRR,"191,530"
8/7/2023,Bus,"1,208,443"
8/7/2023,BT,"905,952"
8/7/2023,AAR,"27,174"
8/8/2023,LIRR,"218,555"
8/8/2023,Subway,"3,510,047"
8/8/2023,SIR,"7,035"
8/8/2023,BT,"937,561"
8/8/2023,AAR,"29,435"
8/8/2023,MNR,"193,867"
8/8/2023,Bus,"1,339,073"
8/9/2023,BT,"963,902"
8/9/2023,Subway,"3,613,062"
8/9/2023,SIR,"6,858"
8/9/2023,MNR,"192,028"
8/9/2023,LIRR,"224,241"
8/9/2023,Bus,"1,369,095"
8/9/2023,AAR,"30,849"
8/10/2023,BT,"960,916"
8/10/2023,Subway,"3,429,304"
8/10/2023,SIR,"6,333"
8/10/2023,MNR,"178,768"
8/10/2023,LIRR,"208,782"
8/10/2023,Bus,"1,262,073"
8/10/2023,AAR,"29,758"
8/11/2023,AAR,"29,109"
8/11/2023,Subway,"3,311,714"
8/11/2023,SIR,"6,119"
8/11/2023,MNR,"171,116"
8/11/2023,LIRR,"206,947"
8/11/2023,Bus,"1,275,618"
8/11/2023,BT,"1,022,642"
8/12/2023,MNR,"109,269"
8/12/2023,Subway,"2,366,787"
8/12/2023,SIR,"2,835"
8/12/2023,LIRR,"131,586"
8/12/2023,Bus,"844,749"
8/12/2023,BT,"973,522"
8/12/2023,AAR,"18,390"
8/13/2023,BT,"968,282"
8/13/2023,Subway,"1,953,558"
8/13/2023,SIR,"2,196"
8/13/2023,MNR,"93,730"
8/13/2023,LIRR,"112,932"
8/13/2023,Bus,"690,541"
8/13/2023,AAR,"18,071"
8/14/2023,BT,"943,570"
8/14/2023,Subway,"3,092,801"
8/14/2023,SIR,"6,051"
8/14/2023,MNR,"168,873"
8/14/2023,LIRR,"201,352"
8/14/2023,Bus,"1,246,445"
8/14/2023,AAR,"27,185"
8/15/2023,BT,"927,808"
8/15/2023,Subway,"3,385,996"
8/15/2023,SIR,"6,680"
8/15/2023,MNR,"187,441"
8/15/2023,LIRR,"212,116"
8/15/2023,Bus,"1,273,782"
8/15/2023,AAR,"29,122"
8/16/2023,AAR,"30,763"
8/16/2023,Subway,"3,447,648"
8/16/2023,SIR,"6,652"
8/16/2023,MNR,"190,267"
8/16/2023,LIRR,"217,398"
8/16/2023,Bus,"1,300,953"
8/16/2023,BT,"960,221"
8/17/2023,AAR,"30,045"
8/17/2023,Subway,"3,385,056"
8/17/2023,SIR,"6,360"
8/17/2023,MNR,"180,631"
8/17/2023,LIRR,"212,321"
8/17/2023,Bus,"1,275,993"
8/17/2023,BT,"978,905"
8/18/2023,BT,"1,003,717"
8/18/2023,Subway,"3,182,516"
8/18/2023,SIR,"5,361"
8/18/2023,MNR,"174,410"
8/18/2023,LIRR,"208,639"
8/18/2023,Bus,"1,208,502"
8/18/2023,AAR,"27,468"
8/19/2023,BT,"987,283"
8/19/2023,Subway,"2,358,962"
8/19/2023,SIR,"2,665"
8/19/2023,MNR,"124,069"
8/19/2023,LIRR,"144,076"
8/19/2023,Bus,"856,814"
8/19/2023,AAR,"19,246"
8/20/2023,BT,"962,550"
8/20/2023,Subway,"1,870,625"
8/20/2023,SIR,"2,065"
8/20/2023,MNR,"94,332"
8/20/2023,LIRR,"101,351"
8/20/2023,Bus,"689,829"
8/20/2023,AAR,"18,004"
8/21/2023,AAR,"26,325"
8/21/2023,Subway,"2,971,166"
8/21/2023,SIR,"5,857"
8/21/2023,MNR,"170,102"
8/21/2023,LIRR,"198,534"
8/21/2023,Bus,"1,199,440"
8/21/2023,BT,"933,844"
8/22/2023,AAR,"28,913"
8/22/2023,Subway,"3,352,769"
8/22/2023,SIR,"6,463"
8/22/2023,MNR,"194,321"
8/22/2023,LIRR,"213,724"
8/22/2023,Bus,"1,263,459"
8/22/2023,BT,"932,713"
8/23/2023,BT,"958,369"
8/23/2023,Subway,"3,412,842"
8/23/2023,SIR,"6,566"
8/23/2023,MNR,"192,053"
8/23/2023,LIRR,"215,258"
8/23/2023,Bus,"1,272,485"
8/23/2023,AAR,"30,187"
8/24/2023,BT,"963,101"
8/24/2023,Subway,"3,297,927"
8/24/2023,SIR,"6,191"
8/24/2023,MNR,"176,827"
8/24/2023,LIRR,"204,439"
8/24/2023,Bus,"1,201,155"
8/24/2023,AAR,"28,689"
8/25/2023,AAR,"26,511"
8/25/2023,Subway,"3,034,255"
8/25/2023,SIR,"4,891"
8/25/2023,MNR,"153,854"
8/25/2023,LIRR,"191,119"
8/25/2023,Bus,"1,143,010"
8/25/2023,BT,"956,698"
8/26/2023,AAR,"18,024"
8/26/2023,Subway,"2,281,885"
8/26/2023,SIR,"2,700"
8/26/2023,MNR,"100,194"
8/26/2023,LIRR,"122,930"
8/26/2023,Bus,"844,428"
8/26/2023,BT,"958,115"
8/27/2023,Bus,"702,984"
8/27/2023,Subway,"1,909,806"
8/27/2023,SIR,"2,088"
8/27/2023,AAR,"18,022"
8/27/2023,MNR,"85,878"
8/27/2023,LIRR,"106,913"
8/27/2023,BT,"946,702"
8/28/2023,BT,"936,061"
8/28/2023,Subway,"3,121,505"
8/28/2023,SIR,"6,179"
8/28/2023,MNR,"170,897"
8/28/2023,LIRR,"215,843"
8/28/2023,Bus,"1,240,688"
8/28/2023,AAR,"26,613"
8/29/2023,BT,"934,319"
8/29/2023,Subway,"3,401,088"
8/29/2023,SIR,"6,677"
8/29/2023,MNR,"189,077"
8/29/2023,LIRR,"235,092"
8/29/2023,Bus,"1,284,953"
8/29/2023,AAR,"28,250"
8/30/2023,AAR,"29,450"
8/30/2023,Subway,"3,462,970"
8/30/2023,SIR,"6,639"
8/30/2023,MNR,"180,304"
8/30/2023,LIRR,"230,912"
8/30/2023,Bus,"1,267,435"
8/30/2023,BT,"964,068"
8/31/2023,AAR,"29,312"
8/31/2023,Subway,"3,450,532"
8/31/2023,SIR,"6,537"
8/31/2023,MNR,"176,676"
8/31/2023,LIRR,"229,477"
8/31/2023,Bus,"1,315,113"
8/31/2023,BT,"1,021,542"
9/1/2023,BT,"1,029,684"
9/1/2023,Subway,"3,196,284"
9/1/2023,SIR,"5,372"
9/1/2023,MNR,"152,974"
9/1/2023,LIRR,"202,450"
9/1/2023,Bus,"1,225,370"
9/1/2023,AAR,"28,920"
9/2/2023,BT,"943,312"
9/2/2023,Subway,"2,307,416"
9/2/2023,SIR,"2,633"
9/2/2023,MNR,"107,230"
9/2/2023,LIRR,"132,551"
9/2/2023,Bus,"842,591"
9/2/2023,AAR,"18,536"
9/3/2023,AAR,"19,598"
9/3/2023,Subway,"2,013,506"
9/3/2023,SIR,"2,185"
9/3/2023,MNR,"90,729"
9/3/2023,LIRR,"119,566"
9/3/2023,Bus,"692,079"
9/3/2023,BT,"942,979"
9/4/2023,MNR,"87,538"
9/4/2023,Subway,"1,879,819"
9/4/2023,SIR,"2,188"
9/4/2023,LIRR,"114,475"
9/4/2023,Bus,"686,326"
9/4/2023,BT,"858,764"
9/4/2023,AAR,"12,292"
9/5/2023,BT,"973,978"
9/5/2023,Subway,"3,483,755"
9/5/2023,SIR,"6,739"
9/5/2023,MNR,"218,899"
9/5/2023,LIRR,"239,334"
9/5/2023,Bus,"1,349,438"
9/5/2023,AAR,"29,869"
9/6/2023,BT,"968,041"
9/6/2023,Subway,"3,712,071"
9/6/2023,SIR,"6,909"
9/6/2023,MNR,"211,126"
9/6/2023,LIRR,"238,477"
9/6/2023,Bus,"1,395,521"
9/6/2023,AAR,"32,290"
9/7/2023,BT,"985,607"
9/7/2023,Subway,"3,867,746"
9/7/2023,SIR,"7,044"
9/7/2023,MNR,"206,910"
9/7/2023,LIRR,"226,937"
9/7/2023,Bus,"1,441,437"
9/7/2023,AAR,"31,704"
9/8/2023,AAR,"30,083"
9/8/2023,Subway,"3,609,701"
9/8/2023,SIR,"6,257"
9/8/2023,MNR,"183,785"
9/8/2023,LIRR,"225,125"
9/8/2023,Bus,"1,365,283"
9/8/2023,BT,"1,020,080"
9/9/2023,AAR,"17,897"
9/9/2023,Subway,"2,425,515"
9/9/2023,SIR,"2,575"
9/9/2023,MNR,"102,373"
9/9/2023,LIRR,"125,177"
9/9/2023,Bus,"840,378"
9/9/2023,BT,"956,282"
9/10/2023,BT,"873,853"
9/10/2023,Subway,"1,822,230"
9/10/2023,SIR,"1,623"
9/10/2023,MNR,"81,850"
9/10/2023,LIRR,"96,835"
9/10/2023,Bus,"626,222"
9/10/2023,AAR,"17,916"
9/11/2023,BT,"915,527"
9/11/2023,Subway,"3,596,538"
9/11/2023,SIR,"7,182"
9/11/2023,MNR,"191,592"
9/11/2023,LIRR,"213,280"
9/11/2023,Bus,"1,400,268"
9/11/2023,AAR,"29,057"
9/12/2023,AAR,"31,779"
9/12/2023,Subway,"4,014,480"
9/12/2023,SIR,"8,031"
9/12/2023,MNR,"221,092"
9/12/2023,LIRR,"241,196"
9/12/2023,Bus,"1,519,571"
9/12/2023,BT,"959,651"
9/13/2023,MNR,"210,001"
9/13/2023,Subway,"3,938,516"
9/13/2023,SIR,"7,787"
9/13/2023,LIRR,"229,765"
9/13/2023,Bus,"1,482,320"
9/13/2023,BT,"940,261"
9/13/2023,AAR,"31,900"
9/14/2023,Bus,"1,517,040"
9/14/2023,Subway,"4,045,169"
9/14/2023,SIR,"7,847"
9/14/2023,AAR,"32,717"
9/14/2023,MNR,"206,374"
9/14/2023,LIRR,"232,039"
9/14/2023,BT,"993,640"
9/15/2023,BT,"1,026,636"
9/15/2023,Subway,"3,694,845"
9/15/2023,SIR,"6,429"
9/15/2023,MNR,"192,398"
9/15/2023,LIRR,"225,904"
9/15/2023,Bus,"1,398,937"
9/15/2023,AAR,"30,957"
9/16/2023,BT,"976,614"
9/16/2023,Subway,"2,446,139"
9/16/2023,SIR,"2,864"
9/16/2023,MNR,"115,065"
9/16/2023,LIRR,"117,997"
9/16/2023,Bus,"881,354"
9/16/2023,AAR,"18,923"
9/17/2023,AAR,"18,330"
9/17/2023,Subway,"1,988,003"
9/17/2023,SIR,"2,197"
9/17/2023,MNR,"96,229"
9/17/2023,LIRR,"107,302"
9/17/2023,Bus,"666,392"
9/17/2023,BT,"906,081"
9/18/2023,MNR,"192,103"
9/18/2023,Subway,"3,539,047"
9/18/2023,SIR,"7,010"
9/18/2023,LIRR,"215,151"
9/18/2023,Bus,"1,294,777"
9/18/2023,BT,"880,290"
9/18/2023,AAR,"28,341"
9/19/2023,BT,"938,743"
9/19/2023,Subway,"4,140,301"
9/19/2023,SIR,"8,652"
9/19/2023,MNR,"224,426"
9/19/2023,LIRR,"241,135"
9/19/2023,Bus,"1,480,863"
9/19/2023,AAR,"31,109"
9/20/2023,BT,"962,794"
9/20/2023,Subway,"4,179,861"
9/20/2023,SIR,"8,671"
9/20/2023,MNR,"219,540"
9/20/2023,LIRR,"242,203"
9/20/2023,Bus,"1,478,618"
9/20/2023,AAR,"32,181"
9/21/2023,BT,"983,182"
9/21/2023,Subway,"4,139,288"
9/21/2023,SIR,"8,554"
9/21/2023,MNR,"211,375"
9/21/2023,LIRR,"232,409"
9/21/2023,Bus,"1,478,606"
9/21/2023,AAR,"31,455"
9/22/2023,AAR,"30,086"
9/22/2023,Subway,"3,840,412"
9/22/2023,SIR,"7,175"
9/22/2023,MNR,"194,197"
9/22/2023,LIRR,"223,821"
9/22/2023,Bus,"1,403,811"
9/22/2023,BT,"1,024,575"
9/23/2023,AAR,"15,680"
9/23/2023,Subway,"2,116,140"
9/23/2023,SIR,"2,012"
9/23/2023,MNR,"86,985"
9/23/2023,LIRR,"96,073"
9/23/2023,Bus,"682,092"
9/23/2023,BT,"806,230"
9/24/2023,BT,"750,320"
9/24/2023,Subway,"1,701,656"
9/24/2023,SIR,"1,863"
9/24/2023,MNR,"75,103"
9/24/2023,LIRR,"83,669"
9/24/2023,Bus,"562,224"
9/24/2023,AAR,"15,255"
9/25/2023,BT,"816,113"
9/25/2023,Subway,"2,885,921"
9/25/2023,SIR,"5,320"
9/25/2023,MNR,"175,651"
9/25/2023,LIRR,"194,611"
9/25/2023,Bus,"1,035,021"
9/25/2023,AAR,"24,609"
9/26/2023,BT,"913,826"
9/26/2023,Subway,"3,946,624"
9/26/2023,SIR,"7,655"
9/26/2023,MNR,"214,987"
9/26/2023,LIRR,"235,620"
9/26/2023,Bus,"1,393,963"
9/26/2023,AAR,"30,558"
9/27/2023,AAR,"32,758"
9/27/2023,Subway,"4,074,930"
9/27/2023,SIR,"7,877"
9/27/2023,MNR,"212,978"
9/27/2023,LIRR,"232,823"
9/27/2023,Bus,"1,463,309"
9/27/2023,BT,"947,790"
9/28/2023,AAR,"31,804"
9/28/2023,Subway,"4,051,444"
9/28/2023,SIR,"7,587"
9/28/2023,MNR,"201,304"
9/28/2023,LIRR,"227,819"
9/28/2023,Bus,"1,433,729"
9/28/2023,BT,"969,705"
9/29/2023,BT,"830,295"
9/29/2023,Subway,"2,467,295"
9/29/2023,SIR,"5,183"
9/29/2023,MNR,"128,570"
9/29/2023,LIRR,"188,008"
9/29/2023,Bus,"1,053,306"
9/29/2023,AAR,"29,054"
9/30/2023,BT,"867,826"
9/30/2023,Subway,"2,205,573"
9/30/2023,SIR,"1,936"
9/30/2023,MNR,"100,703"
9/30/2023,LIRR,"104,842"
9/30/2023,Bus,"789,587"
9/30/2023,AAR,"16,536"
10/1/2023,AAR,"18,586"
10/1/2023,Subway,"1,995,361"
10/1/2023,SIR,"1,984"
10/1/2023,MNR,"92,724"
10/1/2023,LIRR,"94,222"
10/1/2023,Bus,"669,243"
10/1/2023,BT,"901,140"
10/2/2023,AAR,"28,672"
10/2/2023,Subway,"3,649,389"
10/2/2023,SIR,"7,289"
10/2/2023,MNR,"183,892"
10/2/2023,LIRR,"208,901"
10/2/2023,Bus,"1,390,842"
10/2/2023,BT,"935,087"
10/3/2023,Bus,"1,471,939"
10/3/2023,Subway,"4,008,201"
10/3/2023,SIR,"7,953"
10/3/2023,AAR,"32,295"
10/3/2023,MNR,"214,111"
10/3/2023,LIRR,"235,305"
10/3/2023,BT,"941,175"
10/4/2023,BT,"953,731"
10/4/2023,Subway,"4,026,878"
10/4/2023,SIR,"7,928"
10/4/2023,MNR,"209,399"
10/4/2023,LIRR,"231,999"
10/4/2023,Bus,"1,467,384"
10/4/2023,AAR,"33,186"
10/5/2023,BT,"977,772"
10/5/2023,Subway,"4,030,304"
10/5/2023,SIR,"7,814"
10/5/2023,MNR,"207,356"
10/5/2023,LIRR,"233,470"
10/5/2023,Bus,"1,457,151"
10/5/2023,AAR,"32,414"
10/6/2023,AAR,"30,643"
10/6/2023,Subway,"3,639,729"
10/6/2023,SIR,"6,284"
10/6/2023,MNR,"193,065"
10/6/2023,LIRR,"225,040"
10/6/2023,Bus,"1,325,428"
10/6/2023,BT,"1,004,758"
10/7/2023,AAR,"16,919"
10/7/2023,Subway,"2,199,478"
10/7/2023,SIR,"2,010"
10/7/2023,MNR,"95,026"
10/7/2023,LIRR,"105,975"
10/7/2023,Bus,"720,734"
10/7/2023,BT,"845,459"
10/8/2023,BT,"899,451"
10/8/2023,Subway,"2,044,534"
10/8/2023,SIR,"2,722"
10/8/2023,MNR,"105,952"
10/8/2023,LIRR,"98,315"
10/8/2023,Bus,"654,443"
10/8/2023,AAR,"18,471"
10/9/2023,BT,"909,254"
10/9/2023,Subway,"2,833,654"
10/9/2023,SIR,"4,576"
10/9/2023,MNR,"189,567"
10/9/2023,LIRR,"206,491"
10/9/2023,Bus,"1,023,375"
10/9/2023,AAR,"21,655"
10/10/2023,AAR,"31,970"
10/10/2023,Subway,"3,954,925"
10/10/2023,SIR,"8,356"
10/10/2023,MNR,"220,445"
10/10/2023,LIRR,"239,967"
10/10/2023,Bus,"1,423,532"
10/10/2023,BT,"939,835"
10/11/2023,MNR,"214,437"
10/11/2023,Subway,"4,056,504"
10/11/2023,SIR,"8,630"
10/11/2023,LIRR,"236,033"
10/11/2023,Bus,"1,451,764"
10/11/2023,BT,"954,481"
10/11/2023,AAR,"33,382"
10/12/2023,BT,"993,406"
10/12/2023,Subway,"4,104,598"
10/12/2023,SIR,"8,255"
10/12/2023,MNR,"215,284"
10/12/2023,LIRR,"248,974"
10/12/2023,Bus,"1,436,967"
10/12/2023,AAR,"32,865"
10/13/2023,BT,"1,006,573"
10/13/2023,Subway,"3,560,964"
10/13/2023,SIR,"6,429"
10/13/2023,MNR,"193,658"
10/13/2023,LIRR,"226,873"
10/13/2023,Bus,"1,322,576"
10/13/2023,AAR,"31,134"
10/14/2023,BT,"876,531"
10/14/2023,Subway,"2,219,786"
10/14/2023,SIR,"2,298"
10/14/2023,MNR,"96,158"
10/14/2023,LIRR,"110,177"
10/14/2023,Bus,"717,223"
10/14/2023,AAR,"17,155"
10/15/2023,AAR,"18,455"
10/15/2023,Subway,"2,013,096"
10/15/2023,SIR,"2,148"
10/15/2023,MNR,"100,633"
10/15/2023,LIRR,"102,493"
10/15/2023,Bus,"689,581"
10/15/2023,BT,"914,805"
10/16/2023,AAR,"29,453"
10/16/2023,Subway,"3,661,144"
10/16/2023,SIR,"7,735"
10/16/2023,MNR,"203,627"
10/16/2023,LIRR,"228,147"
10/16/2023,Bus,"1,381,665"
10/16/2023,BT,"929,946"
10/17/2023,BT,"948,433"
10/17/2023,Subway,"4,021,342"
10/17/2023,SIR,"8,354"
10/17/2023,MNR,"222,110"
10/17/2023,LIRR,"243,917"
10/17/2023,Bus,"1,439,468"
10/17/2023,AAR,"31,921"
10/18/2023,BT,"953,178"
10/18/2023,Subway,"4,074,460"
10/18/2023,SIR,"8,356"
10/18/2023,MNR,"213,952"
10/18/2023,LIRR,"236,072"
10/18/2023,Bus,"1,440,292"
10/18/2023,AAR,"33,615"
10/19/2023,AAR,"32,909"
10/19/2023,Subway,"4,121,563"
10/19/2023,SIR,"8,148"
10/19/2023,MNR,"212,946"
10/19/2023,LIRR,"234,999"
10/19/2023,Bus,"1,440,111"
10/19/2023,BT,"990,784"
10/20/2023,MNR,"192,383"
10/20/2023,Subway,"3,616,336"
10/20/2023,SIR,"6,272"
10/20/2023,LIRR,"222,385"
10/20/2023,Bus,"1,232,782"
10/20/2023,BT,"965,899"
10/20/2023,AAR,"29,766"
10/21/2023,MNR,"101,963"
10/21/2023,Subway,"2,438,387"
10/21/2023,SIR,"2,464"
10/21/2023,Bus,"793,917"
10/21/2023,BT,"910,190"
10/21/2023,AAR,"17,530"
10/21/2023,LIRR,"113,139"
10/22/2023,BT,"931,564"
10/22/2023,Subway,"1,983,271"
10/22/2023,SIR,"2,021"
10/22/2023,MNR,"93,659"
10/22/2023,LIRR,"98,471"
10/22/2023,Bus,"678,536"
10/22/2023,AAR,"18,954"
10/23/2023,BT,"929,345"
10/23/2023,Subway,"3,667,240"
10/23/2023,SIR,"7,615"
10/23/2023,MNR,"199,199"
10/23/2023,LIRR,"221,569"
10/23/2023,Bus,"1,375,311"
10/23/2023,AAR,"29,261"
10/24/2023,AAR,"31,757"
10/24/2023,Subway,"4,040,571"
10/24/2023,SIR,"8,176"
10/24/2023,MNR,"218,201"
10/24/2023,LIRR,"241,544"
10/24/2023,Bus,"1,431,006"
10/24/2023,BT,"937,091"
10/25/2023,MNR,"217,420"
10/25/2023,Subway,"4,120,011"
10/25/2023,SIR,"8,368"
10/25/2023,LIRR,"237,292"
10/25/2023,Bus,"1,443,766"
10/25/2023,BT,"951,107"
10/25/2023,AAR,"32,821"
10/26/2023,BT,"989,646"
10/26/2023,Subway,"4,142,420"
10/26/2023,SIR,"8,147"
10/26/2023,MNR,"215,171"
10/26/2023,LIRR,"242,021"
10/26/2023,Bus,"1,431,016"
10/26/2023,AAR,"32,549"
10/27/2023,BT,"1,031,620"
10/27/2023,Subway,"3,853,546"
10/27/2023,SIR,"6,705"
10/27/2023,MNR,"203,068"
10/27/2023,LIRR,"229,895"
10/27/2023,Bus,"1,348,576"
10/27/2023,AAR,"31,164"
10/28/2023,BT,"1,023,178"
10/28/2023,Subway,"2,743,759"
10/28/2023,SIR,"2,995"
10/28/2023,MNR,"139,276"
10/28/2023,LIRR,"124,172"
10/28/2023,Bus,"874,941"
10/28/2023,AAR,"20,126"
10/29/2023,AAR,"18,145"
10/29/2023,Subway,"1,834,459"
10/29/2023,SIR,"1,766"
10/29/2023,MNR,"80,705"
10/29/2023,LIRR,"86,843"
10/29/2023,Bus,"589,929"
10/29/2023,BT,"874,635"
10/30/2023,AAR,"29,075"
10/30/2023,Subway,"3,623,778"
10/30/2023,SIR,"7,287"
10/30/2023,MNR,"197,550"
10/30/2023,LIRR,"225,140"
10/30/2023,Bus,"1,314,380"
10/30/2023,BT,"897,401"
10/31/2023,BT,"877,390"
10/31/2023,Subway,"4,016,482"
10/31/2023,SIR,"7,789"
10/31/2023,MNR,"203,951"
10/31/2023,LIRR,"224,816"
10/31/2023,Bus,"1,334,020"
10/31/2023,AAR,"30,712"
11/1/2023,BT,"931,361"
11/1/2023,Subway,"4,043,524"
11/1/2023,SIR,"8,010"
11/1/2023,MNR,"208,249"
11/1/2023,LIRR,"226,067"
11/1/2023,Bus,"1,369,637"
11/1/2023,AAR,"32,374"
11/2/2023,BT,"957,528"
11/2/2023,Subway,"4,082,807"
11/2/2023,SIR,"7,997"
11/2/2023,MNR,"206,350"
11/2/2023,LIRR,"231,370"
11/2/2023,Bus,"1,380,510"
11/2/2023,AAR,"32,242"
11/3/2023,AAR,"31,816"
11/3/2023,Subway,"3,808,235"
11/3/2023,SIR,"6,755"
11/3/2023,MNR,"193,580"
11/3/2023,LIRR,"218,703"
11/3/2023,Bus,"1,307,247"
11/3/2023,BT,"984,731"
11/4/2023,AAR,"19,920"
11/4/2023,Subway,"2,588,115"
11/4/2023,SIR,"2,582"
11/4/2023,MNR,"123,922"
11/4/2023,LIRR,"122,433"
11/4/2023,Bus,"832,986"
11/4/2023,BT,"948,635"
11/5/2023,BT,"794,306"
11/5/2023,Subway,"2,310,457"
11/5/2023,SIR,"3,407"
11/5/2023,MNR,"109,891"
11/5/2023,LIRR,"109,258"
11/5/2023,Bus,"614,666"
11/5/2023,AAR,"16,889"
11/6/2023,BT,"927,692"
11/6/2023,Subway,"3,686,141"
11/6/2023,SIR,"7,474"
11/6/2023,MNR,"198,934"
11/6/2023,LIRR,"225,898"
11/6/2023,Bus,"1,349,481"
11/6/2023,AAR,"30,167"
11/7/2023,AAR,"30,843"
11/7/2023,Subway,"3,655,078"
11/7/2023,SIR,"6,785"
11/7/2023,MNR,"215,344"
11/7/2023,LIRR,"238,656"
11/7/2023,Bus,"1,270,763"
11/7/2023,BT,"895,625"
11/8/2023,AAR,"33,515"
11/8/2023,Subway,"4,066,029"
11/8/2023,SIR,"8,306"
11/8/2023,MNR,"213,738"
11/8/2023,LIRR,"238,727"
11/8/2023,Bus,"1,401,268"
11/8/2023,BT,"941,982"
11/9/2023,Bus,"1,376,822"
11/9/2023,Subway,"4,020,939"
11/9/2023,SIR,"7,929"
11/9/2023,AAR,"32,982"
11/9/2023,MNR,"210,130"
11/9/2023,LIRR,"235,844"
11/9/2023,BT,"984,726"
11/10/2023,BT,"979,328"
11/10/2023,Subway,"3,611,367"
11/10/2023,SIR,"5,596"
11/10/2023,MNR,"200,669"
11/10/2023,LIRR,"224,512"
11/10/2023,Bus,"1,250,528"
11/10/2023,AAR,"25,506"
11/11/2023,BT,"942,845"
11/11/2023,Subway,"2,588,540"
11/11/2023,SIR,"2,712"
11/11/2023,MNR,"118,398"
11/11/2023,LIRR,"122,170"
11/11/2023,Bus,"817,146"
11/11/2023,AAR,"18,654"
11/12/2023,AAR,"19,187"
11/12/2023,Subway,"1,947,270"
11/12/2023,SIR,"1,958"
11/12/2023,MNR,"91,623"
11/12/2023,LIRR,"99,171"
11/12/2023,Bus,"642,431"
11/12/2023,BT,"894,864"
11/13/2023,AAR,"30,479"
11/13/2023,Subway,"3,597,029"
11/13/2023,SIR,"7,353"
11/13/2023,MNR,"194,691"
11/13/2023,LIRR,"225,204"
11/13/2023,Bus,"1,320,693"
11/13/2023,BT,"911,380"
11/14/2023,BT,"926,140"
11/14/2023,Subway,"3,991,767"
11/14/2023,SIR,"8,271"
11/14/2023,MNR,"214,218"
11/14/2023,LIRR,"235,487"
11/14/2023,Bus,"1,382,768"
11/14/2023,AAR,"33,027"
11/15/2023,BT,"946,469"
11/15/2023,Subway,"4,036,442"
11/15/2023,SIR,"8,322"
11/15/2023,MNR,"214,486"
11/15/2023,LIRR,"235,718"
11/15/2023,Bus,"1,389,217"
11/15/2023,AAR,"34,166"
11/16/2023,AAR,"34,102"
11/16/2023,Subway,"4,048,862"
11/16/2023,SIR,"8,010"
11/16/2023,MNR,"207,671"
11/16/2023,LIRR,"235,070"
11/16/2023,Bus,"1,391,273"
11/16/2023,BT,"982,627"
11/17/2023,MNR,"201,231"
11/17/2023,Subway,"3,741,391"
11/17/2023,SIR,"6,792"
11/17/2023,LIRR,"227,909"
11/17/2023,Bus,"1,303,240"
11/17/2023,BT,"1,004,113"
11/17/2023,AAR,"31,496"
11/18/2023,BT,"949,904"
11/18/2023,Subway,"2,477,547"
11/18/2023,SIR,"2,630"
11/18/2023,MNR,"120,273"
11/18/2023,LIRR,"124,053"
11/18/2023,Bus,"831,053"
11/18/2023,AAR,"19,452"
11/19/2023,BT,"870,740"
11/19/2023,Subway,"1,943,926"
11/19/2023,SIR,"2,058"
11/19/2023,MNR,"100,924"
11/19/2023,LIRR,"100,792"
11/19/2023,Bus,"657,965"
11/19/2023,AAR,"19,835"
11/20/2023,BT,"929,887"
11/20/2023,Subway,"3,647,283"
11/20/2023,SIR,"7,426"
11/20/2023,MNR,"203,599"
11/20/2023,LIRR,"228,502"
11/20/2023,Bus,"1,300,978"
11/20/2023,AAR,"30,889"
11/21/2023,AAR,"32,139"
11/21/2023,Subway,"3,774,952"
11/21/2023,SIR,"7,467"
11/21/2023,MNR,"213,162"
11/21/2023,LIRR,"236,079"
11/21/2023,Bus,"1,254,277"
11/21/2023,BT,"982,079"
11/22/2023,AAR,"28,409"
11/22/2023,Subway,"3,378,351"
11/22/2023,SIR,"6,524"
11/22/2023,MNR,"220,030"
11/22/2023,LIRR,"254,968"
11/22/2023,Bus,"1,160,847"
11/22/2023,BT,"989,611"
11/23/2023,BT,"901,251"
11/23/2023,Subway,"1,628,385"
11/23/2023,SIR,"2,257"
11/23/2023,MNR,"107,690"
11/23/2023,LIRR,"116,969"
11/23/2023,Bus,"471,662"
11/23/2023,AAR,"21,741"
11/24/2023,BT,"822,045"
11/24/2023,Subway,"2,457,591"
11/24/2023,SIR,"3,718"
11/24/2023,MNR,"197,178"
11/24/2023,LIRR,"215,833"
11/24/2023,Bus,"807,221"
11/24/2023,AAR,"15,381"
11/25/2023,AAR,"14,245"
11/25/2023,Subway,"2,123,590"
11/25/2023,SIR,"2,454"
11/25/2023,MNR,"117,682"
11/25/2023,LIRR,"124,716"
11/25/2023,Bus,"696,466"
11/25/2023,BT,"869,749"
11/26/2023,MNR,"95,729"
11/26/2023,Subway,"1,686,490"
11/26/2023,SIR,"1,834"
11/26/2023,LIRR,"101,486"
11/26/2023,Bus,"566,395"
11/26/2023,BT,"867,663"
11/26/2023,AAR,"16,900"
11/27/2023,Bus,"1,253,990"
11/27/2023,Subway,"3,523,494"
11/27/2023,SIR,"7,294"
11/27/2023,AAR,"29,418"
11/27/2023,MNR,"200,017"
11/27/2023,LIRR,"228,127"
11/27/2023,BT,"925,515"
11/28/2023,BT,"918,691"
11/28/2023,Subway,"3,916,476"
11/28/2023,SIR,"7,835"
11/28/2023,MNR,"216,450"
11/28/2023,LIRR,"234,794"
11/28/2023,Bus,"1,279,327"
11/28/2023,AAR,"31,716"
11/29/2023,BT,"919,642"
11/29/2023,Subway,"4,032,882"
11/29/2023,SIR,"7,851"
11/29/2023,MNR,"212,929"
11/29/2023,LIRR,"234,738"
11/29/2023,Bus,"1,268,990"
11/29/2023,AAR,"32,809"
11/30/2023,AAR,"32,650"
11/30/2023,Subway,"4,072,271"
11/30/2023,SIR,"7,737"
11/30/2023,MNR,"210,592"
11/30/2023,LIRR,"236,142"
11/30/2023,Bus,"1,340,370"
11/30/2023,BT,"950,509"
12/1/2023,MNR,"164,628"
12/1/2023,Subway,"3,723,171"
12/1/2023,SIR,"6,432"
12/1/2023,LIRR,"185,151"
12/1/2023,Bus,"1,226,677"
12/1/2023,BT,"951,594"
12/1/2023,AAR,"31,284"
12/2/2023,BT,"906,791"
12/2/2023,Subway,"2,748,170"
12/2/2023,SIR,"2,618"
12/2/2023,MNR,"125,483"
12/2/2023,LIRR,"126,374"
12/2/2023,Bus,"826,725"
12/2/2023,AAR,"19,675"
12/3/2023,BT,"780,908"
12/3/2023,Subway,"1,827,959"
12/3/2023,SIR,"1,633"
12/3/2023,MNR,"76,999"
12/3/2023,LIRR,"87,340"
12/3/2023,Bus,"553,618"
12/3/2023,AAR,"18,450"
12/4/2023,BT,"904,209"
12/4/2023,Subway,"3,709,458"
12/4/2023,SIR,"7,559"
12/4/2023,MNR,"201,080"
12/4/2023,LIRR,"223,257"
12/4/2023,Bus,"1,312,507"
12/4/2023,AAR,"30,841"
12/5/2023,AAR,"33,235"
12/5/2023,Subway,"3,991,835"
12/5/2023,SIR,"7,964"
12/5/2023,MNR,"224,065"
12/5/2023,LIRR,"243,329"
12/5/2023,Bus,"1,346,216"
12/5/2023,BT,"918,842"
12/6/2023,AAR,"33,502"
12/6/2023,Subway,"4,116,059"
12/6/2023,SIR,"7,951"
12/6/2023,MNR,"211,076"
12/6/2023,LIRR,"230,920"
12/6/2023,Bus,"1,350,594"
12/6/2023,BT,"941,055"
12/7/2023,BT,"965,045"
12/7/2023,Subway,"4,088,438"
12/7/2023,SIR,"7,424"
12/7/2023,MNR,"204,586"
12/7/2023,LIRR,"231,114"
12/7/2023,Bus,"1,314,833"
12/7/2023,AAR,"32,511"
12/8/2023,BT,"976,366"
12/8/2023,Subway,"3,863,961"
12/8/2023,SIR,"6,435"
12/8/2023,MNR,"198,539"
12/8/2023,LIRR,"225,208"
12/8/2023,Bus,"1,261,796"
12/8/2023,AAR,"31,875"
12/9/2023,BT,"947,836"
12/9/2023,Subway,"2,922,085"
12/9/2023,SIR,"3,181"
12/9/2023,MNR,"147,745"
12/9/2023,LIRR,"156,237"
12/9/2023,Bus,"828,894"
12/9/2023,AAR,"20,580"
12/10/2023,AAR,"17,542"
12/10/2023,Subway,"1,838,048"
12/10/2023,SIR,"1,648"
12/10/2023,MNR,"82,225"
12/10/2023,LIRR,"90,884"
12/10/2023,Bus,"539,117"
12/10/2023,BT,"782,143"
12/11/2023,AAR,"29,271"
12/11/2023,Subway,"3,642,743"
12/11/2023,SIR,"6,949"
12/11/2023,MNR,"191,110"
12/11/2023,LIRR,"219,022"
12/11/2023,Bus,"1,213,923"
12/11/2023,BT,"898,311"
12/12/2023,BT,"940,173"
12/12/2023,Subway,"4,051,574"
12/12/2023,SIR,"7,655"
12/12/2023,MNR,"219,393"
12/12/2023,LIRR,"236,348"
12/12/2023,Bus,"1,309,303"
12/12/2023,AAR,"33,458"
12/13/2023,BT,"964,293"
12/13/2023,Subway,"4,067,457"
12/13/2023,SIR,"7,859"
12/13/2023,MNR,"215,546"
12/13/2023,LIRR,"238,451"
12/13/2023,Bus,"1,314,167"
12/13/2023,AAR,"34,323"
12/14/2023,AAR,"33,406"
12/14/2023,Subway,"4,122,091"
12/14/2023,SIR,"7,414"
12/14/2023,MNR,"213,415"
12/14/2023,LIRR,"236,516"
12/14/2023,Bus,"1,296,909"
12/14/2023,BT,"993,921"
12/15/2023,AAR,"32,517"
12/15/2023,Subway,"3,845,234"
12/15/2023,SIR,"6,540"
12/15/2023,MNR,"208,572"
12/15/2023,LIRR,"235,800"
12/15/2023,Bus,"1,246,465"
12/15/2023,BT,"1,016,256"
12/16/2023,Bus,"814,457"
12/16/2023,Subway,"2,866,544"
12/16/2023,SIR,"3,085"
12/16/2023,AAR,"20,483"
12/16/2023,MNR,"149,013"
12/16/2023,LIRR,"149,340"
12/16/2023,BT,"976,161"
12/17/2023,BT,"812,194"
12/17/2023,Subway,"1,954,707"
12/17/2023,SIR,"1,787"
12/17/2023,MNR,"88,502"
12/17/2023,LIRR,"96,415"
12/17/2023,Bus,"569,005"
12/17/2023,AAR,"18,445"
12/18/2023,BT,"813,192"
12/18/2023,Subway,"3,314,782"
12/18/2023,SIR,"5,381"
12/18/2023,MNR,"174,850"
12/18/2023,LIRR,"201,289"
12/18/2023,Bus,"1,082,334"
12/18/2023,AAR,"28,309"
12/19/2023,AAR,"32,542"
12/19/2023,Subway,"3,912,934"
12/19/2023,SIR,"7,555"
12/19/2023,MNR,"213,625"
12/19/2023,LIRR,"244,031"
12/19/2023,Bus,"1,275,002"
12/19/2023,BT,"951,055"
12/20/2023,AAR,"33,205"
12/20/2023,Subway,"3,838,407"
12/20/2023,SIR,"7,363"
12/20/2023,MNR,"206,420"
12/20/2023,LIRR,"236,060"
12/20/2023,Bus,"1,245,547"
12/20/2023,BT,"968,890"
12/21/2023,BT,"981,368"
12/21/2023,Subway,"3,675,448"
12/21/2023,SIR,"6,860"
12/21/2023,MNR,"199,411"
12/21/2023,LIRR,"229,252"
12/21/2023,Bus,"1,200,899"
12/21/2023,AAR,"31,713"
12/22/2023,BT,"984,185"
12/22/2023,Subway,"3,372,318"
12/22/2023,SIR,"5,878"
12/22/2023,MNR,"206,169"
12/22/2023,LIRR,"231,036"
12/22/2023,Bus,"1,110,555"
12/22/2023,AAR,"29,324"
12/23/2023,AAR,"17,627"
12/23/2023,Subway,"2,244,175"
12/23/2023,SIR,"2,700"
12/23/2023,MNR,"130,053"
12/23/2023,LIRR,"139,904"
12/23/2023,Bus,"708,808"
12/23/2023,BT,"880,249"
12/24/2023,MNR,"77,874"
12/24/2023,Subway,"1,657,096"
12/24/2023,SIR,"1,912"
12/24/2023,LIRR,"92,540"
12/24/2023,Bus,"549,448"
12/24/2023,BT,"795,756"
12/24/2023,AAR,"20,241"
12/25/2023,BT,"750,568"
12/25/2023,Subway,"1,273,729"
12/25/2023,SIR,"1,668"
12/25/2023,MNR,"65,350"
12/25/2023,LIRR,"80,587"
12/25/2023,Bus,"381,879"
12/25/2023,AAR,"14,750"
12/26/2023,BT,"870,326"
12/26/2023,Subway,"2,668,642"
12/26/2023,SIR,"5,158"
12/26/2023,MNR,"192,910"
12/26/2023,LIRR,"219,149"
12/26/2023,Bus,"906,670"
12/26/2023,AAR,"20,706"
12/27/2023,BT,"884,586"
12/27/2023,Subway,"2,912,007"
12/27/2023,SIR,"5,373"
12/27/2023,MNR,"186,541"
12/27/2023,LIRR,"220,010"
12/27/2023,Bus,"955,890"
12/27/2023,AAR,"25,945"
12/28/2023,AAR,"26,462"
12/28/2023,Subway,"3,064,841"
12/28/2023,SIR,"5,395"
12/28/2023,MNR,"193,235"
12/28/2023,LIRR,"218,546"
12/28/2023,Bus,"969,231"
12/28/2023,BT,"891,277"
12/29/2023,AAR,"26,892"
12/29/2023,Subway,"3,198,885"
12/29/2023,SIR,"5,784"
12/29/2023,MNR,"210,361"
12/29/2023,LIRR,"237,781"
12/29/2023,Bus,"1,007,697"
12/29/2023,BT,"912,592"
12/30/2023,BT,"836,447"
12/30/2023,Subway,"2,440,211"
12/30/2023,SIR,"2,780"
12/30/2023,MNR,"121,647"
12/30/2023,LIRR,"121,688"
12/30/2023,Bus,"720,564"
12/30/2023,AAR,"16,983"
12/31/2023,BT,"674,200"
12/31/2023,Subway,"1,934,651"
12/31/2023,SIR,"2,029"
12/31/2023,MNR,"89,554"
12/31/2023,LIRR,"99,817"
12/31/2023,Bus,"548,344"
12/31/2023,AAR,"20,005"
1/1/2024,AAR,"9,165"
1/1/2024,Subway,"1,648,734"
1/1/2024,SIR,"2,018"
1/1/2024,MNR,"73,957"
1/1/2024,LIRR,"82,811"
1/1/2024,Bus,"455,965"
1/1/2024,BT,"733,254"
1/2/2024,MNR,"184,978"
1/2/2024,Subway,"3,290,639"
1/2/2024,SIR,"7,107"
1/2/2024,LIRR,"209,680"
1/2/2024,Bus,"1,091,104"
1/2/2024,BT,"833,562"
1/2/2024,AAR,"25,961"
1/3/2024,LIRR,"217,373"
1/3/2024,Subway,"3,555,082"
1/3/2024,SIR,"7,565"
1/3/2024,BT,"860,670"
1/3/2024,AAR,"31,304"
1/3/2024,MNR,"194,441"
1/3/2024,Bus,"1,212,761"
1/4/2024,BT,"871,863"
1/4/2024,Subway,"3,560,703"
1/4/2024,SIR,"7,450"
1/4/2024,MNR,"190,588"
1/4/2024,LIRR,"212,217"
1/4/2024,Bus,"1,242,971"
1/4/2024,AAR,"31,233"
1/5/2024,BT,"891,156"
1/5/2024,Subway,"3,263,064"
1/5/2024,SIR,"5,963"
1/5/2024,MNR,"173,362"
1/5/2024,LIRR,"199,441"
1/5/2024,Bus,"1,185,046"
1/5/2024,AAR,"30,480"
1/6/2024,AAR,"15,850"
1/6/2024,Subway,"1,942,458"
1/6/2024,SIR,"2,070"
1/6/2024,MNR,"82,890"
1/6/2024,LIRR,"92,741"
1/6/2024,Bus,"684,686"
1/6/2024,BT,"724,404"
1/7/2024,MNR,"57,280"
1/7/2024,Subway,"1,472,438"
1/7/2024,SIR,"1,533"
1/7/2024,LIRR,"72,971"
1/7/2024,Bus,"502,518"
1/7/2024,BT,"568,828"
1/7/2024,AAR,"13,723"
1/8/2024,BT,"848,891"
1/8/2024,Subway,"3,303,727"
1/8/2024,SIR,"7,001"
1/8/2024,MNR,"184,150"
1/8/2024,LIRR,"208,960"
1/8/2024,Bus,"1,226,783"
1/8/2024,AAR,"28,890"
1/9/2024,BT,"784,130"
1/9/2024,Subway,"3,353,192"
1/9/2024,SIR,"6,944"
1/9/2024,MNR,"188,888"
1/9/2024,LIRR,"213,699"
1/9/2024,Bus,"1,135,694"
1/9/2024,AAR,"30,430"
1/10/2024,BT,"848,541"
1/10/2024,Subway,"3,557,166"
1/10/2024,SIR,"7,216"
1/10/2024,MNR,"191,221"
1/10/2024,LIRR,"217,461"
1/10/2024,Bus,"1,248,493"
1/10/2024,AAR,"31,338"
1/11/2024,AAR,"32,790"
1/11/2024,Subway,"3,688,916"
1/11/2024,SIR,"7,337"
1/11/2024,MNR,"199,799"
1/11/2024,LIRR,"229,117"
1/11/2024,Bus,"1,293,940"
1/11/2024,BT,"925,357"
1/12/2024,AAR,"31,096"
1/12/2024,Subway,"3,365,791"
1/12/2024,SIR,"6,286"
1/12/2024,MNR,"182,896"
1/12/2024,LIRR,"207,670"
1/12/2024,Bus,"1,228,696"
1/12/2024,BT,"934,166"
1/13/2024,BT,"822,986"
1/13/2024,Subway,"2,167,383"
1/13/2024,SIR,"2,210"
1/13/2024,MNR,"97,439"
1/13/2024,LIRR,"101,558"
1/13/2024,Bus,"755,670"
1/13/2024,AAR,"17,168"
1/14/2024,BT,"752,646"
1/14/2024,Subway,"1,743,556"
1/14/2024,SIR,"1,745"
1/14/2024,MNR,"78,197"
1/14/2024,LIRR,"85,521"
1/14/2024,Bus,"588,809"
1/14/2024,AAR,"18,588"
1/15/2024,BT,"820,151"
1/15/2024,Subway,"2,169,917"
1/15/2024,SIR,"3,017"
1/15/2024,MNR,"80,498"
1/15/2024,LIRR,"91,887"
1/15/2024,Bus,"783,032"
1/15/2024,AAR,"16,502"
1/16/2024,AAR,"29,826"
1/16/2024,Subway,"3,235,935"
1/16/2024,SIR,"5,414"
1/16/2024,MNR,"178,389"
1/16/2024,LIRR,"205,716"
1/16/2024,Bus,"1,078,860"
1/16/2024,BT,"716,475"
1/17/2024,AAR,"32,054"
1/17/2024,Subway,"3,616,923"
1/17/2024,SIR,"6,891"
1/17/2024,MNR,"199,986"
1/17/2024,LIRR,"217,173"
1/17/2024,Bus,"1,193,111"
1/17/2024,BT,"867,429"
1/18/2024,BT,"900,897"
1/18/2024,Subway,"3,655,850"
1/18/2024,SIR,"7,014"
1/18/2024,MNR,"197,257"
1/18/2024,LIRR,"217,911"
1/18/2024,Bus,"1,235,693"
1/18/2024,AAR,"32,318"
1/19/2024,BT,"797,009"
1/19/2024,Subway,"3,176,408"
1/19/2024,SIR,"5,330"
1/19/2024,MNR,"171,490"
1/19/2024,LIRR,"191,999"
1/19/2024,Bus,"1,109,408"
1/19/2024,AAR,"27,175"
1/20/2024,AAR,"15,487"
1/20/2024,Subway,"2,024,041"
1/20/2024,SIR,"1,926"
1/20/2024,MNR,"82,817"
1/20/2024,LIRR,"96,128"
1/20/2024,Bus,"677,335"
1/20/2024,BT,"761,763"
1/21/2024,AAR,"17,147"
1/21/2024,Subway,"1,576,126"
1/21/2024,SIR,"1,482"
1/21/2024,MNR,"66,955"
1/21/2024,LIRR,"78,041"
1/21/2024,Bus,"548,497"
1/21/2024,BT,"721,445"
1/22/2024,Bus,"1,210,644"
1/22/2024,Subway,"3,305,387"
1/22/2024,SIR,"6,558"
1/22/2024,AAR,"30,092"
1/22/2024,MNR,"185,181"
1/22/2024,LIRR,"209,302"
1/22/2024,BT,"845,081"
1/23/2024,BT,"868,625"
1/23/2024,Subway,"3,652,488"
1/23/2024,SIR,"7,194"
1/23/2024,MNR,"205,300"
1/23/2024,LIRR,"233,311"
1/23/2024,Bus,"1,264,199"
1/23/2024,AAR,"33,111"
1/24/2024,BT,"870,903"
1/24/2024,Subway,"3,666,907"
1/24/2024,SIR,"7,027"
1/24/2024,MNR,"201,969"
1/24/2024,LIRR,"223,928"
1/24/2024,Bus,"1,247,798"
1/24/2024,AAR,"33,082"
1/25/2024,AAR,"32,517"
1/25/2024,Subway,"3,681,867"
1/25/2024,SIR,"6,845"
1/25/2024,MNR,"199,560"
1/25/2024,LIRR,"223,766"
1/25/2024,Bus,"1,256,481"
1/25/2024,BT,"894,518"
1/26/2024,AAR,"31,329"
1/26/2024,Subway,"3,380,816"
1/26/2024,SIR,"5,681"
1/26/2024,MNR,"184,511"
1/26/2024,LIRR,"213,749"
1/26/2024,Bus,"1,193,175"
1/26/2024,BT,"917,534"
1/27/2024,BT,"856,146"
1/27/2024,Subway,"2,283,244"
1/27/2024,SIR,"2,409"
1/27/2024,MNR,"102,600"
1/27/2024,LIRR,"117,555"
1/27/2024,Bus,"801,262"
1/27/2024,AAR,"19,099"
1/28/2024,BT,"715,214"
1/28/2024,Subway,"1,549,077"
1/28/2024,SIR,"1,455"
1/28/2024,MNR,"66,794"
1/28/2024,LIRR,"75,177"
1/28/2024,Bus,"535,857"
1/28/2024,AAR,"17,473"
1/29/2024,AAR,"29,367"
1/29/2024,Subway,"3,297,571"
1/29/2024,SIR,"6,755"
1/29/2024,MNR,"187,702"
1/29/2024,LIRR,"214,890"
1/29/2024,Bus,"1,211,703"
1/29/2024,BT,"842,719"
1/30/2024,MNR,"207,896"
1/30/2024,Subway,"3,717,520"
1/30/2024,SIR,"7,744"
1/30/2024,LIRR,"230,931"
1/30/2024,Bus,"1,284,597"
1/30/2024,BT,"872,485"
1/30/2024,AAR,"32,782"
1/31/2024,BT,"886,952"
1/31/2024,Subway,"3,808,584"
1/31/2024,SIR,"7,651"
1/31/2024,MNR,"204,353"
1/31/2024,LIRR,"228,148"
1/31/2024,Bus,"1,325,692"
1/31/2024,AAR,"33,417"
2/1/2024,BT,"916,087"
2/1/2024,Subway,"3,814,682"
2/1/2024,SIR,"7,465"
2/1/2024,MNR,"189,621"
2/1/2024,LIRR,"214,275"
2/1/2024,Bus,"1,337,508"
2/1/2024,AAR,"33,540"
2/2/2024,BT,"921,659"
2/2/2024,Subway,"3,457,807"
2/2/2024,SIR,"6,207"
2/2/2024,MNR,"174,044"
2/2/2024,LIRR,"200,395"
2/2/2024,Bus,"1,239,617"
2/2/2024,AAR,"32,175"
2/3/2024,AAR,"20,070"
2/3/2024,Subway,"2,324,038"
2/3/2024,SIR,"2,357"
2/3/2024,MNR,"102,310"
2/3/2024,LIRR,"113,576"
2/3/2024,Bus,"808,103"
2/3/2024,BT,"849,004"
2/4/2024,AAR,"20,480"
2/4/2024,Subway,"1,742,107"
2/4/2024,SIR,"1,746"
2/4/2024,MNR,"77,083"
2/4/2024,LIRR,"86,327"
2/4/2024,Bus,"626,299"
2/4/2024,BT,"793,254"
2/5/2024,BT,"859,195"
2/5/2024,Subway,"3,481,777"
2/5/2024,SIR,"7,053"
2/5/2024,MNR,"190,181"
2/5/2024,LIRR,"218,879"
2/5/2024,Bus,"1,297,578"
2/5/2024,AAR,"31,372"
2/6/2024,BT,"884,477"
2/6/2024,Subway,"3,857,533"
2/6/2024,SIR,"7,709"
2/6/2024,MNR,"208,252"
2/6/2024,LIRR,"233,524"
2/6/2024,Bus,"1,346,868"
2/6/2024,AAR,"33,618"
2/7/2024,AAR,"34,799"
2/7/2024,Subway,"3,900,992"
2/7/2024,SIR,"7,655"
2/7/2024,MNR,"202,871"
2/7/2024,LIRR,"229,426"
2/7/2024,Bus,"1,341,486"
2/7/2024,BT,"900,800"
2/8/2024,MNR,"198,010"
2/8/2024,Subway,"3,903,673"
2/8/2024,SIR,"7,442"
2/8/2024,LIRR,"232,069"
2/8/2024,Bus,"1,350,925"
2/8/2024,BT,"941,702"
2/8/2024,AAR,"34,386"
2/9/2024,Bus,"1,268,268"
2/9/2024,Subway,"3,547,321"
2/9/2024,SIR,"6,121"
2/9/2024,AAR,"32,233"
2/9/2024,MNR,"185,475"
2/9/2024,LIRR,"218,909"
2/9/2024,BT,"957,789"
2/10/2024,BT,"880,000"
2/10/2024,Subway,"2,385,448"
2/10/2024,SIR,"2,596"
2/10/2024,MNR,"99,942"
2/10/2024,LIRR,"118,074"
2/10/2024,Bus,"795,892"
2/10/2024,AAR,"20,462"
2/11/2024,BT,"762,790"
2/11/2024,Subway,"1,774,698"
2/11/2024,SIR,"1,769"
2/11/2024,MNR,"73,614"
2/11/2024,LIRR,"83,832"
2/11/2024,Bus,"628,400"
2/11/2024,AAR,"20,610"
2/12/2024,AAR,"30,323"
2/12/2024,Subway,"3,374,596"
2/12/2024,SIR,"6,132"
2/12/2024,MNR,"185,118"
2/12/2024,LIRR,"212,628"
2/12/2024,Bus,"1,254,403"
2/12/2024,BT,"892,930"
2/13/2024,MNR,"134,355"
2/13/2024,Subway,"2,273,584"
2/13/2024,SIR,"3,641"
2/13/2024,LIRR,"166,803"
2/13/2024,Bus,"724,893"
2/13/2024,BT,"482,279"
2/13/2024,AAR,"23,271"
2/14/2024,BT,"913,181"
2/14/2024,Subway,"3,963,628"
2/14/2024,SIR,"7,645"
2/14/2024,MNR,"201,686"
2/14/2024,LIRR,"230,505"
2/14/2024,Bus,"1,282,121"
2/14/2024,AAR,"32,796"
2/15/2024,BT,"952,529"
2/15/2024,Subway,"3,874,860"
2/15/2024,SIR,"7,500"
2/15/2024,MNR,"202,704"
2/15/2024,LIRR,"228,885"
2/15/2024,Bus,"1,305,830"
2/15/2024,AAR,"33,402"
2/16/2024,BT,"966,657"
2/16/2024,Subway,"3,504,536"
2/16/2024,SIR,"6,269"
2/16/2024,MNR,"186,547"
2/16/2024,LIRR,"210,552"
2/16/2024,Bus,"1,225,865"
2/16/2024,AAR,"32,442"
2/17/2024,AAR,"17,545"
2/17/2024,Subway,"2,178,047"
2/17/2024,SIR,"2,038"
2/17/2024,MNR,"92,423"
2/17/2024,LIRR,"95,271"
2/17/2024,Bus,"680,638"
2/17/2024,BT,"772,481"
2/18/2024,AAR,"18,975"
2/18/2024,Subway,"1,850,840"
2/18/2024,SIR,"1,720"
2/18/2024,MNR,"81,659"
2/18/2024,LIRR,"89,877"
2/18/2024,Bus,"604,537"
2/18/2024,BT,"797,397"
2/19/2024,BT,"817,600"
2/19/2024,Subway,"2,244,741"
2/19/2024,SIR,"3,007"
2/19/2024,MNR,"85,973"
2/19/2024,LIRR,"96,569"
2/19/2024,Bus,"842,548"
2/19/2024,AAR,"17,585"
2/20/2024,BT,"899,285"
2/20/2024,Subway,"3,490,990"
2/20/2024,SIR,"7,023"
2/20/2024,MNR,"207,099"
2/20/2024,LIRR,"233,827"
2/20/2024,Bus,"1,201,850"
2/20/2024,AAR,"32,208"
2/21/2024,BT,"896,387"
2/21/2024,Subway,"3,591,484"
2/21/2024,SIR,"7,112"
2/21/2024,MNR,"201,074"
2/21/2024,LIRR,"230,058"
2/21/2024,Bus,"1,222,440"
2/21/2024,AAR,"33,590"
2/22/2024,AAR,"32,702"
2/22/2024,Subway,"3,588,173"
2/22/2024,SIR,"6,674"
2/22/2024,MNR,"195,315"
2/22/2024,LIRR,"225,465"
2/22/2024,Bus,"1,212,903"
2/22/2024,BT,"928,655"
2/23/2024,AAR,"30,262"
2/23/2024,Subway,"3,219,121"
2/23/2024,SIR,"5,479"
2/23/2024,MNR,"182,348"
2/23/2024,LIRR,"208,527"
2/23/2024,Bus,"1,126,271"
2/23/2024,BT,"920,820"
2/24/2024,BT,"869,440"
2/24/2024,Subway,"2,308,808"
2/24/2024,SIR,"2,407"
2/24/2024,MNR,"98,942"
2/24/2024,LIRR,"114,816"
2/24/2024,Bus,"788,962"
2/24/2024,AAR,"19,456"
2/25/2024,BT,"825,580"
2/25/2024,Subway,"1,740,477"
2/25/2024,SIR,"1,800"
2/25/2024,MNR,"78,248"
2/25/2024,LIRR,"88,104"
2/25/2024,Bus,"608,010"
2/25/2024,AAR,"19,822"
2/26/2024,AAR,"30,867"
2/26/2024,Subway,"3,439,079"
2/26/2024,SIR,"6,969"
2/26/2024,MNR,"187,542"
2/26/2024,LIRR,"217,914"
2/26/2024,Bus,"1,275,320"
2/26/2024,BT,"877,847"
2/27/2024,AAR,"33,571"
2/27/2024,Subway,"3,802,458"
2/27/2024,SIR,"7,659"
2/27/2024,MNR,"208,042"
2/27/2024,LIRR,"233,207"
2/27/2024,Bus,"1,332,209"
2/27/2024,BT,"897,691"
2/28/2024,Bus,"1,290,829"
2/28/2024,Subway,"3,784,177"
2/28/2024,SIR,"7,428"
2/28/2024,AAR,"33,664"
2/28/2024,MNR,"199,671"
2/28/2024,LIRR,"228,110"
2/28/2024,BT,"893,814"
2/29/2024,BT,"962,146"
2/29/2024,Subway,"3,905,888"
2/29/2024,SIR,"7,295"
2/29/2024,MNR,"204,828"
2/29/2024,LIRR,"232,010"
2/29/2024,Bus,"1,334,777"
2/29/2024,AAR,"33,637"
3/1/2024,BT,"973,371"
3/1/2024,Subway,"3,573,658"
3/1/2024,SIR,"6,220"
3/1/2024,MNR,"157,348"
3/1/2024,LIRR,"181,633"
3/1/2024,Bus,"1,276,428"
3/1/2024,AAR,"33,416"
3/2/2024,AAR,"19,380"
3/2/2024,Subway,"2,094,029"
3/2/2024,SIR,"2,084"
3/2/2024,MNR,"85,586"
3/2/2024,LIRR,"98,266"
3/2/2024,Bus,"689,029"
3/2/2024,BT,"826,820"
3/3/2024,AAR,"21,351"
3/3/2024,Subway,"1,961,510"
3/3/2024,SIR,"1,981"
3/3/2024,MNR,"85,095"
3/3/2024,LIRR,"93,906"
3/3/2024,Bus,"686,787"
3/3/2024,BT,"860,095"
3/4/2024,BT,"891,094"
3/4/2024,Subway,"3,539,671"
3/4/2024,SIR,"7,229"
3/4/2024,MNR,"188,845"
3/4/2024,LIRR,"219,565"
3/4/2024,Bus,"1,319,592"
3/4/2024,AAR,"32,231"
3/5/2024,BT,"872,846"
3/5/2024,Subway,"3,819,514"
3/5/2024,SIR,"7,344"
3/5/2024,MNR,"204,515"
3/5/2024,LIRR,"236,999"
3/5/2024,Bus,"1,263,377"
3/5/2024,AAR,"34,277"
3/6/2024,AAR,"35,207"
3/6/2024,Subway,"3,865,589"
3/6/2024,SIR,"7,555"
3/6/2024,MNR,"198,040"
3/6/2024,LIRR,"225,080"
3/6/2024,Bus,"1,273,337"
3/6/2024,BT,"894,426"
3/7/2024,MNR,"197,659"
3/7/2024,Subway,"3,893,731"
3/7/2024,SIR,"7,414"
3/7/2024,LIRR,"226,926"
3/7/2024,Bus,"1,334,827"
3/7/2024,BT,"946,074"
3/7/2024,AAR,"34,235"
3/8/2024,BT,"992,246"
3/8/2024,Subway,"3,685,219"
3/8/2024,SIR,"6,588"
3/8/2024,MNR,"192,899"
3/8/2024,LIRR,"226,372"
3/8/2024,Bus,"1,291,469"
3/8/2024,AAR,"34,613"
3/9/2024,BT,"860,563"
3/9/2024,Subway,"2,128,635"
3/9/2024,SIR,"2,174"
3/9/2024,MNR,"97,183"
3/9/2024,LIRR,"113,368"
3/9/2024,Bus,"747,405"
3/9/2024,AAR,"19,661"
3/10/2024,BT,"821,120"
3/10/2024,Subway,"1,803,578"
3/10/2024,SIR,"1,750"
3/10/2024,MNR,"77,768"
3/10/2024,LIRR,"90,567"
3/10/2024,Bus,"630,566"
3/10/2024,AAR,"20,080"
3/11/2024,AAR,"31,600"
3/11/2024,Subway,"3,497,588"
3/11/2024,SIR,"6,854"
3/11/2024,MNR,"188,108"
3/11/2024,LIRR,"218,755"
3/11/2024,Bus,"1,270,081"
3/11/2024,BT,"873,234"
3/12/2024,AAR,"34,978"
3/12/2024,Subway,"3,988,438"
3/12/2024,SIR,"7,820"
3/12/2024,MNR,"213,584"
3/12/2024,LIRR,"239,002"
3/12/2024,Bus,"1,370,319"
3/12/2024,BT,"915,856"
3/13/2024,BT,"942,026"
3/13/2024,Subway,"4,024,943"
3/13/2024,SIR,"8,100"
3/13/2024,MNR,"212,582"
3/13/2024,LIRR,"237,603"
3/13/2024,Bus,"1,377,062"
3/13/2024,AAR,"36,469"
3/14/2024,BT,"974,694"
3/14/2024,Subway,"4,049,186"
3/14/2024,SIR,"7,658"
3/14/2024,MNR,"211,962"
3/14/2024,LIRR,"240,124"
3/14/2024,Bus,"1,368,263"
3/14/2024,AAR,"36,111"
3/15/2024,AAR,"33,266"
3/15/2024,Subway,"3,643,013"
3/15/2024,SIR,"6,558"
3/15/2024,MNR,"199,285"
3/15/2024,LIRR,"227,481"
3/15/2024,Bus,"1,275,542"
3/15/2024,BT,"991,245"
3/16/2024,AAR,"20,796"
3/16/2024,Subway,"2,553,056"
3/16/2024,SIR,"3,108"
3/16/2024,MNR,"129,667"
3/16/2024,LIRR,"138,156"
3/16/2024,Bus,"838,318"
3/16/2024,BT,"927,686"
3/17/2024,MNR,"86,964"
3/17/2024,Subway,"1,972,170"
3/17/2024,SIR,"2,078"
3/17/2024,Bus,"625,861"
3/17/2024,BT,"865,840"
3/17/2024,AAR,"20,237"
3/17/2024,LIRR,"103,993"
3/18/2024,BT,"899,570"
3/18/2024,Subway,"3,482,565"
3/18/2024,SIR,"7,072"
3/18/2024,MNR,"190,770"
3/18/2024,LIRR,"221,451"
3/18/2024,Bus,"1,296,423"
3/18/2024,AAR,"31,905"
3/19/2024,BT,"913,930"
3/19/2024,Subway,"3,869,116"
3/19/2024,SIR,"7,795"
3/19/2024,MNR,"210,028"
3/19/2024,LIRR,"242,771"
3/19/2024,Bus,"1,336,910"
3/19/2024,AAR,"34,899"
3/20/2024,AAR,"35,998"
3/20/2024,Subway,"3,886,104"
3/20/2024,SIR,"7,700"
3/20/2024,MNR,"206,030"
3/20/2024,LIRR,"234,446"
3/20/2024,Bus,"1,334,002"
3/20/2024,BT,"931,986"
3/21/2024,MNR,"200,037"
3/21/2024,Subway,"3,862,248"
3/21/2024,SIR,"7,292"
3/21/2024,LIRR,"228,782"
3/21/2024,Bus,"1,317,112"
3/21/2024,BT,"951,848"
3/21/2024,AAR,"35,097"
3/22/2024,BT,"980,093"
3/22/2024,Subway,"3,581,959"
3/22/2024,SIR,"6,299"
3/22/2024,MNR,"187,489"
3/22/2024,LIRR,"225,175"
3/22/2024,Bus,"1,251,225"
3/22/2024,AAR,"33,549"
3/23/2024,BT,"736,622"
3/23/2024,Subway,"1,863,863"
3/23/2024,SIR,"1,766"
3/23/2024,MNR,"77,331"
3/23/2024,LIRR,"95,770"
3/23/2024,Bus,"587,004"
3/23/2024,AAR,"17,633"
3/24/2024,BT,"864,706"
3/24/2024,Subway,"1,912,946"
3/24/2024,SIR,"1,890"
3/24/2024,MNR,"80,451"
3/24/2024,LIRR,"95,973"
3/24/2024,Bus,"653,413"
3/24/2024,AAR,"22,334"
3/25/2024,AAR,"31,947"
3/25/2024,Subway,"3,583,716"
3/25/2024,SIR,"7,032"
3/25/2024,MNR,"192,720"
3/25/2024,LIRR,"224,068"
3/25/2024,Bus,"1,281,676"
3/25/2024,BT,"906,615"
3/26/2024,AAR,"34,874"
3/26/2024,Subway,"3,969,793"
3/26/2024,SIR,"7,754"
3/26/2024,MNR,"211,566"
3/26/2024,LIRR,"239,790"
3/26/2024,Bus,"1,355,991"
3/26/2024,BT,"919,136"
3/27/2024,BT,"948,272"
3/27/2024,Subway,"4,014,011"
3/27/2024,SIR,"7,628"
3/27/2024,MNR,"207,744"
3/27/2024,LIRR,"241,268"
3/27/2024,Bus,"1,342,695"
3/27/2024,AAR,"35,627"
3/28/2024,BT,"958,838"
3/28/2024,Subway,"3,910,547"
3/28/2024,SIR,"6,780"
3/28/2024,MNR,"200,583"
3/28/2024,LIRR,"239,840"
3/28/2024,Bus,"1,223,847"
3/28/2024,AAR,"34,416"
3/29/2024,BT,"970,592"
3/29/2024,Subway,"3,372,535"
3/29/2024,SIR,"5,092"
3/29/2024,MNR,"198,343"
3/29/2024,LIRR,"241,583"
3/29/2024,Bus,"1,096,254"
3/29/2024,AAR,"30,293"
3/30/2024,AAR,"19,891"
3/30/2024,Subway,"2,526,569"
3/30/2024,SIR,"2,748"
3/30/2024,MNR,"111,061"
3/30/2024,LIRR,"135,355"
3/30/2024,Bus,"801,723"
3/30/2024,BT,"909,745"
3/31/2024,AAR,"23,316"
3/31/2024,Subway,"1,936,295"
3/31/2024,SIR,"2,096"
3/31/2024,MNR,"98,458"
3/31/2024,LIRR,"121,273"
3/31/2024,Bus,"606,411"
3/31/2024,BT,"936,601"
4/1/2024,BT,"921,607"
4/1/2024,Subway,"3,321,989"
4/1/2024,SIR,"6,053"
4/1/2024,MNR,"180,107"
4/1/2024,LIRR,"208,291"
4/1/2024,Bus,"1,168,598"
4/1/2024,AAR,"30,083"
4/2/2024,BT,"894,314"
4/2/2024,Subway,"3,900,061"
4/2/2024,SIR,"7,289"
4/2/2024,MNR,"206,753"
4/2/2024,LIRR,"234,615"
4/2/2024,Bus,"1,247,638"
4/2/2024,AAR,"34,415"
4/3/2024,AAR,"34,971"
4/3/2024,Subway,"3,890,305"
4/3/2024,SIR,"6,815"
4/3/2024,MNR,"195,001"
4/3/2024,LIRR,"222,764"
4/3/2024,Bus,"1,162,660"
4/3/2024,BT,"856,109"
4/4/2024,AAR,"34,712"
4/4/2024,Subway,"4,100,733"
4/4/2024,SIR,"7,180"
4/4/2024,MNR,"201,745"
4/4/2024,LIRR,"232,730"
4/4/2024,Bus,"1,339,531"
4/4/2024,BT,"961,556"
4/5/2024,Bus,"1,263,607"
4/5/2024,Subway,"3,800,800"
4/5/2024,SIR,"6,309"
4/5/2024,AAR,"34,503"
4/5/2024,MNR,"202,580"
4/5/2024,LIRR,"225,107"
4/5/2024,BT,"986,253"
4/6/2024,BT,"931,595"
4/6/2024,Subway,"2,477,127"
4/6/2024,SIR,"2,555"
4/6/2024,MNR,"117,095"
4/6/2024,LIRR,"128,106"
4/6/2024,Bus,"822,825"
4/6/2024,AAR,"21,444"
4/7/2024,BT,"878,338"
4/7/2024,Subway,"1,899,641"
4/7/2024,SIR,"2,033"
4/7/2024,MNR,"94,103"
4/7/2024,LIRR,"101,624"
4/7/2024,Bus,"651,153"
4/7/2024,AAR,"21,759"
4/8/2024,AAR,"31,777"
4/8/2024,Subway,"3,506,719"
4/8/2024,SIR,"6,873"
4/8/2024,MNR,"194,106"
4/8/2024,LIRR,"220,359"
4/8/2024,Bus,"1,258,402"
4/8/2024,BT,"883,899"
4/9/2024,AAR,"36,151"
4/9/2024,Subway,"4,042,674"
4/9/2024,SIR,"7,937"
4/9/2024,MNR,"228,390"
4/9/2024,LIRR,"251,964"
4/9/2024,Bus,"1,366,571"
4/9/2024,BT,"970,225"
4/10/2024,BT,"950,832"
4/10/2024,Subway,"3,791,945"
4/10/2024,SIR,"7,115"
4/10/2024,MNR,"216,591"
4/10/2024,LIRR,"235,585"
4/10/2024,Bus,"1,245,909"
4/10/2024,AAR,"35,534"
4/11/2024,BT,"968,131"
4/11/2024,Subway,"4,000,485"
4/11/2024,SIR,"7,326"
4/11/2024,MNR,"205,013"
4/11/2024,LIRR,"241,215"
4/11/2024,Bus,"1,315,916"
4/11/2024,AAR,"35,354"
4/12/2024,AAR,"33,701"
4/12/2024,Subway,"3,668,439"
4/12/2024,SIR,"6,265"
4/12/2024,MNR,"191,755"
4/12/2024,LIRR,"225,168"
4/12/2024,Bus,"1,240,823"
4/12/2024,BT,"984,025"
4/13/2024,MNR,"110,542"
4/13/2024,Subway,"2,535,112"
4/13/2024,SIR,"2,609"
4/13/2024,LIRR,"120,351"
4/13/2024,Bus,"824,356"
4/13/2024,BT,"934,171"
4/13/2024,AAR,"21,606"
4/14/2024,BT,"900,793"
4/14/2024,Subway,"2,068,885"
4/14/2024,SIR,"2,145"
4/14/2024,MNR,"93,633"
4/14/2024,LIRR,"103,711"
4/14/2024,Bus,"664,358"
4/14/2024,AAR,"21,766"
4/15/2024,BT,"938,045"
4/15/2024,Subway,"3,704,177"
4/15/2024,SIR,"7,374"
4/15/2024,MNR,"203,835"
4/15/2024,LIRR,"233,386"
4/15/2024,Bus,"1,319,005"
4/15/2024,AAR,"32,975"
4/16/2024,BT,"946,250"
4/16/2024,Subway,"4,033,514"
4/16/2024,SIR,"8,017"
4/16/2024,MNR,"220,030"
4/16/2024,LIRR,"243,835"
4/16/2024,Bus,"1,370,151"
4/16/2024,AAR,"35,869"
4/17/2024,AAR,"35,970"
4/17/2024,Subway,"4,021,256"
4/17/2024,SIR,"7,805"
4/17/2024,MNR,"214,829"
4/17/2024,LIRR,"243,323"
4/17/2024,Bus,"1,347,870"
4/17/2024,BT,"946,559"
4/18/2024,AAR,"34,816"
4/18/2024,Subway,"3,966,226"
4/18/2024,SIR,"7,271"
4/18/2024,MNR,"203,859"
4/18/2024,LIRR,"230,634"
4/18/2024,Bus,"1,303,010"
4/18/2024,BT,"960,125"
4/19/2024,BT,"1,005,000"
4/19/2024,Subway,"3,705,782"
4/19/2024,SIR,"6,252"
4/19/2024,MNR,"205,809"
4/19/2024,LIRR,"223,518"
4/19/2024,Bus,"1,278,086"
4/19/2024,AAR,"33,749"
4/20/2024,BT,"952,549"
4/20/2024,Subway,"2,537,525"
4/20/2024,SIR,"2,793"
4/20/2024,MNR,"123,804"
4/20/2024,LIRR,"125,999"
4/20/2024,Bus,"830,016"
4/20/2024,AAR,"21,228"
4/21/2024,AAR,"20,807"
4/21/2024,Subway,"1,918,237"
4/21/2024,SIR,"2,017"
4/21/2024,MNR,"98,834"
4/21/2024,LIRR,"101,817"
4/21/2024,Bus,"651,681"
4/21/2024,BT,"876,733"
4/22/2024,MNR,"206,229"
4/22/2024,Subway,"3,219,677"
4/22/2024,SIR,"6,171"
4/22/2024,LIRR,"229,680"
4/22/2024,Bus,"1,146,285"
4/22/2024,BT,"906,928"
4/22/2024,AAR,"29,919"
4/23/2024,Bus,"1,176,798"
4/23/2024,Subway,"3,522,218"
4/23/2024,SIR,"7,063"
4/23/2024,AAR,"31,727"
4/23/2024,MNR,"221,191"
4/23/2024,LIRR,"238,274"
4/23/2024,BT,"873,846"
4/24/2024,BT,"884,275"
4/24/2024,Subway,"3,608,010"
4/24/2024,SIR,"6,847"
4/24/2024,MNR,"215,927"
4/24/2024,LIRR,"233,010"
4/24/2024,Bus,"1,180,243"
4/24/2024,AAR,"32,658"
4/25/2024,BT,"966,560"
4/25/2024,Subway,"3,723,894"
4/25/2024,SIR,"6,820"
4/25/2024,MNR,"217,219"
4/25/2024,LIRR,"242,243"
4/25/2024,Bus,"1,191,480"
4/25/2024,AAR,"32,999"
4/26/2024,AAR,"31,859"
4/26/2024,Subway,"3,431,590"
4/26/2024,SIR,"5,647"
4/26/2024,MNR,"198,590"
4/26/2024,LIRR,"229,885"
4/26/2024,Bus,"1,143,792"
4/26/2024,BT,"960,070"
4/27/2024,MNR,"109,447"
4/27/2024,Subway,"2,506,779"
4/27/2024,SIR,"2,479"
4/27/2024,LIRR,"123,192"
4/27/2024,Bus,"801,494"
4/27/2024,BT,"915,285"
4/27/2024,AAR,"20,591"
4/28/2024,BT,"884,153"
4/28/2024,Subway,"2,084,950"
4/28/2024,SIR,"1,965"
4/28/2024,MNR,"91,619"
4/28/2024,LIRR,"100,214"
4/28/2024,Bus,"649,572"
4/28/2024,AAR,"21,057"
4/29/2024,BT,"870,512"
4/29/2024,Subway,"3,323,706"
4/29/2024,SIR,"6,385"
4/29/2024,MNR,"201,385"
4/29/2024,LIRR,"225,362"
4/29/2024,Bus,"1,161,990"
4/29/2024,AAR,"30,504"
4/30/2024,BT,"876,200"
4/30/2024,Subway,"3,638,986"
4/30/2024,SIR,"6,886"
4/30/2024,MNR,"218,592"
4/30/2024,LIRR,"240,862"
4/30/2024,Bus,"1,193,514"
4/30/2024,AAR,"32,717"
5/1/2024,AAR,"35,701"
5/1/2024,Subway,"4,032,791"
5/1/2024,SIR,"7,757"
5/1/2024,MNR,"205,030"
5/1/2024,LIRR,"230,682"
5/1/2024,Bus,"1,350,660"
5/1/2024,BT,"959,302"
5/2/2024,AAR,"36,244"
5/2/2024,Subway,"4,061,242"
5/2/2024,SIR,"7,475"
5/2/2024,MNR,"210,951"
5/2/2024,LIRR,"235,003"
5/2/2024,Bus,"1,349,838"
5/2/2024,BT,"985,377"
5/3/2024,BT,"1,009,380"
5/3/2024,Subway,"3,780,888"
5/3/2024,SIR,"6,516"
5/3/2024,MNR,"204,190"
5/3/2024,LIRR,"226,880"
5/3/2024,Bus,"1,285,012"
5/3/2024,AAR,"34,860"
5/4/2024,BT,"954,647"
5/4/2024,Subway,"2,563,658"
5/4/2024,SIR,"2,769"
5/4/2024,MNR,"122,719"
5/4/2024,LIRR,"123,516"
5/4/2024,Bus,"849,249"
5/4/2024,AAR,"22,523"
5/5/2024,BT,"823,309"
5/5/2024,Subway,"1,889,174"
5/5/2024,SIR,"2,571"
5/5/2024,MNR,"87,988"
5/5/2024,LIRR,"99,491"
5/5/2024,Bus,"578,132"
5/5/2024,AAR,"20,709"
5/6/2024,AAR,"33,424"
5/6/2024,Subway,"3,652,105"
5/6/2024,SIR,"6,869"
5/6/2024,MNR,"200,506"
5/6/2024,LIRR,"229,643"
5/6/2024,Bus,"1,295,794"
5/6/2024,BT,"934,306"
5/7/2024,AAR,"36,309"
5/7/2024,Subway,"4,098,321"
5/7/2024,SIR,"7,966"
5/7/2024,MNR,"227,303"
5/7/2024,LIRR,"250,953"
5/7/2024,Bus,"1,375,535"
5/7/2024,BT,"959,055"
5/8/2024,BT,"973,565"
5/8/2024,Subway,"4,087,477"
5/8/2024,SIR,"7,623"
5/8/2024,MNR,"221,059"
5/8/2024,LIRR,"244,202"
5/8/2024,Bus,"1,350,511"
5/8/2024,AAR,"36,981"
5/9/2024,BT,"1,004,630"
5/9/2024,Subway,"4,086,528"
5/9/2024,SIR,"7,344"
5/9/2024,MNR,"218,370"
5/9/2024,LIRR,"247,959"
5/9/2024,Bus,"1,354,139"
5/9/2024,AAR,"35,927"
5/10/2024,AAR,"34,539"
5/10/2024,Subway,"3,677,268"
5/10/2024,SIR,"5,894"
5/10/2024,MNR,"195,091"
5/10/2024,LIRR,"228,020"
5/10/2024,Bus,"1,212,090"
5/10/2024,BT,"1,006,475"
5/11/2024,AAR,"22,810"
5/11/2024,Subway,"2,648,580"
5/11/2024,SIR,"3,078"
5/11/2024,MNR,"117,308"
5/11/2024,LIRR,"134,051"
5/11/2024,Bus,"845,713"
5/11/2024,BT,"1,007,785"
5/12/2024,Bus,"559,614"
5/12/2024,Subway,"1,858,872"
5/12/2024,SIR,"1,755"
5/12/2024,AAR,"24,531"
5/12/2024,MNR,"98,717"
5/12/2024,LIRR,"114,118"
5/12/2024,BT,"933,869"
5/13/2024,BT,"957,789"
5/13/2024,Subway,"3,703,066"
5/13/2024,SIR,"7,137"
5/13/2024,MNR,"209,794"
5/13/2024,LIRR,"244,216"
5/13/2024,Bus,"1,264,180"
5/13/2024,AAR,"31,980"
5/14/2024,BT,"968,597"
5/14/2024,Subway,"4,116,655"
5/14/2024,SIR,"7,698"
5/14/2024,MNR,"226,656"
5/14/2024,LIRR,"260,745"
5/14/2024,Bus,"1,343,633"
5/14/2024,AAR,"35,800"
5/15/2024,AAR,"36,951"
5/15/2024,Subway,"4,114,615"
5/15/2024,SIR,"7,856"
5/15/2024,MNR,"219,840"
5/15/2024,LIRR,"248,434"
5/15/2024,Bus,"1,288,427"
5/15/2024,BT,"947,214"
5/16/2024,AAR,"35,940"
5/16/2024,Subway,"4,105,026"
5/16/2024,SIR,"7,590"
5/16/2024,MNR,"215,601"
5/16/2024,LIRR,"243,988"
5/16/2024,Bus,"1,306,481"
5/16/2024,BT,"990,185"
5/17/2024,BT,"1,028,502"
5/17/2024,Subway,"3,816,914"
5/17/2024,SIR,"6,569"
5/17/2024,MNR,"215,838"
5/17/2024,LIRR,"241,980"
5/17/2024,Bus,"1,270,674"
5/17/2024,AAR,"34,945"
5/18/2024,BT,"972,936"
5/18/2024,Subway,"2,691,368"
5/18/2024,SIR,"2,855"
5/18/2024,MNR,"130,279"
5/18/2024,LIRR,"131,709"
5/18/2024,Bus,"792,454"
5/18/2024,AAR,"21,562"
5/19/2024,AAR,"22,305"
5/19/2024,Subway,"2,121,485"
5/19/2024,SIR,"2,228"
5/19/2024,MNR,"106,408"
5/19/2024,LIRR,"112,130"
5/19/2024,Bus,"657,256"
5/19/2024,BT,"942,844"
5/20/2024,MNR,"216,450"
5/20/2024,Subway,"3,682,061"
5/20/2024,SIR,"7,160"
5/20/2024,LIRR,"236,846"
5/20/2024,Bus,"1,291,703"
5/20/2024,BT,"961,239"
5/20/2024,AAR,"32,417"
5/21/2024,BT,"966,865"
5/21/2024,Subway,"4,029,557"
5/21/2024,SIR,"7,775"
5/21/2024,MNR,"234,587"
5/21/2024,LIRR,"252,506"
5/21/2024,Bus,"1,349,876"
5/21/2024,AAR,"35,819"
5/22/2024,BT,"996,779"
5/22/2024,Subway,"4,104,021"
5/22/2024,SIR,"8,086"
5/22/2024,MNR,"233,098"
5/22/2024,LIRR,"258,544"
5/22/2024,Bus,"1,357,841"
5/22/2024,AAR,"36,940"
5/23/2024,BT,"1,016,554"
5/23/2024,Subway,"3,863,099"
5/23/2024,SIR,"7,442"
5/23/2024,MNR,"215,083"
5/23/2024,LIRR,"250,848"
5/23/2024,Bus,"1,275,297"
5/23/2024,AAR,"34,785"
5/24/2024,AAR,"33,663"
5/24/2024,Subway,"3,583,244"
5/24/2024,SIR,"6,663"
5/24/2024,MNR,"209,130"
5/24/2024,LIRR,"250,907"
5/24/2024,Bus,"1,243,655"
5/24/2024,BT,"1,039,719"
5/25/2024,AAR,"20,733"
5/25/2024,Subway,"2,347,159"
5/25/2024,SIR,"3,031"
5/25/2024,MNR,"120,036"
5/25/2024,LIRR,"135,961"
5/25/2024,Bus,"805,680"
5/25/2024,BT,"928,412"
5/26/2024,BT,"908,474"
5/26/2024,Subway,"2,019,012"
5/26/2024,SIR,"2,710"
5/26/2024,MNR,"101,017"
5/26/2024,LIRR,"120,709"
5/26/2024,Bus,"652,393"
5/26/2024,AAR,"22,762"
5/27/2024,BT,"745,291"
5/27/2024,Subway,"1,667,890"
5/27/2024,SIR,"2,123"
5/27/2024,MNR,"81,042"
5/27/2024,LIRR,"99,975"
5/27/2024,Bus,"594,031"
5/27/2024,AAR,"12,673"
5/28/2024,AAR,"34,485"
5/28/2024,Subway,"3,825,781"
5/28/2024,SIR,"7,609"
5/28/2024,MNR,"227,311"
5/28/2024,LIRR,"257,078"
5/28/2024,Bus,"1,300,611"
5/28/2024,BT,"972,840"
5/29/2024,MNR,"227,379"
5/29/2024,Subway,"4,006,764"
5/29/2024,SIR,"8,090"
5/29/2024,LIRR,"254,749"
5/29/2024,Bus,"1,309,889"
5/29/2024,BT,"959,947"
5/29/2024,AAR,"36,435"
5/30/2024,LIRR,"253,843"
5/30/2024,Subway,"3,979,959"
5/30/2024,SIR,"7,550"
5/30/2024,BT,"1,002,919"
5/30/2024,AAR,"35,372"
5/30/2024,MNR,"219,887"
5/30/2024,Bus,"1,301,028"
5/31/2024,BT,"1,025,661"
5/31/2024,Subway,"3,688,627"
5/31/2024,SIR,"6,644"
5/31/2024,MNR,"211,027"
5/31/2024,LIRR,"245,017"
5/31/2024,Bus,"1,257,526"
5/31/2024,AAR,"35,020"
6/1/2024,BT,"1,003,362"
6/1/2024,Subway,"2,446,153"
6/1/2024,SIR,"2,980"
6/1/2024,MNR,"110,948"
6/1/2024,LIRR,"128,555"
6/1/2024,Bus,"848,601"
6/1/2024,AAR,"22,726"
6/2/2024,AAR,"22,640"
6/2/2024,Subway,"1,978,037"
6/2/2024,SIR,"2,339"
6/2/2024,MNR,"92,567"
6/2/2024,LIRR,"114,504"
6/2/2024,Bus,"651,637"
6/2/2024,BT,"944,876"
6/3/2024,MNR,"197,640"
6/3/2024,Subway,"3,611,491"
6/3/2024,SIR,"7,168"
6/3/2024,LIRR,"225,413"
6/3/2024,Bus,"1,294,956"
6/3/2024,BT,"951,379"
6/3/2024,AAR,"33,679"
6/4/2024,BT,"964,701"
6/4/2024,Subway,"3,979,793"
6/4/2024,SIR,"7,800"
6/4/2024,MNR,"233,237"
6/4/2024,LIRR,"255,090"
6/4/2024,Bus,"1,327,963"
6/4/2024,AAR,"36,865"
6/5/2024,BT,"990,705"
6/5/2024,Subway,"4,051,943"
6/5/2024,SIR,"7,942"
6/5/2024,MNR,"230,173"
6/5/2024,LIRR,"264,512"
6/5/2024,Bus,"1,338,427"
6/5/2024,AAR,"37,800"
6/6/2024,BT,"993,746"
6/6/2024,Subway,"3,774,324"
6/6/2024,SIR,"7,059"
6/6/2024,MNR,"219,447"
6/6/2024,LIRR,"245,631"
6/6/2024,Bus,"1,207,899"
6/6/2024,AAR,"35,234"
6/7/2024,AAR,"35,464"
6/7/2024,Subway,"3,752,412"
6/7/2024,SIR,"6,393"
6/7/2024,MNR,"214,062"
6/7/2024,LIRR,"252,098"
6/7/2024,Bus,"1,254,339"
6/7/2024,BT,"1,040,780"
6/8/2024,AAR,"23,371"
6/8/2024,Subway,"2,673,220"
6/8/2024,SIR,"3,150"
6/8/2024,MNR,"135,138"
6/8/2024,LIRR,"159,020"
6/8/2024,Bus,"842,779"
6/8/2024,BT,"1,002,254"
6/9/2024,BT,"966,063"
6/9/2024,Subway,"2,134,551"
6/9/2024,SIR,"2,492"
6/9/2024,MNR,"107,497"
6/9/2024,LIRR,"132,945"
6/9/2024,Bus,"680,981"
6/9/2024,AAR,"22,435"
6/10/2024,BT,"964,238"
6/10/2024,Subway,"3,702,212"
6/10/2024,SIR,"7,701"
6/10/2024,MNR,"211,542"
6/10/2024,LIRR,"240,121"
6/10/2024,Bus,"1,355,986"
6/10/2024,AAR,"32,970"
6/11/2024,BT,"955,762"
6/11/2024,Subway,"3,995,425"
6/11/2024,SIR,"8,500"
6/11/2024,MNR,"230,796"
6/11/2024,LIRR,"259,101"
6/11/2024,Bus,"1,390,440"
6/11/2024,AAR,"36,206"
6/12/2024,AAR,"36,693"
6/12/2024,Subway,"3,977,760"
6/12/2024,SIR,"8,138"
6/12/2024,MNR,"224,305"
6/12/2024,LIRR,"256,255"
6/12/2024,Bus,"1,355,294"
6/12/2024,BT,"952,603"
6/13/2024,AAR,"35,363"
6/13/2024,Subway,"3,936,941"
6/13/2024,SIR,"7,675"
6/13/2024,MNR,"221,855"
6/13/2024,LIRR,"254,575"
6/13/2024,Bus,"1,310,210"
6/13/2024,BT,"969,399"
6/14/2024,BT,"1,017,050"
6/14/2024,Subway,"3,517,062"
6/14/2024,SIR,"5,973"
6/14/2024,MNR,"204,586"
6/14/2024,LIRR,"247,019"
6/14/2024,Bus,"1,212,740"
6/14/2024,AAR,"34,757"
6/15/2024,BT,"1,033,025"
6/15/2024,Subway,"2,431,810"
6/15/2024,SIR,"3,104"
6/15/2024,MNR,"122,409"
6/15/2024,LIRR,"142,102"
6/15/2024,Bus,"851,502"
6/15/2024,AAR,"23,580"
6/16/2024,AAR,"24,200"
6/16/2024,Subway,"1,897,201"
6/16/2024,SIR,"2,245"
6/16/2024,MNR,"109,303"
6/16/2024,LIRR,"130,133"
6/16/2024,Bus,"653,946"
6/16/2024,BT,"1,001,387"
6/17/2024,AAR,"31,993"
6/17/2024,Subway,"3,325,104"
6/17/2024,SIR,"6,466"
6/17/2024,MNR,"215,241"
6/17/2024,LIRR,"242,993"
6/17/2024,Bus,"1,172,762"
6/17/2024,BT,"961,183"
6/18/2024,Bus,"1,314,338"
6/18/2024,Subway,"3,920,839"
6/18/2024,SIR,"7,713"
6/18/2024,AAR,"36,105"
6/18/2024,MNR,"242,116"
6/18/2024,LIRR,"260,538"
6/18/2024,BT,"993,635"
6/19/2024,BT,"973,450"
6/19/2024,Subway,"3,046,320"
6/19/2024,SIR,"4,527"
6/19/2024,MNR,"206,582"
6/19/2024,LIRR,"232,540"
6/19/2024,Bus,"1,068,172"
6/19/2024,AAR,"26,431"
6/20/2024,BT,"1,025,738"
6/20/2024,Subway,"3,857,797"
6/20/2024,SIR,"7,217"
6/20/2024,MNR,"227,113"
6/20/2024,LIRR,"255,683"
6/20/2024,Bus,"1,275,626"
6/20/2024,AAR,"36,445"
6/21/2024,AAR,"34,695"
6/21/2024,Subway,"3,500,365"
6/21/2024,SIR,"6,166"
6/21/2024,MNR,"211,543"
6/21/2024,LIRR,"244,215"
6/21/2024,Bus,"1,191,812"
6/21/2024,BT,"1,027,492"
6/22/2024,AAR,"21,970"
6/22/2024,Subway,"2,385,207"
6/22/2024,SIR,"2,743"
6/22/2024,MNR,"119,962"
6/22/2024,LIRR,"133,102"
6/22/2024,Bus,"793,674"
6/22/2024,BT,"981,220"
6/23/2024,BT,"957,537"
6/23/2024,Subway,"1,908,786"
6/23/2024,SIR,"2,061"
6/23/2024,MNR,"103,892"
6/23/2024,LIRR,"118,067"
6/23/2024,Bus,"648,887"
6/23/2024,AAR,"21,789"
6/24/2024,BT,"980,166"
6/24/2024,Subway,"3,467,845"
6/24/2024,SIR,"6,820"
6/24/2024,MNR,"213,904"
6/24/2024,LIRR,"246,269"
6/24/2024,Bus,"1,227,231"
6/24/2024,AAR,"33,300"
6/25/2024,AAR,"36,669"
6/25/2024,Subway,"3,831,447"
6/25/2024,SIR,"7,685"
6/25/2024,MNR,"232,410"
6/25/2024,LIRR,"271,783"
6/25/2024,Bus,"1,269,567"
6/25/2024,BT,"1,006,891"
6/26/2024,MNR,"226,518"
6/26/2024,Subway,"3,901,100"
6/26/2024,SIR,"7,314"
6/26/2024,LIRR,"264,126"
6/26/2024,Bus,"1,267,408"
6/26/2024,BT,"1,027,462"
6/26/2024,AAR,"36,344"
6/27/2024,BT,"1,037,346"
6/27/2024,Subway,"3,776,811"
6/27/2024,SIR,"7,170"
6/27/2024,MNR,"227,648"
6/27/2024,LIRR,"255,215"
6/27/2024,Bus,"1,214,263"
6/27/2024,AAR,"35,155"
6/28/2024,BT,"1,042,093"
6/28/2024,Subway,"3,522,732"
6/28/2024,SIR,"6,305"
6/28/2024,MNR,"211,914"
6/28/2024,LIRR,"255,739"
6/28/2024,Bus,"1,141,168"
6/28/2024,AAR,"34,111"
6/29/2024,BT,"981,000"
6/29/2024,Subway,"2,454,997"
6/29/2024,SIR,"2,948"
6/29/2024,MNR,"119,738"
6/29/2024,LIRR,"138,769"
6/29/2024,Bus,"780,229"
6/29/2024,AAR,"21,904"
6/30/2024,AAR,"20,851"
6/30/2024,Subway,"2,002,269"
6/30/2024,SIR,"2,268"
6/30/2024,MNR,"108,244"
6/30/2024,LIRR,"126,526"
6/30/2024,Bus,"583,751"
6/30/2024,BT,"888,565"
7/1/2024,AAR,"32,979"
7/1/2024,Subway,"3,273,546"
7/1/2024,SIR,"6,947"
7/1/2024,MNR,"185,943"
7/1/2024,LIRR,"216,906"
7/1/2024,Bus,"1,156,904"
7/1/2024,BT,"959,030"
7/2/2024,BT,"956,076"
7/2/2024,Subway,"3,542,073"
7/2/2024,SIR,"7,431"
7/2/2024,MNR,"207,844"
7/2/2024,LIRR,"234,535"
7/2/2024,Bus,"1,216,755"
7/2/2024,AAR,"35,200"
7/3/2024,BT,"1,007,199"
7/3/2024,Subway,"3,409,357"
7/3/2024,SIR,"6,758"
7/3/2024,MNR,"205,176"
7/3/2024,LIRR,"237,577"
7/3/2024,Bus,"1,198,766"
7/3/2024,AAR,"36,949"
7/4/2024,AAR,"17,646"
7/4/2024,Subway,"1,992,244"
7/4/2024,SIR,"2,939"
7/4/2024,MNR,"101,274"
7/4/2024,LIRR,"117,030"
7/4/2024,Bus,"643,119"
7/4/2024,BT,"755,272"
7/5/2024,MNR,"183,222"
7/5/2024,Subway,"2,700,734"
7/5/2024,SIR,"4,563"
7/5/2024,LIRR,"207,314"
7/5/2024,Bus,"1,001,854"
7/5/2024,BT,"857,429"
7/5/2024,AAR,"28,776"
7/6/2024,Bus,"758,425"
7/6/2024,Subway,"2,100,877"
7/6/2024,SIR,"2,688"
7/6/2024,AAR,"19,730"
7/6/2024,MNR,"110,386"
7/6/2024,LIRR,"119,417"
7/6/2024,BT,"860,697"
7/7/2024,BT,"912,740"
7/7/2024,Subway,"1,804,572"
7/7/2024,SIR,"2,167"
7/7/2024,MNR,"105,041"
7/7/2024,LIRR,"120,316"
7/7/2024,Bus,"642,652"
7/7/2024,AAR,"22,640"
7/8/2024,BT,"949,660"
7/8/2024,Subway,"3,228,784"
7/8/2024,SIR,"6,499"
7/8/2024,MNR,"199,454"
7/8/2024,LIRR,"226,613"
7/8/2024,Bus,"1,176,713"
7/8/2024,AAR,"33,105"
7/9/2024,AAR,"35,500"
7/9/2024,Subway,"3,605,032"
7/9/2024,SIR,"7,176"
7/9/2024,MNR,"219,843"
7/9/2024,LIRR,"249,970"
7/9/2024,Bus,"1,236,657"
7/9/2024,BT,"956,804"
7/10/2024,MNR,"210,993"
7/10/2024,Subway,"3,691,835"
7/10/2024,SIR,"7,393"
7/10/2024,LIRR,"249,781"
7/10/2024,Bus,"1,252,733"
7/10/2024,BT,"961,413"
7/10/2024,AAR,"37,417"
7/11/2024,BT,"997,744"
7/11/2024,Subway,"3,688,029"
7/11/2024,SIR,"6,914"
7/11/2024,MNR,"209,174"
7/11/2024,LIRR,"246,250"
7/11/2024,Bus,"1,233,678"
7/11/2024,AAR,"35,691"
7/12/2024,BT,"983,536"
7/12/2024,Subway,"3,261,074"
7/12/2024,SIR,"5,586"
7/12/2024,MNR,"191,828"
7/12/2024,LIRR,"231,084"
7/12/2024,Bus,"1,120,310"
7/12/2024,AAR,"34,090"
7/13/2024,BT,"916,511"
7/13/2024,Subway,"2,203,283"
7/13/2024,SIR,"2,700"
7/13/2024,MNR,"107,166"
7/13/2024,LIRR,"123,988"
7/13/2024,Bus,"743,154"
7/13/2024,AAR,"20,949"
7/14/2024,AAR,"22,682"
7/14/2024,Subway,"1,869,670"
7/14/2024,SIR,"2,160"
7/14/2024,MNR,"97,038"
7/14/2024,LIRR,"119,283"
7/14/2024,Bus,"633,752"
7/14/2024,BT,"950,803"
7/15/2024,AAR,"32,763"
7/15/2024,Subway,"3,259,800"
7/15/2024,SIR,"6,398"
7/15/2024,MNR,"202,008"
7/15/2024,LIRR,"233,209"
7/15/2024,Bus,"1,160,722"
7/15/2024,BT,"954,918"
7/16/2024,BT,"948,164"
7/16/2024,Subway,"3,594,150"
7/16/2024,SIR,"6,828"
7/16/2024,MNR,"220,620"
7/16/2024,LIRR,"249,559"
7/16/2024,Bus,"1,209,152"
7/16/2024,AAR,"35,468"
7/17/2024,BT,"960,518"
7/17/2024,Subway,"3,651,756"
7/17/2024,SIR,"6,845"
7/17/2024,MNR,"214,137"
7/17/2024,LIRR,"248,424"
7/17/2024,Bus,"1,210,515"
7/17/2024,AAR,"36,547"
7/18/2024,BT,"1,010,443"
7/18/2024,Subway,"3,637,826"
7/18/2024,SIR,"7,085"
7/18/2024,MNR,"211,370"
7/18/2024,LIRR,"241,785"
7/18/2024,Bus,"1,218,605"
7/18/2024,AAR,"36,119"
7/19/2024,AAR,"34,718"
7/19/2024,Subway,"3,372,874"
7/19/2024,SIR,"6,480"
7/19/2024,MNR,"206,922"
7/19/2024,LIRR,"243,438"
7/19/2024,Bus,"1,207,102"
7/19/2024,BT,"1,022,607"
7/20/2024,AAR,"19,961"
7/20/2024,Subway,"2,269,647"
7/20/2024,SIR,"2,688"
7/20/2024,MNR,"125,050"
7/20/2024,LIRR,"131,910"
7/20/2024,Bus,"803,868"
7/20/2024,BT,"984,535"
7/21/2024,BT,"966,494"
7/21/2024,Subway,"1,877,704"
7/21/2024,SIR,"2,080"
7/21/2024,MNR,"111,438"
7/21/2024,LIRR,"126,169"
7/21/2024,Bus,"659,004"
7/21/2024,AAR,"21,664"
7/22/2024,BT,"942,623"
7/22/2024,Subway,"3,235,343"
7/22/2024,SIR,"6,510"
7/22/2024,MNR,"215,087"
7/22/2024,LIRR,"231,813"
7/22/2024,Bus,"1,168,226"
7/22/2024,AAR,"32,431"
7/23/2024,AAR,"35,110"
7/23/2024,Subway,"3,606,656"
7/23/2024,SIR,"7,177"
7/23/2024,MNR,"229,841"
7/23/2024,LIRR,"247,915"
7/23/2024,Bus,"1,211,237"
7/23/2024,BT,"932,660"
7/24/2024,AAR,"36,652"
7/24/2024,Subway,"3,656,472"
7/24/2024,SIR,"7,260"
7/24/2024,MNR,"224,862"
7/24/2024,LIRR,"249,158"
7/24/2024,Bus,"1,220,410"
7/24/2024,BT,"952,083"
7/25/2024,Bus,"1,220,056"
7/25/2024,Subway,"3,638,351"
7/25/2024,SIR,"6,850"
7/25/2024,AAR,"35,373"
7/25/2024,MNR,"214,281"
7/25/2024,LIRR,"255,367"
7/25/2024,BT,"995,084"
7/26/2024,BT,"1,016,330"
7/26/2024,Subway,"3,288,849"
7/26/2024,SIR,"5,946"
7/26/2024,MNR,"201,321"
7/26/2024,LIRR,"247,475"
7/26/2024,Bus,"1,154,709"
7/26/2024,AAR,"34,431"
7/27/2024,BT,"986,456"
7/27/2024,Subway,"2,306,948"
7/27/2024,SIR,"2,991"
7/27/2024,MNR,"125,101"
7/27/2024,LIRR,"138,344"
7/27/2024,Bus,"809,660"
7/27/2024,AAR,"22,582"
7/28/2024,AAR,"22,027"
7/28/2024,Subway,"1,851,383"
7/28/2024,SIR,"2,214"
7/28/2024,MNR,"99,516"
7/28/2024,LIRR,"121,226"
7/28/2024,Bus,"645,704"
7/28/2024,BT,"954,855"
7/29/2024,AAR,"32,067"
7/29/2024,Subway,"3,202,281"
7/29/2024,SIR,"6,240"
7/29/2024,MNR,"200,999"
7/29/2024,LIRR,"233,537"
7/29/2024,Bus,"1,147,023"
7/29/2024,BT,"932,158"
7/30/2024,BT,"941,243"
7/30/2024,Subway,"3,590,241"
7/30/2024,SIR,"7,217"
7/30/2024,MNR,"220,120"
7/30/2024,LIRR,"251,398"
7/30/2024,Bus,"1,228,387"
7/30/2024,AAR,"34,911"
7/31/2024,BT,"963,202"
7/31/2024,Subway,"3,576,343"
7/31/2024,SIR,"7,018"
7/31/2024,MNR,"213,562"
7/31/2024,LIRR,"248,316"
7/31/2024,Bus,"1,213,507"
7/31/2024,AAR,"35,765"
8/1/2024,AAR,"35,878"
8/1/2024,Subway,"3,544,663"
8/1/2024,SIR,"6,902"
8/1/2024,MNR,"194,439"
8/1/2024,LIRR,"229,131"
8/1/2024,Bus,"1,208,275"
8/1/2024,BT,"1,016,033"
8/2/2024,MNR,"181,008"
8/2/2024,Subway,"3,153,955"
8/2/2024,SIR,"5,784"
8/2/2024,LIRR,"215,453"
8/2/2024,Bus,"1,111,340"
8/2/2024,BT,"995,583"
8/2/2024,AAR,"34,487"
8/3/2024,BT,"945,280"
8/3/2024,Subway,"2,200,373"
8/3/2024,SIR,"2,852"
8/3/2024,MNR,"109,769"
8/3/2024,LIRR,"123,922"
8/3/2024,Bus,"741,482"
8/3/2024,AAR,"22,133"
8/4/2024,BT,"891,954"
8/4/2024,Subway,"1,752,861"
8/4/2024,SIR,"2,099"
8/4/2024,MNR,"92,383"
8/4/2024,LIRR,"108,959"
8/4/2024,Bus,"588,249"
8/4/2024,AAR,"22,186"
8/5/2024,BT,"963,223"
8/5/2024,Subway,"3,222,601"
8/5/2024,SIR,"6,375"
8/5/2024,MNR,"192,078"
8/5/2024,LIRR,"234,345"
8/5/2024,Bus,"1,154,644"
8/5/2024,AAR,"33,112"
8/6/2024,AAR,"35,331"
8/6/2024,Subway,"3,462,581"
8/6/2024,SIR,"6,974"
8/6/2024,MNR,"207,212"
8/6/2024,LIRR,"234,650"
8/6/2024,Bus,"1,130,325"
8/6/2024,BT,"905,339"
8/7/2024,AAR,"36,667"
8/7/2024,Subway,"3,511,253"
8/7/2024,SIR,"6,593"
8/7/2024,MNR,"202,867"
8/7/2024,LIRR,"239,223"
8/7/2024,Bus,"1,117,450"
8/7/2024,BT,"928,763"
8/8/2024,BT,"948,381"
8/8/2024,Subway,"3,490,217"
8/8/2024,SIR,"6,466"
8/8/2024,MNR,"196,259"
8/8/2024,LIRR,"230,083"
8/8/2024,Bus,"1,108,956"
8/8/2024,AAR,"35,509"
8/9/2024,BT,"914,501"
8/9/2024,Subway,"3,041,276"
8/9/2024,SIR,"5,202"
8/9/2024,MNR,"170,622"
8/9/2024,LIRR,"215,973"
8/9/2024,Bus,"1,039,488"
8/9/2024,AAR,"32,193"
8/10/2024,AAR,"22,199"
8/10/2024,Subway,"2,356,405"
8/10/2024,SIR,"3,156"
8/10/2024,MNR,"119,101"
8/10/2024,LIRR,"133,623"
8/10/2024,Bus,"777,613"
8/10/2024,BT,"956,186"
8/11/2024,AAR,"22,996"
8/11/2024,Subway,"1,918,748"
8/11/2024,SIR,"2,552"
8/11/2024,MNR,"103,975"
8/11/2024,LIRR,"121,004"
8/11/2024,Bus,"614,435"
8/11/2024,BT,"932,245"
8/12/2024,LIRR,"231,099"
8/12/2024,Subway,"3,169,180"
8/12/2024,SIR,"6,337"
8/12/2024,BT,"932,729"
8/12/2024,AAR,"33,127"
8/12/2024,MNR,"191,415"
8/12/2024,Bus,"1,106,072"
8/13/2024,BT,"914,295"
8/13/2024,Subway,"3,491,612"
8/13/2024,SIR,"7,002"
8/13/2024,MNR,"205,674"
8/13/2024,LIRR,"242,459"
8/13/2024,Bus,"1,158,412"
8/13/2024,AAR,"35,503"
8/14/2024,BT,"970,112"
8/14/2024,Subway,"3,544,668"
8/14/2024,SIR,"7,028"
8/14/2024,MNR,"202,330"
8/14/2024,LIRR,"242,186"
8/14/2024,Bus,"1,182,980"
8/14/2024,AAR,"37,606"
8/15/2024,AAR,"36,343"
8/15/2024,Subway,"3,495,671"
8/15/2024,SIR,"6,528"
8/15/2024,MNR,"196,106"
8/15/2024,LIRR,"241,573"
8/15/2024,Bus,"1,182,864"
8/15/2024,BT,"1,006,980"
8/16/2024,MNR,"185,953"
8/16/2024,Subway,"3,198,733"
8/16/2024,SIR,"5,596"
8/16/2024,LIRR,"235,035"
8/16/2024,Bus,"1,123,673"
8/16/2024,BT,"1,013,229"
8/16/2024,AAR,"34,676"
8/17/2024,BT,"962,245"
8/17/2024,Subway,"2,256,233"
8/17/2024,SIR,"2,880"
8/17/2024,MNR,"112,928"
8/17/2024,LIRR,"135,948"
8/17/2024,Bus,"767,022"
8/17/2024,AAR,"22,797"
8/18/2024,BT,"860,623"
8/18/2024,Subway,"1,713,050"
8/18/2024,SIR,"1,953"
8/18/2024,MNR,"82,177"
8/18/2024,LIRR,"106,004"
8/18/2024,Bus,"578,595"
8/18/2024,AAR,"20,897"
8/19/2024,BT,"939,487"
8/19/2024,Subway,"3,076,559"
8/19/2024,SIR,"5,870"
8/19/2024,MNR,"183,503"
8/19/2024,LIRR,"224,656"
8/19/2024,Bus,"1,090,594"
8/19/2024,AAR,"31,668"
8/20/2024,AAR,"34,985"
8/20/2024,Subway,"3,475,888"
8/20/2024,SIR,"6,877"
8/20/2024,MNR,"211,051"
8/20/2024,LIRR,"250,304"
8/20/2024,Bus,"1,164,259"
8/20/2024,BT,"960,477"
8/21/2024,AAR,"36,401"
8/21/2024,Subway,"3,498,651"
8/21/2024,SIR,"6,910"
8/21/2024,MNR,"204,853"
8/21/2024,LIRR,"247,076"
8/21/2024,Bus,"1,159,036"
8/21/2024,BT,"966,702"
8/22/2024,BT,"993,618"
8/22/2024,Subway,"3,427,911"
8/22/2024,SIR,"6,458"
8/22/2024,MNR,"199,777"
8/22/2024,LIRR,"245,912"
8/22/2024,Bus,"1,140,225"
8/22/2024,AAR,"34,997"
8/23/2024,BT,"1,008,033"
8/23/2024,Subway,"3,209,666"
8/23/2024,SIR,"5,827"
8/23/2024,MNR,"196,218"
8/23/2024,LIRR,"235,738"
8/23/2024,Bus,"1,095,768"
8/23/2024,AAR,"33,653"
8/24/2024,BT,"982,981"
8/24/2024,Subway,"2,332,624"
8/24/2024,SIR,"3,025"
8/24/2024,MNR,"119,252"
8/24/2024,LIRR,"146,684"
8/24/2024,Bus,"776,019"
8/24/2024,AAR,"22,523"
8/25/2024,AAR,"22,347"
8/25/2024,Subway,"1,905,818"
8/25/2024,SIR,"2,309"
8/25/2024,MNR,"101,267"
8/25/2024,LIRR,"130,885"
8/25/2024,Bus,"629,302"
8/25/2024,BT,"954,450"
8/26/2024,AAR,"31,233"
8/26/2024,Subway,"3,113,498"
8/26/2024,SIR,"5,896"
8/26/2024,MNR,"186,630"
8/26/2024,LIRR,"244,138"
8/26/2024,Bus,"1,104,199"
8/26/2024,BT,"943,802"
8/27/2024,BT,"957,321"
8/27/2024,Subway,"3,477,101"
8/27/2024,SIR,"6,713"
8/27/2024,MNR,"201,834"
8/27/2024,LIRR,"261,771"
8/27/2024,Bus,"1,177,841"
8/27/2024,AAR,"34,997"
8/28/2024,BT,"980,250"
8/28/2024,Subway,"3,516,674"
8/28/2024,SIR,"6,656"
8/28/2024,MNR,"195,873"
8/28/2024,LIRR,"257,194"
8/28/2024,Bus,"1,203,770"
8/28/2024,AAR,"36,079"
8/29/2024,AAR,"35,044"
8/29/2024,Subway,"3,438,760"
8/29/2024,SIR,"6,446"
8/29/2024,MNR,"192,714"
8/29/2024,LIRR,"261,935"
8/29/2024,Bus,"1,203,629"
8/29/2024,BT,"1,001,235"
8/30/2024,AAR,"33,968"
8/30/2024,Subway,"3,152,242"
8/30/2024,SIR,"5,287"
8/30/2024,MNR,"195,334"
8/30/2024,LIRR,"255,954"
8/30/2024,Bus,"1,132,406"
8/30/2024,BT,"1,012,878"
8/31/2024,Bus,"771,634"
8/31/2024,Subway,"2,158,004"
8/31/2024,SIR,"2,471"
8/31/2024,AAR,"21,518"
8/31/2024,MNR,"119,313"
8/31/2024,LIRR,"149,890"
8/31/2024,BT,"931,420"
9/1/2024,BT,"903,778"
9/1/2024,Subway,"1,969,350"
9/1/2024,SIR,"2,149"
9/1/2024,MNR,"95,622"
9/1/2024,LIRR,"120,499"
9/1/2024,Bus,"658,803"
9/1/2024,AAR,"22,880"
9/2/2024,BT,"861,398"
9/2/2024,Subway,"2,007,446"
9/2/2024,SIR,"2,571"
9/2/2024,MNR,"95,598"
9/2/2024,LIRR,"134,118"
9/2/2024,Bus,"629,636"
9/2/2024,AAR,"14,939"
9/3/2024,AAR,"35,977"
9/3/2024,Subway,"3,629,404"
9/3/2024,SIR,"7,337"
9/3/2024,MNR,"220,831"
9/3/2024,LIRR,"263,763"
9/3/2024,Bus,"1,323,572"
9/3/2024,BT,"967,455"
9/4/2024,AAR,"38,623"
9/4/2024,Subway,"3,868,854"
9/4/2024,SIR,"7,588"
9/4/2024,MNR,"225,508"
9/4/2024,LIRR,"271,660"
9/4/2024,Bus,"1,372,412"
9/4/2024,BT,"943,233"
9/5/2024,BT,"974,389"
9/5/2024,Subway,"4,033,322"
9/5/2024,SIR,"7,475"
9/5/2024,MNR,"220,098"
9/5/2024,LIRR,"262,639"
9/5/2024,Bus,"1,434,726"
9/5/2024,AAR,"37,475"
9/6/2024,BT,"1,008,024"
9/6/2024,Subway,"3,794,952"
9/6/2024,SIR,"6,606"
9/6/2024,MNR,"202,757"
9/6/2024,LIRR,"258,126"
9/6/2024,Bus,"1,397,369"
9/6/2024,AAR,"36,478"
9/7/2024,AAR,"21,477"
9/7/2024,Subway,"2,479,639"
9/7/2024,SIR,"2,874"
9/7/2024,MNR,"105,974"
9/7/2024,LIRR,"137,291"
9/7/2024,Bus,"841,695"
9/7/2024,BT,"919,901"
9/8/2024,MNR,"98,767"
9/8/2024,Subway,"2,101,048"
9/8/2024,SIR,"2,280"
9/8/2024,LIRR,"120,584"
9/8/2024,Bus,"724,969"
9/8/2024,BT,"921,697"
9/8/2024,AAR,"23,760"
9/9/2024,BT,"938,320"
9/9/2024,Subway,"3,811,344"
9/9/2024,SIR,"7,724"
9/9/2024,MNR,"214,384"
9/9/2024,LIRR,"247,296"
9/9/2024,Bus,"1,458,059"
9/9/2024,AAR,"35,327"
9/10/2024,BT,"959,320"
9/10/2024,Subway,"4,182,405"
9/10/2024,SIR,"8,495"
9/10/2024,MNR,"233,290"
9/10/2024,LIRR,"263,027"
9/10/2024,Bus,"1,510,358"
9/10/2024,AAR,"38,230"
9/11/2024,BT,"929,727"
9/11/2024,Subway,"4,214,707"
9/11/2024,SIR,"9,107"
9/11/2024,MNR,"228,252"
9/11/2024,LIRR,"263,710"
9/11/2024,Bus,"1,489,570"
9/11/2024,AAR,"39,031"
9/12/2024,AAR,"38,778"
9/12/2024,Subway,"4,232,214"
9/12/2024,SIR,"8,174"
9/12/2024,MNR,"228,985"
9/12/2024,LIRR,"263,539"
9/12/2024,Bus,"1,515,496"
9/12/2024,BT,"993,520"
9/13/2024,AAR,"37,297"
9/13/2024,Subway,"3,911,412"
9/13/2024,SIR,"6,989"
9/13/2024,MNR,"219,747"
9/13/2024,LIRR,"254,945"
9/13/2024,Bus,"1,442,741"
9/13/2024,BT,"1,024,954"
9/14/2024,BT,"1,010,708"
9/14/2024,Subway,"2,706,474"
9/14/2024,SIR,"3,402"
9/14/2024,MNR,"136,864"
9/14/2024,LIRR,"145,099"
9/14/2024,Bus,"913,017"
9/14/2024,AAR,"24,473"
9/15/2024,BT,"954,266"
9/15/2024,Subway,"2,161,737"
9/15/2024,SIR,"2,605"
9/15/2024,MNR,"118,303"
9/15/2024,LIRR,"128,174"
9/15/2024,Bus,"705,080"
9/15/2024,AAR,"24,154"
9/16/2024,AAR,"35,319"
9/16/2024,Subway,"3,821,428"
9/16/2024,SIR,"7,734"
9/16/2024,MNR,"215,601"
9/16/2024,LIRR,"254,618"
9/16/2024,Bus,"1,473,843"
9/16/2024,BT,"942,442"
9/17/2024,MNR,"232,809"
9/17/2024,Subway,"4,189,311"
9/17/2024,SIR,"8,503"
9/17/2024,LIRR,"268,678"
9/17/2024,Bus,"1,536,675"
9/17/2024,BT,"953,515"
9/17/2024,AAR,"38,667"
9/18/2024,Bus,"1,539,412"
9/18/2024,Subway,"4,232,888"
9/18/2024,SIR,"8,603"
9/18/2024,AAR,"39,300"
9/18/2024,MNR,"229,697"
9/18/2024,LIRR,"281,624"
9/18/2024,BT,"971,180"
9/19/2024,BT,"1,006,254"
9/19/2024,Subway,"4,255,184"
9/19/2024,SIR,"8,367"
9/19/2024,MNR,"226,944"
9/19/2024,LIRR,"272,725"
9/19/2024,Bus,"1,547,727"
9/19/2024,AAR,"38,515"
9/20/2024,BT,"1,029,142"
9/20/2024,Subway,"3,933,048"
9/20/2024,SIR,"7,029"
9/20/2024,MNR,"215,673"
9/20/2024,LIRR,"270,065"
9/20/2024,Bus,"1,471,585"
9/20/2024,AAR,"36,687"
9/21/2024,AAR,"23,611"
9/21/2024,Subway,"2,744,632"
9/21/2024,SIR,"3,736"
9/21/2024,MNR,"133,469"
9/21/2024,LIRR,"160,150"
9/21/2024,Bus,"950,423"
9/21/2024,BT,"988,882"
9/22/2024,MNR,"102,752"
9/22/2024,Subway,"2,131,910"
9/22/2024,SIR,"2,560"
9/22/2024,LIRR,"131,192"
9/22/2024,Bus,"737,715"
9/22/2024,BT,"945,072"
9/22/2024,AAR,"23,164"
9/23/2024,BT,"931,098"
9/23/2024,Subway,"3,898,806"
9/23/2024,SIR,"7,994"
9/23/2024,MNR,"218,237"
9/23/2024,LIRR,"250,701"
9/23/2024,Bus,"1,457,916"
9/23/2024,AAR,"34,543"
9/24/2024,BT,"936,254"
9/24/2024,Subway,"4,323,708"
9/24/2024,SIR,"8,938"
9/24/2024,MNR,"240,779"
9/24/2024,LIRR,"270,524"
9/24/2024,Bus,"1,500,066"
9/24/2024,AAR,"37,488"
9/25/2024,BT,"945,383"
9/25/2024,Subway,"4,335,945"
9/25/2024,SIR,"8,904"
9/25/2024,MNR,"236,202"
9/25/2024,LIRR,"267,471"
9/25/2024,Bus,"1,487,149"
9/25/2024,AAR,"37,829"
9/26/2024,AAR,"37,117"
9/26/2024,Subway,"4,295,723"
9/26/2024,SIR,"8,216"
9/26/2024,MNR,"228,971"
9/26/2024,LIRR,"264,141"
9/26/2024,Bus,"1,467,648"
9/26/2024,BT,"970,082"
9/27/2024,AAR,"35,968"
9/27/2024,Subway,"3,945,383"
9/27/2024,SIR,"6,992"
9/27/2024,MNR,"221,034"
9/27/2024,LIRR,"258,258"
9/27/2024,Bus,"1,438,524"
9/27/2024,BT,"1,015,362"
9/28/2024,BT,"925,863"
9/28/2024,Subway,"2,557,982"
9/28/2024,SIR,"2,928"
9/28/2024,MNR,"132,177"
9/28/2024,LIRR,"134,408"
9/28/2024,Bus,"863,284"
9/28/2024,AAR,"22,142"
9/29/2024,BT,"867,370"
9/29/2024,Subway,"1,959,363"
9/29/2024,SIR,"2,782"
9/29/2024,MNR,"102,805"
9/29/2024,LIRR,"117,572"
9/29/2024,Bus,"664,367"
9/29/2024,AAR,"22,340"
9/30/2024,BT,"929,271"
9/30/2024,Subway,"3,849,138"
9/30/2024,SIR,"7,845"
9/30/2024,MNR,"217,897"
9/30/2024,LIRR,"256,547"
9/30/2024,Bus,"1,486,507"
9/30/2024,AAR,"34,701"
10/1/2024,AAR,"38,299"
10/1/2024,Subway,"4,179,363"
10/1/2024,SIR,"9,716"
10/1/2024,MNR,"218,836"
10/1/2024,LIRR,"247,737"
10/1/2024,Bus,"1,546,620"
10/1/2024,BT,"926,619"
10/2/2024,AAR,"38,330"
10/2/2024,Subway,"4,068,073"
10/2/2024,SIR,"9,543"
10/2/2024,MNR,"227,124"
10/2/2024,LIRR,"258,854"
10/2/2024,Bus,"1,504,660"
10/2/2024,BT,"945,685"
10/3/2024,BT,"930,814"
10/3/2024,Subway,"3,627,528"
10/3/2024,SIR,"7,273"
10/3/2024,MNR,"217,197"
10/3/2024,LIRR,"246,586"
10/3/2024,Bus,"1,333,760"
10/3/2024,AAR,"35,952"
10/4/2024,BT,"951,311"
10/4/2024,Subway,"3,506,654"
10/4/2024,SIR,"6,361"
10/4/2024,MNR,"215,328"
10/4/2024,LIRR,"251,723"
10/4/2024,Bus,"1,313,232"
10/4/2024,AAR,"35,371"
10/5/2024,AAR,"23,775"
10/5/2024,Subway,"2,710,146"
10/5/2024,SIR,"4,086"
10/5/2024,MNR,"148,928"
10/5/2024,LIRR,"142,657"
10/5/2024,Bus,"953,356"
10/5/2024,BT,"970,842"
10/6/2024,AAR,"23,677"
10/6/2024,Subway,"2,065,294"
10/6/2024,SIR,"2,534"
10/6/2024,MNR,"105,906"
10/6/2024,LIRR,"111,257"
10/6/2024,Bus,"737,760"
10/6/2024,BT,"916,583"
10/7/2024,Bus,"1,478,576"
10/7/2024,Subway,"3,847,055"
10/7/2024,SIR,"8,833"
10/7/2024,AAR,"35,754"
10/7/2024,MNR,"220,335"
10/7/2024,LIRR,"250,063"
10/7/2024,BT,"921,480"
10/8/2024,BT,"950,149"
10/8/2024,Subway,"4,256,950"
10/8/2024,SIR,"10,259"
10/8/2024,MNR,"235,974"
10/8/2024,LIRR,"275,934"
10/8/2024,Bus,"1,554,839"
10/8/2024,AAR,"39,100"
10/9/2024,BT,"962,957"
10/9/2024,Subway,"4,313,211"
10/9/2024,SIR,"9,926"
10/9/2024,MNR,"234,694"
10/9/2024,LIRR,"275,026"
10/9/2024,Bus,"1,555,422"
10/9/2024,AAR,"39,877"
10/10/2024,AAR,"38,911"
10/10/2024,Subway,"4,329,161"
10/10/2024,SIR,"9,495"
10/10/2024,MNR,"233,710"
10/10/2024,LIRR,"272,428"
10/10/2024,Bus,"1,534,201"
10/10/2024,BT,"995,629"
10/11/2024,AAR,"37,027"
10/11/2024,Subway,"3,868,564"
10/11/2024,SIR,"7,977"
10/11/2024,MNR,"224,122"
10/11/2024,LIRR,"257,460"
10/11/2024,Bus,"1,435,476"
10/11/2024,BT,"1,026,778"
10/12/2024,BT,"961,732"
10/12/2024,Subway,"2,587,128"
10/12/2024,SIR,"3,409"
10/12/2024,MNR,"144,234"
10/12/2024,LIRR,"149,093"
10/12/2024,Bus,"940,999"
10/12/2024,AAR,"23,525"
10/13/2024,BT,"915,669"
10/13/2024,Subway,"2,153,429"
10/13/2024,SIR,"3,574"
10/13/2024,MNR,"120,235"
10/13/2024,LIRR,"127,619"
10/13/2024,Bus,"744,866"
10/13/2024,AAR,"23,354"
10/14/2024,AAR,"26,827"
10/14/2024,Subway,"3,066,851"
10/14/2024,SIR,"5,124"
10/14/2024,MNR,"225,263"
10/14/2024,LIRR,"240,501"
10/14/2024,Bus,"1,076,828"
10/14/2024,BT,"915,402"
10/15/2024,MNR,"249,266"
10/15/2024,Subway,"4,284,818"
10/15/2024,SIR,"9,369"
10/15/2024,LIRR,"270,652"
10/15/2024,Bus,"1,487,706"
10/15/2024,BT,"960,559"
10/15/2024,AAR,"38,788"
10/16/2024,BT,"955,971"
10/16/2024,Subway,"4,357,117"
10/16/2024,SIR,"9,783"
10/16/2024,MNR,"236,091"
10/16/2024,LIRR,"279,608"
10/16/2024,Bus,"1,495,298"
10/16/2024,AAR,"39,579"
10/17/2024,BT,"946,905"
10/17/2024,Subway,"4,309,633"
10/17/2024,SIR,"9,362"
10/17/2024,MNR,"237,000"
10/17/2024,LIRR,"277,906"
10/17/2024,Bus,"1,496,057"
10/17/2024,AAR,"37,093"
10/18/2024,BT,"998,473"
10/18/2024,Subway,"4,030,998"
10/18/2024,SIR,"8,258"
10/18/2024,MNR,"229,999"
10/18/2024,LIRR,"272,133"
10/18/2024,Bus,"1,443,165"
10/18/2024,AAR,"36,732"
10/19/2024,AAR,"24,053"
10/19/2024,Subway,"2,752,350"
10/19/2024,SIR,"3,588"
10/19/2024,MNR,"147,214"
10/19/2024,LIRR,"156,212"
10/19/2024,Bus,"930,951"
10/19/2024,BT,"985,303"
10/20/2024,AAR,"24,069"
10/20/2024,Subway,"2,176,476"
10/20/2024,SIR,"2,606"
10/20/2024,MNR,"122,789"
10/20/2024,LIRR,"127,452"
10/20/2024,Bus,"733,271"
10/20/2024,BT,"943,247"
10/21/2024,BT,"942,132"
10/21/2024,Subway,"3,842,315"
10/21/2024,SIR,"8,975"
10/21/2024,MNR,"219,983"
10/21/2024,LIRR,"247,857"
10/21/2024,Bus,"1,471,964"
10/21/2024,AAR,"35,133"
10/22/2024,BT,"937,004"
10/22/2024,Subway,"4,218,881"
10/22/2024,SIR,"9,628"
10/22/2024,MNR,"237,771"
10/22/2024,LIRR,"268,294"
10/22/2024,Bus,"1,528,809"
10/22/2024,AAR,"38,656"
10/23/2024,AAR,"39,211"
10/23/2024,Subway,"4,276,606"
10/23/2024,SIR,"9,629"
10/23/2024,MNR,"233,881"
10/23/2024,LIRR,"257,031"
10/23/2024,Bus,"1,537,563"
10/23/2024,BT,"934,747"
10/24/2024,AAR,"36,754"
10/24/2024,Subway,"4,304,831"
10/24/2024,SIR,"9,653"
10/24/2024,MNR,"232,459"
10/24/2024,LIRR,"260,193"
10/24/2024,Bus,"1,484,054"
10/24/2024,BT,"936,511"
10/25/2024,Bus,"1,376,080"
10/25/2024,Subway,"4,019,790"
10/25/2024,SIR,"8,083"
10/25/2024,AAR,"36,635"
10/25/2024,MNR,"223,941"
10/25/2024,LIRR,"262,815"
10/25/2024,BT,"988,880"
10/26/2024,BT,"992,081"
10/26/2024,Subway,"2,828,539"
10/26/2024,SIR,"3,423"
10/26/2024,MNR,"148,103"
10/26/2024,LIRR,"143,111"
10/26/2024,Bus,"960,099"
10/26/2024,AAR,"24,066"
10/27/2024,BT,"922,563"
10/27/2024,Subway,"2,208,683"
10/27/2024,SIR,"2,556"
10/27/2024,MNR,"115,917"
10/27/2024,LIRR,"120,849"
10/27/2024,Bus,"740,417"
10/27/2024,AAR,"23,888"
10/28/2024,AAR,"35,666"
10/28/2024,Subway,"3,983,168"
10/28/2024,SIR,"8,936"
10/28/2024,MNR,"229,873"
10/28/2024,LIRR,"253,923"
10/28/2024,Bus,"1,473,020"
10/28/2024,BT,"931,469"
10/29/2024,MNR,"249,585"
10/29/2024,Subway,"4,378,791"
10/29/2024,SIR,"9,803"
10/29/2024,LIRR,"272,526"
10/29/2024,Bus,"1,514,830"
10/29/2024,BT,"944,545"
10/29/2024,AAR,"38,621"
10/30/2024,BT,"975,195"
10/30/2024,Subway,"4,417,951"
10/30/2024,SIR,"9,878"
10/30/2024,MNR,"246,035"
10/30/2024,LIRR,"267,007"
10/30/2024,Bus,"1,533,630"
10/30/2024,AAR,"40,468"
10/31/2024,BT,"957,578"
10/31/2024,Subway,"4,340,272"
10/31/2024,SIR,"8,741"
10/31/2024,MNR,"221,856"
10/31/2024,LIRR,"257,756"
10/31/2024,Bus,"1,423,507"
10/31/2024,AAR,"37,639"
11/1/2024,BT,"991,957"
11/1/2024,Subway,"3,780,874"
11/1/2024,SIR,"6,363"
11/1/2024,MNR,"185,052"
11/1/2024,LIRR,"213,535"
11/1/2024,Bus,"1,290,003"
11/1/2024,AAR,"37,306"
11/2/2024,AAR,"24,481"
11/2/2024,Subway,"2,817,106"
11/2/2024,SIR,"3,273"
11/2/2024,MNR,"134,522"
11/2/2024,LIRR,"138,761"
11/2/2024,Bus,"924,453"
11/2/2024,BT,"945,493"
11/3/2024,AAR,"21,758"
11/3/2024,Subway,"2,602,870"
11/3/2024,SIR,"4,095"
11/3/2024,MNR,"123,028"
11/3/2024,LIRR,"132,720"
11/3/2024,Bus,"647,668"
11/3/2024,BT,"794,485"
11/4/2024,BT,"912,585"
11/4/2024,Subway,"3,949,699"
11/4/2024,SIR,"7,765"
11/4/2024,MNR,"216,014"
11/4/2024,LIRR,"243,884"
11/4/2024,Bus,"1,450,761"
11/4/2024,AAR,"36,716"
11/5/2024,BT,"862,543"
11/5/2024,Subway,"3,640,246"
11/5/2024,SIR,"6,691"
11/5/2024,MNR,"213,516"
11/5/2024,LIRR,"244,078"
11/5/2024,Bus,"1,321,929"
11/5/2024,AAR,"36,106"
11/6/2024,BT,"933,303"
11/6/2024,Subway,"4,113,411"
11/6/2024,SIR,"8,324"
11/6/2024,MNR,"221,461"
11/6/2024,LIRR,"256,311"
11/6/2024,Bus,"1,490,566"
11/6/2024,AAR,"40,044"
11/7/2024,AAR,"39,248"
11/7/2024,Subway,"4,232,190"
11/7/2024,SIR,"8,177"
11/7/2024,MNR,"226,007"
11/7/2024,LIRR,"259,228"
11/7/2024,Bus,"1,499,670"
11/7/2024,BT,"964,142"
11/8/2024,AAR,"38,062"
11/8/2024,Subway,"3,971,878"
11/8/2024,SIR,"7,038"
11/8/2024,MNR,"213,611"
11/8/2024,LIRR,"245,087"
11/8/2024,Bus,"1,428,851"
11/8/2024,BT,"996,532"
11/9/2024,BT,"929,261"
11/9/2024,Subway,"2,770,474"
11/9/2024,SIR,"3,270"
11/9/2024,MNR,"134,651"
11/9/2024,LIRR,"133,329"
11/9/2024,Bus,"920,210"
11/9/2024,AAR,"24,198"
11/10/2024,BT,"873,934"
11/10/2024,Subway,"2,117,144"
11/10/2024,SIR,"2,321"
11/10/2024,MNR,"103,048"
11/10/2024,LIRR,"105,256"
11/10/2024,Bus,"713,083"
11/10/2024,AAR,"23,972"
11/11/2024,AAR,"28,032"
11/11/2024,Subway,"3,277,617"
11/11/2024,SIR,"5,534"
11/11/2024,MNR,"206,579"
11/11/2024,LIRR,"236,005"
11/11/2024,Bus,"1,173,328"
11/11/2024,BT,"869,107"
11/12/2024,AAR,"39,828"
11/12/2024,Subway,"4,263,199"
11/12/2024,SIR,"8,595"
11/12/2024,MNR,"234,752"
11/12/2024,LIRR,"264,372"
11/12/2024,Bus,"1,487,306"
11/12/2024,BT,"927,474"
11/13/2024,Bus,"1,496,105"
11/13/2024,Subway,"4,331,024"
11/13/2024,SIR,"8,342"
11/13/2024,AAR,"41,143"
11/13/2024,MNR,"229,455"
11/13/2024,LIRR,"257,349"
11/13/2024,BT,"939,051"
11/14/2024,BT,"965,409"
11/14/2024,Subway,"4,296,568"
11/14/2024,SIR,"8,022"
11/14/2024,MNR,"217,969"
11/14/2024,LIRR,"251,765"
11/14/2024,Bus,"1,476,496"
11/14/2024,AAR,"40,039"
11/15/2024,BT,"991,883"
11/15/2024,Subway,"3,986,526"
11/15/2024,SIR,"6,829"
11/15/2024,MNR,"214,139"
11/15/2024,LIRR,"247,886"
11/15/2024,Bus,"1,386,340"
11/15/2024,AAR,"39,068"
11/16/2024,AAR,"24,556"
11/16/2024,Subway,"2,789,132"
11/16/2024,SIR,"3,013"
11/16/2024,MNR,"132,742"
11/16/2024,LIRR,"137,240"
11/16/2024,Bus,"919,983"
11/16/2024,BT,"925,881"
11/17/2024,AAR,"24,320"
11/17/2024,Subway,"2,101,806"
11/17/2024,SIR,"2,403"
11/17/2024,MNR,"101,707"
11/17/2024,LIRR,"118,405"
11/17/2024,Bus,"719,084"
11/17/2024,BT,"868,401"
11/18/2024,BT,"912,553"
11/18/2024,Subway,"3,900,958"
11/18/2024,SIR,"7,739"
11/18/2024,MNR,"214,015"
11/18/2024,LIRR,"246,602"
11/18/2024,Bus,"1,442,803"
11/18/2024,AAR,"36,682"
11/19/2024,BT,"930,306"
11/19/2024,Subway,"4,277,932"
11/19/2024,SIR,"8,396"
11/19/2024,MNR,"235,198"
11/19/2024,LIRR,"260,621"
11/19/2024,Bus,"1,504,152"
11/19/2024,AAR,"39,803"
11/20/2024,AAR,"41,321"
11/20/2024,Subway,"4,298,945"
11/20/2024,SIR,"8,694"
11/20/2024,MNR,"232,558"
11/20/2024,LIRR,"261,795"
11/20/2024,Bus,"1,508,975"
11/20/2024,BT,"959,174"
11/21/2024,MNR,"217,248"
11/21/2024,Subway,"4,217,744"
11/21/2024,SIR,"7,755"
11/21/2024,LIRR,"247,779"
11/21/2024,Bus,"1,352,576"
11/21/2024,BT,"932,654"
11/21/2024,AAR,"38,930"
11/22/2024,BT,"968,176"
11/22/2024,Subway,"3,854,860"
11/22/2024,SIR,"6,493"
11/22/2024,MNR,"205,229"
11/22/2024,LIRR,"240,803"
11/22/2024,Bus,"1,304,306"
11/22/2024,AAR,"37,694"
11/23/2024,BT,"928,381"
11/23/2024,Subway,"2,720,244"
11/23/2024,SIR,"3,057"
11/23/2024,MNR,"134,514"
11/23/2024,LIRR,"144,950"
11/23/2024,Bus,"903,100"
11/23/2024,AAR,"23,654"
11/24/2024,BT,"850,067"
11/24/2024,Subway,"2,075,015"
11/24/2024,SIR,"2,333"
11/24/2024,MNR,"104,157"
11/24/2024,LIRR,"115,037"
11/24/2024,Bus,"712,523"
11/24/2024,AAR,"24,470"
11/25/2024,AAR,"37,257"
11/25/2024,Subway,"3,914,213"
11/25/2024,SIR,"8,190"
11/25/2024,MNR,"221,649"
11/25/2024,LIRR,"259,180"
11/25/2024,Bus,"1,440,435"
11/25/2024,BT,"930,619"
11/26/2024,AAR,"39,718"
11/26/2024,Subway,"4,030,009"
11/26/2024,SIR,"8,100"
11/26/2024,MNR,"233,673"
11/26/2024,LIRR,"263,231"
11/26/2024,Bus,"1,412,275"
11/26/2024,BT,"985,462"
11/27/2024,BT,"1,011,962"
11/27/2024,Subway,"3,710,430"
11/27/2024,SIR,"7,495"
11/27/2024,MNR,"243,529"
11/27/2024,LIRR,"284,694"
11/27/2024,Bus,"1,370,366"
11/27/2024,AAR,"35,540"
11/28/2024,BT,"872,215"
11/28/2024,Subway,"1,513,447"
11/28/2024,SIR,"2,095"
11/28/2024,MNR,"103,402"
11/28/2024,LIRR,"115,895"
11/28/2024,Bus,"462,819"
11/28/2024,AAR,"26,674"
11/29/2024,AAR,"19,887"
11/29/2024,Subway,"2,677,499"
11/29/2024,SIR,"4,139"
11/29/2024,MNR,"219,251"
11/29/2024,LIRR,"243,219"
11/29/2024,Bus,"910,730"
11/29/2024,BT,"833,275"
11/30/2024,AAR,"19,542"
11/30/2024,Subway,"2,319,981"
11/30/2024,SIR,"2,916"
11/30/2024,MNR,"135,368"
11/30/2024,LIRR,"148,820"
11/30/2024,Bus,"787,685"
11/30/2024,BT,"896,098"
12/1/2024,LIRR,"116,806"
12/1/2024,Subway,"1,893,492"
12/1/2024,SIR,"2,006"
12/1/2024,BT,"898,099"
12/1/2024,AAR,"22,046"
12/1/2024,MNR,"103,768"
12/1/2024,Bus,"629,660"
12/2/2024,BT,"939,767"
12/2/2024,Subway,"3,813,795"
12/2/2024,SIR,"7,622"
12/2/2024,MNR,"209,021"
12/2/2024,LIRR,"240,375"
12/2/2024,Bus,"1,371,135"
12/2/2024,AAR,"36,224"
12/3/2024,BT,"947,535"
12/3/2024,Subway,"4,240,442"
12/3/2024,SIR,"8,289"
12/3/2024,MNR,"234,201"
12/3/2024,LIRR,"266,544"
12/3/2024,Bus,"1,455,281"
12/3/2024,AAR,"40,193"
12/4/2024,AAR,"41,858"
12/4/2024,Subway,"4,374,883"
12/4/2024,SIR,"8,265"
12/4/2024,MNR,"224,379"
12/4/2024,LIRR,"254,632"
12/4/2024,Bus,"1,446,527"
12/4/2024,BT,"951,063"
12/5/2024,AAR,"39,358"
12/5/2024,Subway,"4,354,863"
12/5/2024,SIR,"7,971"
12/5/2024,MNR,"215,246"
12/5/2024,LIRR,"254,255"
12/5/2024,Bus,"1,401,376"
12/5/2024,BT,"956,993"
12/6/2024,BT,"992,202"
12/6/2024,Subway,"4,121,085"
12/6/2024,SIR,"6,812"
12/6/2024,MNR,"206,009"
12/6/2024,LIRR,"242,555"
12/6/2024,Bus,"1,340,421"
12/6/2024,AAR,"38,598"
12/7/2024,BT,"922,341"
12/7/2024,Subway,"3,017,208"
12/7/2024,SIR,"2,926"
12/7/2024,MNR,"139,193"
12/7/2024,LIRR,"149,946"
12/7/2024,Bus,"883,693"
12/7/2024,AAR,"24,071"
12/8/2024,AAR,"24,671"
12/8/2024,Subway,"2,348,950"
12/8/2024,SIR,"2,395"
12/8/2024,MNR,"107,390"
12/8/2024,LIRR,"122,147"
12/8/2024,Bus,"708,798"
12/8/2024,BT,"854,879"
12/9/2024,MNR,"211,638"
12/9/2024,Subway,"3,941,361"
12/9/2024,SIR,"7,292"
12/9/2024,LIRR,"243,001"
12/9/2024,Bus,"1,369,917"
12/9/2024,BT,"904,158"
12/9/2024,AAR,"36,847"
12/10/2024,BT,"939,890"
12/10/2024,Subway,"4,374,063"
12/10/2024,SIR,"8,214"
12/10/2024,MNR,"234,161"
12/10/2024,LIRR,"265,077"
12/10/2024,Bus,"1,444,209"
12/10/2024,AAR,"40,973"
12/11/2024,BT,"908,825"
12/11/2024,Subway,"4,255,328"
12/11/2024,SIR,"7,923"
12/11/2024,MNR,"222,538"
12/11/2024,LIRR,"253,052"
12/11/2024,Bus,"1,353,141"
12/11/2024,AAR,"39,455"
12/12/2024,BT,"998,457"
12/12/2024,Subway,"4,527,892"
12/12/2024,SIR,"8,108"
12/12/2024,MNR,"236,210"
12/12/2024,LIRR,"269,149"
12/12/2024,Bus,"1,431,599"
12/12/2024,AAR,"41,074"
12/13/2024,AAR,"39,020"
12/13/2024,Subway,"4,178,812"
12/13/2024,SIR,"6,931"
12/13/2024,MNR,"222,096"
12/13/2024,LIRR,"248,254"
12/13/2024,Bus,"1,347,451"
12/13/2024,BT,"1,018,065"
12/14/2024,AAR,"25,602"
12/14/2024,Subway,"3,123,454"
12/14/2024,SIR,"3,452"
12/14/2024,MNR,"159,083"
12/14/2024,LIRR,"161,398"
12/14/2024,Bus,"882,335"
12/14/2024,BT,"952,890"
12/15/2024,BT,"871,064"
12/15/2024,Subway,"2,337,436"
12/15/2024,SIR,"2,376"
12/15/2024,MNR,"108,880"
12/15/2024,LIRR,"120,386"
12/15/2024,Bus,"694,080"
12/15/2024,AAR,"24,831"
12/16/2024,BT,"898,674"
12/16/2024,Subway,"3,866,550"
12/16/2024,SIR,"7,096"
12/16/2024,MNR,"206,160"
12/16/2024,LIRR,"239,706"
12/16/2024,Bus,"1,277,624"
12/16/2024,AAR,"37,015"
12/17/2024,AAR,"40,830"
12/17/2024,Subway,"4,341,385"
12/17/2024,SIR,"8,439"
12/17/2024,MNR,"237,348"
12/17/2024,LIRR,"266,960"
12/17/2024,Bus,"1,457,557"
12/17/2024,BT,"951,799"
12/18/2024,MNR,"229,302"
12/18/2024,Subway,"4,292,792"
12/18/2024,SIR,"8,068"
12/18/2024,LIRR,"266,741"
12/18/2024,Bus,"1,430,923"
12/18/2024,BT,"970,284"
12/18/2024,AAR,"41,792"
12/19/2024,Bus,"1,431,183"
12/19/2024,Subway,"4,255,466"
12/19/2024,SIR,"7,861"
12/19/2024,AAR,"40,565"
12/19/2024,MNR,"227,613"
12/19/2024,LIRR,"267,033"
12/19/2024,BT,"1,000,668"
12/20/2024,BT,"991,204"
12/20/2024,Subway,"3,842,344"
12/20/2024,SIR,"6,493"
12/20/2024,MNR,"213,269"
12/20/2024,LIRR,"247,250"
12/20/2024,Bus,"1,296,068"
12/20/2024,AAR,"38,582"
12/21/2024,BT,"902,693"
12/21/2024,Subway,"2,645,323"
12/21/2024,SIR,"2,973"
12/21/2024,MNR,"138,248"
12/21/2024,LIRR,"147,327"
12/21/2024,Bus,"788,267"
12/21/2024,AAR,"23,289"
12/22/2024,AAR,"23,526"
12/22/2024,Subway,"2,061,173"
12/22/2024,SIR,"2,330"
12/22/2024,MNR,"110,023"
12/22/2024,LIRR,"121,379"
12/22/2024,Bus,"607,735"
12/22/2024,BT,"833,463"
12/23/2024,AAR,"33,496"
12/23/2024,Subway,"3,216,875"
12/23/2024,SIR,"5,776"
12/23/2024,MNR,"210,375"
12/23/2024,LIRR,"253,495"
12/23/2024,Bus,"1,087,369"
12/23/2024,BT,"942,818"
12/24/2024,BT,"894,279"
12/24/2024,Subway,"2,546,394"
12/24/2024,SIR,"4,272"
12/24/2024,MNR,"173,267"
12/24/2024,LIRR,"211,807"
12/24/2024,Bus,"906,044"
12/24/2024,AAR,"29,443"
12/25/2024,BT,"749,496"
12/25/2024,Subway,"1,378,374"
12/25/2024,SIR,"1,848"
12/25/2024,MNR,"66,693"
12/25/2024,LIRR,"87,185"
12/25/2024,Bus,"417,229"
12/25/2024,AAR,"18,972"
12/26/2024,AAR,"25,211"
12/26/2024,Subway,"2,852,679"
12/26/2024,SIR,"5,222"
12/26/2024,MNR,"203,127"
12/26/2024,LIRR,"240,534"
12/26/2024,Bus,"982,867"
12/26/2024,BT,"872,652"
12/27/2024,MNR,"225,114"
12/27/2024,Subway,"3,161,486"
12/27/2024,SIR,"5,656"
12/27/2024,LIRR,"254,609"
12/27/2024,Bus,"1,058,666"
12/27/2024,BT,"909,970"
12/27/2024,AAR,"30,638"
12/28/2024,BT,"815,989"
12/28/2024,Subway,"2,268,511"
12/28/2024,SIR,"2,757"
12/28/2024,MNR,"119,418"
12/28/2024,LIRR,"139,519"
12/28/2024,Bus,"726,217"
12/28/2024,AAR,"19,881"
12/29/2024,BT,"813,671"
12/29/2024,Subway,"2,122,120"
12/29/2024,SIR,"2,629"
12/29/2024,MNR,"107,415"
12/29/2024,LIRR,"127,153"
12/29/2024,Bus,"664,694"
12/29/2024,AAR,"22,149"
12/30/2024,BT,"900,106"
12/30/2024,Subway,"3,316,046"
12/30/2024,SIR,"6,159"
12/30/2024,MNR,"209,077"
12/30/2024,LIRR,"248,532"
12/30/2024,Bus,"1,111,524"
12/30/2024,AAR,"31,713"
12/31/2024,AAR,"31,482"
12/31/2024,Subway,"2,874,166"
12/31/2024,SIR,"4,926"
12/31/2024,MNR,"186,037"
12/31/2024,LIRR,"223,942"
12/31/2024,Bus,"985,813"
12/31/2024,BT,"822,039"
1/1/2025,AAR,"12,417"
1/1/2025,Subway,"1,779,501"
1/1/2025,SIR,"2,040"
1/1/2025,MNR,"74,690"
1/1/2025,LIRR,"90,318"
1/1/2025,Bus,"496,604"
1/1/2025,BT,"680,486"
1/2/2025,BT,"834,692"
1/2/2025,Subway,"3,377,364"
1/2/2025,SIR,"6,548"
1/2/2025,MNR,"165,475"
1/2/2025,LIRR,"210,914"
1/2/2025,Bus,"1,208,636"
1/2/2025,AAR,"31,265"
1/3/2025,BT,"850,636"
1/3/2025,Subway,"3,413,456"
1/3/2025,SIR,"6,243"
1/3/2025,MNR,"163,577"
1/3/2025,LIRR,"203,652"
1/3/2025,Bus,"1,234,565"
1/3/2025,AAR,"35,900"
1/4/2025,AAR,"21,999"
1/4/2025,Subway,"2,315,791"
1/4/2025,SIR,"2,673"
1/4/2025,MNR,"100,579"
1/4/2025,LIRR,"117,004"
1/4/2025,Bus,"781,198"
1/4/2025,BT,"791,790"
1/5/2025,BT,"729,102"
1/5/2025,Subway,"1,791,537"
1/5/2025,SIR,"2,039"
1/5/2025,MNR,"79,761"
1/5/2025,LIRR,"96,683"
1/5/2025,CRZ Entries,"417,890"
1/5/2025,CBD Entries,"474,551"
1/5/2025,Bus,"626,644"
1/5/2025,AAR,"23,665"
1/6/2025,CRZ Entries,"437,698"
1/6/2025,Subway,"3,437,198"
1/6/2025,SIR,"6,888"
1/6/2025,MNR,"202,575"
1/6/2025,Bus,"1,270,655"
1/6/2025,AAR,"35,840"
1/6/2025,BT,"796,514"
1/6/2025,LIRR,"229,503"
1/6/2025,CBD Entries,"494,915"
1/7/2025,BT,"846,978"
1/7/2025,Subway,"3,784,051"
1/7/2025,SIR,"7,410"
1/7/2025,MNR,"220,945"
1/7/2025,LIRR,"245,930"
1/7/2025,CRZ Entries,"469,821"
1/7/2025,CBD Entries,"529,634"
1/7/2025,Bus,"1,315,134"
1/7/2025,AAR,"38,048"
1/8/2025,AAR,"39,406"
1/8/2025,Subway,"3,834,806"
1/8/2025,SIR,"7,799"
1/8/2025,MNR,"209,550"
1/8/2025,LIRR,"239,444"
1/8/2025,CRZ Entries,"479,247"
1/8/2025,CBD Entries,"542,412"
1/8/2025,Bus,"1,329,939"
1/8/2025,BT,"856,981"
1/9/2025,LIRR,"229,804"
1/9/2025,Subway,"3,757,580"
1/9/2025,SIR,"6,845"
1/9/2025,MNR,"198,894"
1/9/2025,CRZ Entries,"489,135"
1/9/2025,CBD Entries,"553,214"
1/9/2025,Bus,"1,306,116"
1/9/2025,BT,"873,408"
1/9/2025,AAR,"38,431"
1/10/2025,BT,"902,970"
1/10/2025,Subway,"3,561,095"
1/10/2025,SIR,"6,232"
1/10/2025,MNR,"189,644"
1/10/2025,LIRR,"226,639"
1/10/2025,CRZ Entries,"492,600"
1/10/2025,CBD Entries,"556,459"
1/10/2025,Bus,"1,326,845"
1/10/2025,AAR,"38,183"
1/11/2025,BT,"775,008"
1/11/2025,Subway,"2,333,104"
1/11/2025,SIR,"2,397"
1/11/2025,MNR,"96,491"
1/11/2025,LIRR,"121,021"
1/11/2025,CRZ Entries,"460,372"
1/11/2025,CBD Entries,"520,145"
1/11/2025,Bus,"814,312"
1/11/2025,AAR,"21,718"
1/12/2025,AAR,"23,573"
1/12/2025,Subway,"1,832,507"
1/12/2025,SIR,"1,748"
1/12/2025,MNR,"82,736"
1/12/2025,LIRR,"98,780"
1/12/2025,CRZ Entries,"420,030"
1/12/2025,CBD Entries,"480,261"
1/12/2025,Bus,"667,294"
1/12/2025,BT,"751,235"
1/13/2025,AAR,"37,067"
1/13/2025,Subway,"3,565,093"
1/13/2025,SIR,"7,013"
1/13/2025,MNR,"202,056"
1/13/2025,LIRR,"232,624"
1/13/2025,CRZ Entries,"460,607"
1/13/2025,CBD Entries,"522,542"
1/13/2025,Bus,"1,366,764"
1/13/2025,BT,"850,931"
1/14/2025,Bus,"1,395,685"
1/14/2025,Subway,"3,901,919"
1/14/2025,SIR,"7,600"
1/14/2025,AAR,"39,810"
1/14/2025,MNR,"218,691"
1/14/2025,LIRR,"252,417"
1/14/2025,CRZ Entries,"481,826"
1/14/2025,CBD Entries,"547,385"
1/14/2025,BT,"869,282"
1/15/2025,BT,"877,344"
1/15/2025,Subway,"3,927,198"
1/15/2025,SIR,"7,739"
1/15/2025,MNR,"211,912"
1/15/2025,LIRR,"237,904"
1/15/2025,CRZ Entries,"497,584"
1/15/2025,CBD Entries,"561,608"
1/15/2025,Bus,"1,391,070"
1/15/2025,AAR,"40,471"
1/16/2025,AAR,"39,239"
1/16/2025,Subway,"3,919,882"
1/16/2025,SIR,"7,319"
1/16/2025,MNR,"210,063"
1/16/2025,LIRR,"244,145"
1/16/2025,CRZ Entries,"513,344"
1/16/2025,CBD Entries,"575,713"
1/16/2025,Bus,"1,394,686"
1/16/2025,BT,"904,987"
1/17/2025,MNR,"197,835"
1/17/2025,Subway,"3,604,425"
1/17/2025,SIR,"6,235"
1/17/2025,LIRR,"231,166"
1/17/2025,CRZ Entries,"508,351"
1/17/2025,CBD Entries,"573,957"
1/17/2025,Bus,"1,356,698"
1/17/2025,BT,"935,757"
1/17/2025,AAR,"38,857"
1/18/2025,BT,"830,805"
1/18/2025,Subway,"2,336,087"
1/18/2025,SIR,"2,244"
1/18/2025,MNR,"103,091"
1/18/2025,LIRR,"122,763"
1/18/2025,CRZ Entries,"464,644"
1/18/2025,CBD Entries,"526,690"
1/18/2025,Bus,"831,369"
1/18/2025,AAR,"23,229"
1/19/2025,AAR,"20,610"
1/19/2025,Subway,"1,828,934"
1/19/2025,SIR,"1,709"
1/19/2025,MNR,"75,906"
1/19/2025,LIRR,"87,352"
1/19/2025,CRZ Entries,"352,565"
1/19/2025,CBD Entries,"399,484"
1/19/2025,Bus,"586,622"
1/19/2025,BT,"608,391"
1/20/2025,AAR,"17,801"
1/20/2025,Subway,"2,216,281"
1/20/2025,SIR,"2,849"
1/20/2025,MNR,"78,479"
1/20/2025,LIRR,"96,444"
1/20/2025,CRZ Entries,"375,494"
1/20/2025,CBD Entries,"428,175"
1/20/2025,Bus,"797,268"
1/20/2025,BT,"706,001"
1/21/2025,CBD Entries,"549,720"
1/21/2025,Subway,"3,624,134"
1/21/2025,SIR,"6,563"
1/21/2025,BT,"844,346"
1/21/2025,MNR,"212,861"
1/21/2025,AAR,"35,218"
1/21/2025,LIRR,"240,724"
1/21/2025,CRZ Entries,"487,435"
1/21/2025,Bus,"1,252,532"
1/22/2025,BT,"845,278"
1/22/2025,Subway,"3,745,833"
1/22/2025,SIR,"6,840"
1/22/2025,MNR,"209,338"
1/22/2025,LIRR,"239,508"
1/22/2025,CRZ Entries,"497,768"
1/22/2025,CBD Entries,"559,666"
1/22/2025,Bus,"1,289,449"
1/22/2025,AAR,"37,701"
1/23/2025,AAR,"38,358"
1/23/2025,Subway,"3,870,712"
1/23/2025,SIR,"6,992"
1/23/2025,MNR,"209,534"
1/23/2025,LIRR,"242,403"
1/23/2025,CRZ Entries,"516,809"
1/23/2025,CBD Entries,"581,646"
1/23/2025,Bus,"1,361,328"
1/23/2025,BT,"886,799"
1/24/2025,MNR,"195,169"
1/24/2025,Subway,"3,584,146"
1/24/2025,SIR,"5,802"
1/24/2025,LIRR,"234,056"
1/24/2025,CRZ Entries,"509,786"
1/24/2025,CBD Entries,"574,846"
1/24/2025,Bus,"1,318,449"
1/24/2025,BT,"905,789"
1/24/2025,AAR,"37,509"
1/25/2025,BT,"816,805"
1/25/2025,Subway,"2,486,799"
1/25/2025,SIR,"2,559"
1/25/2025,MNR,"103,192"
1/25/2025,LIRR,"130,818"
1/25/2025,CRZ Entries,"492,129"
1/25/2025,CBD Entries,"550,554"
1/25/2025,Bus,"868,042"
1/25/2025,AAR,"22,654"
1/26/2025,AAR,"23,439"
1/26/2025,Subway,"1,882,291"
1/26/2025,SIR,"1,964"
1/26/2025,MNR,"82,565"
1/26/2025,LIRR,"100,305"
1/26/2025,CRZ Entries,"431,926"
1/26/2025,CBD Entries,"492,995"
1/26/2025,Bus,"689,249"
1/26/2025,BT,"750,444"
1/27/2025,LIRR,"239,834"
1/27/2025,Subway,"3,612,704"
1/27/2025,SIR,"6,779"
1/27/2025,MNR,"200,074"
1/27/2025,CRZ Entries,"466,181"
1/27/2025,CBD Entries,"528,877"
1/27/2025,Bus,"1,385,882"
1/27/2025,BT,"853,170"
1/27/2025,AAR,"36,731"
1/28/2025,Bus,"1,479,059"
1/28/2025,Subway,"4,057,100"
1/28/2025,SIR,"7,596"
1/28/2025,AAR,"39,676"
1/28/2025,MNR,"218,807"
1/28/2025,LIRR,"260,461"
1/28/2025,CRZ Entries,"488,692"
1/28/2025,CBD Entries,"553,013"
1/28/2025,BT,"874,166"
1/29/2025,BT,"862,094"
1/29/2025,Subway,"3,735,444"
1/29/2025,SIR,"6,678"
1/29/2025,MNR,"213,599"
1/29/2025,LIRR,"246,641"
1/29/2025,CRZ Entries,"498,937"
1/29/2025,CBD Entries,"563,827"
1/29/2025,Bus,"1,295,961"
1/29/2025,AAR,"39,355"
1/30/2025,AAR,"39,342"
1/30/2025,Subway,"4,088,389"
1/30/2025,SIR,"7,370"
1/30/2025,MNR,"210,602"
1/30/2025,LIRR,"243,926"
1/30/2025,CRZ Entries,"522,538"
1/30/2025,CBD Entries,"589,219"
1/30/2025,Bus,"1,470,801"
1/30/2025,BT,"913,838"
1/31/2025,MNR,"190,971"
1/31/2025,Subway,"3,624,121"
1/31/2025,SIR,"6,031"
1/31/2025,LIRR,"225,159"
1/31/2025,CRZ Entries,"505,016"
1/31/2025,CBD Entries,"571,207"
1/31/2025,Bus,"1,358,908"
1/31/2025,BT,"904,420"
1/31/2025,AAR,"75,450"
2/1/2025,BT,"818,559"
2/1/2025,Subway,"2,483,263"
2/1/2025,SIR,"2,563"
2/1/2025,MNR,"94,588"
2/1/2025,LIRR,"114,523"
2/1/2025,CRZ Entries,"479,554"
2/1/2025,CBD Entries,"539,605"
2/1/2025,Bus,"895,648"
2/1/2025,AAR,"47,702"
2/2/2025,AAR,"24,063"
2/2/2025,Subway,"1,848,424"
2/2/2025,SIR,"1,875"
2/2/2025,MNR,"72,681"
2/2/2025,LIRR,"132,846"
2/2/2025,CRZ Entries,"434,613"
2/2/2025,CBD Entries,"496,048"
2/2/2025,Bus,"678,873"
2/2/2025,BT,"752,428"
2/3/2025,LIRR,"223,504"
2/3/2025,Subway,"3,695,940"
2/3/2025,SIR,"7,289"
2/3/2025,MNR,"183,417"
2/3/2025,CRZ Entries,"466,399"
2/3/2025,CBD Entries,"531,887"
2/3/2025,Bus,"1,432,408"
2/3/2025,BT,"848,713"
2/3/2025,AAR,"38,076"
2/4/2025,Bus,"1,495,880"
2/4/2025,Subway,"4,150,390"
2/4/2025,SIR,"8,018"
2/4/2025,MNR,"219,042"
2/4/2025,AAR,"40,893"
2/4/2025,LIRR,"259,976"
2/4/2025,CRZ Entries,"495,393"
2/4/2025,CBD Entries,"556,635"
2/4/2025,BT,"873,398"
2/5/2025,BT,"892,163"
2/5/2025,Subway,"4,182,058"
2/5/2025,SIR,"8,108"
2/5/2025,MNR,"213,793"
2/5/2025,LIRR,"248,050"
2/5/2025,CRZ Entries,"506,354"
2/5/2025,CBD Entries,"572,999"
2/5/2025,Bus,"1,520,952"
2/5/2025,AAR,"41,896"
2/6/2025,AAR,"37,073"
2/6/2025,Subway,"3,885,191"
2/6/2025,SIR,"6,686"
2/6/2025,MNR,"182,951"
2/6/2025,LIRR,"229,479"
2/6/2025,CRZ Entries,"480,986"
2/6/2025,CBD Entries,"541,083"
2/6/2025,Bus,"1,369,499"
2/6/2025,BT,"801,999"
2/7/2025,LIRR,"236,121"
2/7/2025,Subway,"3,861,700"
2/7/2025,SIR,"6,441"
2/7/2025,MNR,"197,152"
2/7/2025,CRZ Entries,"515,515"
2/7/2025,CBD Entries,"583,245"
2/7/2025,Bus,"1,443,307"
2/7/2025,BT,"942,213"
2/7/2025,AAR,"39,874"
2/8/2025,BT,"783,842"
2/8/2025,Subway,"2,538,395"
2/8/2025,SIR,"2,681"
2/8/2025,MNR,"96,754"
2/8/2025,LIRR,"113,264"
2/8/2025,CRZ Entries,"447,300"
2/8/2025,CBD Entries,"505,573"
2/8/2025,Bus,"817,924"
2/8/2025,AAR,"23,849"
2/9/2025,BT,"612,435"
2/9/2025,Subway,"1,850,257"
2/9/2025,SIR,"1,839"
2/9/2025,MNR,"69,578"
2/9/2025,LIRR,"83,513"
2/9/2025,CRZ Entries,"370,794"
2/9/2025,CBD Entries,"423,383"
2/9/2025,Bus,"571,270"
2/9/2025,AAR,"20,935"
2/10/2025,AAR,"37,718"
2/10/2025,Subway,"3,746,029"
2/10/2025,SIR,"6,972"
2/10/2025,MNR,"198,962"
2/10/2025,LIRR,"234,725"
2/10/2025,CRZ Entries,"469,934"
2/10/2025,CBD Entries,"535,204"
2/10/2025,Bus,"1,429,999"
2/10/2025,BT,"875,734"
2/11/2025,AAR,"40,378"
2/11/2025,Subway,"4,111,749"
2/11/2025,SIR,"7,709"
2/11/2025,MNR,"215,260"
2/11/2025,LIRR,"247,848"
2/11/2025,CRZ Entries,"481,261"
2/11/2025,CBD Entries,"545,412"
2/11/2025,Bus,"1,492,601"
2/11/2025,BT,"865,810"
2/12/2025,Bus,"1,400,354"
2/12/2025,Subway,"3,940,993"
2/12/2025,SIR,"6,682"
2/12/2025,AAR,"38,659"
2/12/2025,MNR,"205,325"
2/12/2025,LIRR,"235,576"
2/12/2025,CRZ Entries,"483,102"
2/12/2025,CBD Entries,"546,966"
2/12/2025,BT,"831,747"
2/13/2025,BT,"915,759"
2/13/2025,Subway,"4,098,104"
2/13/2025,SIR,"7,310"
2/13/2025,MNR,"205,656"
2/13/2025,LIRR,"243,915"
2/13/2025,CRZ Entries,"511,719"
2/13/2025,CBD Entries,"579,674"
2/13/2025,Bus,"1,467,576"
2/13/2025,AAR,"39,932"
2/14/2025,AAR,"40,125"
2/14/2025,Subway,"3,855,445"
2/14/2025,SIR,"6,065"
2/14/2025,MNR,"198,806"
2/14/2025,LIRR,"233,715"
2/14/2025,CRZ Entries,"533,624"
2/14/2025,CBD Entries,"600,664"
2/14/2025,Bus,"1,392,764"
2/14/2025,BT,"985,525"
2/15/2025,MNR,"91,906"
2/15/2025,Subway,"2,355,977"
2/15/2025,SIR,"2,390"
2/15/2025,LIRR,"105,976"
2/15/2025,CRZ Entries,"450,300"
2/15/2025,CBD Entries,"507,992"
2/15/2025,Bus,"748,078"
2/15/2025,BT,"761,009"
2/15/2025,AAR,"21,226"
2/16/2025,BT,"669,880"
2/16/2025,Subway,"1,809,213"
2/16/2025,SIR,"1,674"
2/16/2025,MNR,"71,059"
2/16/2025,LIRR,"93,199"
2/16/2025,CRZ Entries,"401,965"
2/16/2025,CBD Entries,"456,663"
2/16/2025,Bus,"588,331"
2/16/2025,AAR,"20,949"
2/17/2025,AAR,"21,581"
2/17/2025,Subway,"2,458,343"
2/17/2025,SIR,"3,045"
2/17/2025,MNR,"84,372"
2/17/2025,LIRR,"101,826"
2/17/2025,CRZ Entries,"414,453"
2/17/2025,CBD Entries,"478,275"
2/17/2025,Bus,"911,285"
2/17/2025,BT,"788,209"
2/18/2025,AAR,"38,691"
2/18/2025,Subway,"3,698,061"
2/18/2025,SIR,"6,826"
2/18/2025,MNR,"210,850"
2/18/2025,LIRR,"243,993"
2/18/2025,CRZ Entries,"486,106"
2/18/2025,CBD Entries,"552,516"
2/18/2025,Bus,"1,279,762"
2/18/2025,BT,"883,917"
2/19/2025,CBD Entries,"556,395"
2/19/2025,Subway,"3,830,039"
2/19/2025,SIR,"6,951"
2/19/2025,BT,"889,255"
2/19/2025,MNR,"207,633"
2/19/2025,AAR,"40,363"
2/19/2025,LIRR,"243,335"
2/19/2025,CRZ Entries,"492,804"
2/19/2025,Bus,"1,318,256"
2/20/2025,BT,"887,540"
2/20/2025,Subway,"3,822,211"
2/20/2025,SIR,"6,768"
2/20/2025,MNR,"203,840"
2/20/2025,LIRR,"241,345"
2/20/2025,CRZ Entries,"504,613"
2/20/2025,CBD Entries,"567,313"
2/20/2025,Bus,"1,300,291"
2/20/2025,AAR,"37,671"
2/21/2025,AAR,"37,660"
2/21/2025,Subway,"3,481,093"
2/21/2025,SIR,"5,592"
2/21/2025,MNR,"191,570"
2/21/2025,LIRR,"228,844"
2/21/2025,CRZ Entries,"505,296"
2/21/2025,CBD Entries,"572,942"
2/21/2025,Bus,"1,231,306"
2/21/2025,BT,"918,000"
2/22/2025,MNR,"101,509"
2/22/2025,Subway,"2,492,096"
2/22/2025,SIR,"2,428"
2/22/2025,LIRR,"116,852"
2/22/2025,CRZ Entries,"484,591"
2/22/2025,CBD Entries,"547,786"
2/22/2025,Bus,"871,144"
2/22/2025,BT,"856,224"
2/22/2025,AAR,"24,126"
2/23/2025,BT,"812,302"
2/23/2025,Subway,"1,905,750"
2/23/2025,SIR,"1,885"
2/23/2025,MNR,"85,701"
2/23/2025,LIRR,"105,060"
2/23/2025,CRZ Entries,"441,386"
2/23/2025,CBD Entries,"506,040"
2/23/2025,Bus,"698,394"
2/23/2025,AAR,"24,345"
2/24/2025,AAR,"37,883"
2/24/2025,Subway,"3,722,403"
2/24/2025,SIR,"6,915"
2/24/2025,MNR,"201,187"
2/24/2025,LIRR,"234,816"
2/24/2025,CRZ Entries,"468,446"
2/24/2025,CBD Entries,"534,172"
2/24/2025,Bus,"1,454,401"
2/24/2025,BT,"872,577"
2/25/2025,LIRR,"258,241"
2/25/2025,Subway,"4,094,456"
2/25/2025,SIR,"7,891"
2/25/2025,MNR,"220,142"
2/25/2025,CRZ Entries,"489,948"
2/25/2025,CBD Entries,"557,580"
2/25/2025,Bus,"1,517,387"
2/25/2025,BT,"897,388"
2/25/2025,AAR,"41,177"
2/26/2025,Bus,"1,532,417"
2/26/2025,Subway,"4,202,962"
2/26/2025,SIR,"8,103"
2/26/2025,AAR,"42,667"
2/26/2025,MNR,"217,753"
2/26/2025,LIRR,"254,446"
2/26/2025,CRZ Entries,"509,920"
2/26/2025,CBD Entries,"578,328"
2/26/2025,BT,"927,095"
2/27/2025,BT,"942,667"
2/27/2025,Subway,"4,123,434"
2/27/2025,SIR,"7,617"
2/27/2025,MNR,"213,554"
2/27/2025,LIRR,"249,988"
2/27/2025,CRZ Entries,"521,067"
2/27/2025,CBD Entries,"591,045"
2/27/2025,Bus,"1,491,904"
2/27/2025,AAR,"40,994"
2/28/2025,AAR,"40,313"
2/28/2025,Subway,"3,867,670"
2/28/2025,SIR,"6,564"
2/28/2025,MNR,"202,576"
2/28/2025,LIRR,"241,045"
2/28/2025,CRZ Entries,"518,463"
2/28/2025,CBD Entries,"588,989"
2/28/2025,Bus,"1,444,353"
2/28/2025,BT,"981,859"
3/1/2025,MNR,"104,535"
3/1/2025,Subway,"2,655,494"
3/1/2025,SIR,"2,847"
3/1/2025,LIRR,"124,608"
3/1/2025,CRZ Entries,"492,535"
3/1/2025,CBD Entries,"557,335"
3/1/2025,Bus,"947,470"
3/1/2025,BT,"890,866"
3/1/2025,AAR,"25,348"
3/2/2025,BT,"797,986"
3/2/2025,Subway,"1,943,509"
3/2/2025,SIR,"1,887"
3/2/2025,MNR,"75,153"
3/2/2025,LIRR,"90,230"
3/2/2025,CRZ Entries,"440,009"
3/2/2025,CBD Entries,"505,319"
3/2/2025,Bus,"685,236"
3/2/2025,AAR,"24,730"
3/3/2025,AAR,"38,493"
3/3/2025,Subway,"3,783,633"
3/3/2025,SIR,"7,226"
3/3/2025,MNR,"190,695"
3/3/2025,LIRR,"227,656"
3/3/2025,CRZ Entries,"473,220"
3/3/2025,CBD Entries,"539,800"
3/3/2025,Bus,"1,446,066"
3/3/2025,BT,"879,963"
3/4/2025,AAR,"42,252"
3/4/2025,Subway,"4,178,706"
3/4/2025,SIR,"7,997"
3/4/2025,MNR,"222,055"
3/4/2025,LIRR,"257,066"
3/4/2025,CRZ Entries,"496,134"
3/4/2025,CBD Entries,"563,736"
3/4/2025,Bus,"1,530,724"
3/4/2025,BT,"894,951"
3/5/2025,Bus,"1,464,569"
3/5/2025,Subway,"4,139,402"
3/5/2025,SIR,"7,738"
3/5/2025,MNR,"211,791"
3/5/2025,AAR,"41,857"
3/5/2025,LIRR,"246,143"
3/5/2025,CRZ Entries,"499,816"
3/5/2025,CBD Entries,"563,880"
3/5/2025,BT,"891,406"
3/6/2025,BT,"950,398"
3/6/2025,Subway,"4,177,390"
3/6/2025,SIR,"7,537"
3/6/2025,MNR,"214,413"
3/6/2025,LIRR,"248,999"
3/6/2025,CRZ Entries,"521,249"
3/6/2025,CBD Entries,"592,139"
3/6/2025,Bus,"1,506,745"
3/6/2025,AAR,"41,928"
3/7/2025,AAR,"40,968"
3/7/2025,Subway,"3,877,969"
3/7/2025,SIR,"6,389"
3/7/2025,MNR,"203,928"
3/7/2025,LIRR,"243,527"
3/7/2025,CRZ Entries,"523,770"
3/7/2025,CBD Entries,"591,133"
3/7/2025,Bus,"1,436,637"
3/7/2025,BT,"972,404"
3/8/2025,LIRR,"124,078"
3/8/2025,Subway,"2,662,053"
3/8/2025,SIR,"2,614"
3/8/2025,MNR,"110,319"
3/8/2025,CRZ Entries,"492,920"
3/8/2025,CBD Entries,"557,011"
3/8/2025,Bus,"946,022"
3/8/2025,BT,"888,491"
3/8/2025,AAR,"25,318"
3/9/2025,BT,"814,195"
3/9/2025,Subway,"1,991,779"
3/9/2025,SIR,"1,898"
3/9/2025,MNR,"86,431"
3/9/2025,LIRR,"104,989"
3/9/2025,CRZ Entries,"441,854"
3/9/2025,CBD Entries,"505,972"
3/9/2025,Bus,"717,213"
3/9/2025,AAR,"25,436"
3/10/2025,BT,"907,327"
3/10/2025,Subway,"3,849,712"
3/10/2025,SIR,"7,331"
3/10/2025,MNR,"209,606"
3/10/2025,LIRR,"249,300"
3/10/2025,CRZ Entries,"480,608"
3/10/2025,CBD Entries,"546,535"
3/10/2025,Bus,"1,480,720"
3/10/2025,AAR,"38,272"
3/11/2025,AAR,"42,531"
3/11/2025,Subway,"4,220,071"
3/11/2025,SIR,"8,162"
3/11/2025,MNR,"228,328"
3/11/2025,LIRR,"261,433"
3/11/2025,CRZ Entries,"503,968"
3/11/2025,CBD Entries,"567,866"
3/11/2025,Bus,"1,547,477"
3/11/2025,BT,"916,601"
3/12/2025,AAR,"43,034"
3/12/2025,Subway,"4,273,439"
3/12/2025,SIR,"7,992"
3/12/2025,MNR,"226,656"
3/12/2025,LIRR,"259,006"
3/12/2025,CRZ Entries,"515,887"
3/12/2025,CBD Entries,"583,170"
3/12/2025,Bus,"1,558,707"
3/12/2025,BT,"929,995"
3/13/2025,Bus,"1,545,407"
3/13/2025,Subway,"4,265,918"
3/13/2025,SIR,"7,723"
3/13/2025,AAR,"41,922"
3/13/2025,MNR,"224,898"
3/13/2025,LIRR,"262,786"
3/13/2025,CRZ Entries,"527,771"
3/13/2025,CBD Entries,"598,216"
3/13/2025,BT,"961,852"
3/14/2025,BT,"985,018"
3/14/2025,Subway,"3,926,685"
3/14/2025,SIR,"6,547"
3/14/2025,MNR,"213,317"
3/14/2025,LIRR,"258,621"
3/14/2025,CRZ Entries,"527,511"
3/14/2025,CBD Entries,"599,204"
3/14/2025,Bus,"1,461,424"
3/14/2025,AAR,"40,590"
3/15/2025,AAR,"25,703"
3/15/2025,Subway,"2,686,698"
3/15/2025,SIR,"2,900"
3/15/2025,MNR,"119,626"
3/15/2025,LIRR,"142,839"
3/15/2025,CRZ Entries,"506,043"
3/15/2025,CBD Entries,"571,554"
3/15/2025,Bus,"957,923"
3/15/2025,BT,"914,293"
3/16/2025,MNR,"88,439"
3/16/2025,Subway,"2,111,229"
3/16/2025,SIR,"2,114"
3/16/2025,LIRR,"113,968"
3/16/2025,CRZ Entries,"443,664"
3/16/2025,CBD Entries,"499,751"
3/16/2025,Bus,"682,090"
3/16/2025,BT,"839,409"
3/16/2025,AAR,"24,499"
3/17/2025,BT,"880,331"
3/17/2025,Subway,"3,751,313"
3/17/2025,SIR,"7,185"
3/17/2025,MNR,"210,355"
3/17/2025,LIRR,"246,824"
3/17/2025,CRZ Entries,"466,563"
3/17/2025,CBD Entries,"531,847"
3/17/2025,Bus,"1,386,978"
3/17/2025,AAR,"37,228"
3/18/2025,AAR,"42,071"
3/18/2025,Subway,"4,232,297"
3/18/2025,SIR,"7,913"
3/18/2025,MNR,"230,580"
3/18/2025,LIRR,"264,924"
3/18/2025,CRZ Entries,"501,213"
3/18/2025,CBD Entries,"566,074"
3/18/2025,Bus,"1,544,388"
3/18/2025,BT,"921,714"
3/19/2025,AAR,"43,453"
3/19/2025,Subway,"4,274,997"
3/19/2025,SIR,"8,090"
3/19/2025,MNR,"225,253"
3/19/2025,LIRR,"260,031"
3/19/2025,CRZ Entries,"508,370"
3/19/2025,CBD Entries,"578,088"
3/19/2025,Bus,"1,558,820"
3/19/2025,BT,"939,086"
3/20/2025,CBD Entries,"592,129"
3/20/2025,Subway,"4,191,910"
3/20/2025,SIR,"7,492"
3/20/2025,BT,"953,667"
3/20/2025,MNR,"220,117"
3/20/2025,AAR,"41,308"
3/20/2025,LIRR,"261,511"
3/20/2025,CRZ Entries,"521,956"
3/20/2025,Bus,"1,509,884"
3/21/2025,BT,"975,048"
3/21/2025,Subway,"3,873,120"
3/21/2025,SIR,"6,422"
3/21/2025,MNR,"208,980"
3/21/2025,LIRR,"248,037"
3/21/2025,CRZ Entries,"518,927"
3/21/2025,CBD Entries,"587,811"
3/21/2025,Bus,"1,436,059"
3/21/2025,AAR,"40,163"
3/22/2025,AAR,"25,458"
3/22/2025,Subway,"2,653,512"
3/22/2025,SIR,"3,089"
3/22/2025,MNR,"117,875"
3/22/2025,LIRR,"140,466"
3/22/2025,CRZ Entries,"496,127"
3/22/2025,CBD Entries,"563,278"
3/22/2025,Bus,"961,713"
3/22/2025,BT,"913,756"
3/23/2025,MNR,"91,061"
3/23/2025,Subway,"2,007,695"
3/23/2025,SIR,"2,143"
3/23/2025,LIRR,"105,102"
3/23/2025,CRZ Entries,"453,188"
3/23/2025,CBD Entries,"521,146"
3/23/2025,Bus,"736,298"
3/23/2025,BT,"867,282"
3/23/2025,AAR,"25,724"
3/24/2025,BT,"877,499"
3/24/2025,Subway,"3,650,582"
3/24/2025,SIR,"6,849"
3/24/2025,MNR,"204,177"
3/24/2025,LIRR,"242,261"
3/24/2025,CRZ Entries,"469,230"
3/24/2025,CBD Entries,"534,647"
3/24/2025,Bus,"1,354,459"
3/24/2025,AAR,"37,607"
3/25/2025,AAR,"42,011"
3/25/2025,Subway,"4,214,256"
3/25/2025,SIR,"8,132"
3/25/2025,MNR,"228,951"
3/25/2025,LIRR,"265,289"
3/25/2025,CRZ Entries,"494,496"
3/25/2025,CBD Entries,"563,311"
3/25/2025,Bus,"1,536,843"
3/25/2025,BT,"917,614"
3/26/2025,LIRR,"265,709"
3/26/2025,Subway,"4,237,196"
3/26/2025,SIR,"7,952"
3/26/2025,MNR,"223,047"
3/26/2025,CRZ Entries,"505,041"
3/26/2025,CBD Entries,"574,849"
3/26/2025,Bus,"1,532,389"
3/26/2025,BT,"928,230"
3/26/2025,AAR,"42,958"
3/27/2025,Bus,"1,524,578"
3/27/2025,Subway,"4,263,378"
3/27/2025,SIR,"7,726"
3/27/2025,AAR,"42,147"
3/27/2025,MNR,"231,056"
3/27/2025,LIRR,"261,311"
3/27/2025,CRZ Entries,"521,457"
3/27/2025,CBD Entries,"592,112"
3/27/2025,BT,"973,696"
3/28/2025,BT,"983,409"
3/28/2025,Subway,"3,878,481"
3/28/2025,SIR,"6,472"
3/28/2025,MNR,"209,792"
3/28/2025,LIRR,"246,718"
3/28/2025,CRZ Entries,"521,515"
3/28/2025,CBD Entries,"594,099"
3/28/2025,Bus,"1,439,850"
3/28/2025,AAR,"40,495"
3/29/2025,AAR,"27,168"
3/29/2025,Subway,"2,887,283"
3/29/2025,SIR,"3,110"
3/29/2025,MNR,"136,492"
3/29/2025,LIRR,"148,404"
3/29/2025,CRZ Entries,"504,591"
3/29/2025,CBD Entries,"571,180"
3/29/2025,Bus,"993,714"
3/29/2025,BT,"938,810"
3/30/2025,MNR,"95,708"
3/30/2025,Subway,"2,055,899"
3/30/2025,SIR,"1,926"
3/30/2025,LIRR,"115,125"
3/30/2025,CRZ Entries,"442,499"
3/30/2025,CBD Entries,"512,458"
3/30/2025,Bus,"726,124"
3/30/2025,BT,"872,549"
3/30/2025,AAR,"25,162"
3/31/2025,BT,"905,432"
3/31/2025,Subway,"3,414,357"
3/31/2025,SIR,"6,372"
3/31/2025,MNR,"209,348"
3/31/2025,LIRR,"244,921"
3/31/2025,CRZ Entries,"472,319"
3/31/2025,CBD Entries,"542,248"
3/31/2025,Bus,"1,276,763"
3/31/2025,AAR,"35,803"
4/1/2025,AAR,"42,115"
4/1/2025,Subway,"4,247,056"
4/1/2025,SIR,"7,891"
4/1/2025,MNR,"226,059"
4/1/2025,LIRR,"257,703"
4/1/2025,CRZ Entries,"503,362"
4/1/2025,CBD Entries,"574,765"
4/1/2025,Bus,"1,536,805"
4/1/2025,BT,"940,353"
4/2/2025,AAR,"43,403"
4/2/2025,Subway,"4,320,984"
4/2/2025,SIR,"8,005"
4/2/2025,MNR,"227,068"
4/2/2025,LIRR,"258,088"
4/2/2025,CRZ Entries,"511,842"
4/2/2025,CBD Entries,"582,257"
4/2/2025,Bus,"1,543,145"
4/2/2025,BT,"939,753"
4/3/2025,CRZ Entries,"529,341"
4/3/2025,Subway,"4,286,943"
4/3/2025,SIR,"7,699"
4/3/2025,Bus,"1,515,578"
4/3/2025,MNR,"226,170"
4/3/2025,BT,"972,326"
4/3/2025,AAR,"43,300"
4/3/2025,LIRR,"257,460"
4/3/2025,CBD Entries,"599,173"
4/4/2025,BT,"984,269"
4/4/2025,Subway,"3,990,036"
4/4/2025,SIR,"6,568"
4/4/2025,MNR,"208,594"
4/4/2025,LIRR,"260,319"
4/4/2025,CRZ Entries,"528,688"
4/4/2025,CBD Entries,"596,123"
4/4/2025,Bus,"1,465,455"
4/4/2025,AAR,"41,478"
4/5/2025,AAR,"25,947"
4/5/2025,Subway,"2,658,935"
4/5/2025,SIR,"2,723"
4/5/2025,MNR,"110,701"
4/5/2025,LIRR,"128,321"
4/5/2025,CRZ Entries,"499,636"
4/5/2025,CBD Entries,"560,449"
4/5/2025,Bus,"915,296"
4/5/2025,BT,"887,812"
4/6/2025,MNR,"87,900"
4/6/2025,Subway,"2,059,867"
4/6/2025,SIR,"2,049"
4/6/2025,LIRR,"115,809"
4/6/2025,CRZ Entries,"452,789"
4/6/2025,CBD Entries,"518,166"
4/6/2025,Bus,"742,341"
4/6/2025,BT,"874,481"
4/6/2025,AAR,"25,576"
4/7/2025,BT,"897,227"
4/7/2025,Subway,"3,848,628"
4/7/2025,SIR,"7,069"
4/7/2025,MNR,"207,119"
4/7/2025,LIRR,"244,565"
4/7/2025,CRZ Entries,"481,752"
4/7/2025,CBD Entries,"548,089"
4/7/2025,Bus,"1,424,204"
4/7/2025,AAR,"39,237"
4/8/2025,AAR,"42,949"
4/8/2025,Subway,"4,324,220"
4/8/2025,SIR,"8,014"
4/8/2025,MNR,"228,166"
4/8/2025,LIRR,"263,712"
4/8/2025,CRZ Entries,"501,321"
4/8/2025,CBD Entries,"568,509"
4/8/2025,Bus,"1,536,222"
4/8/2025,BT,"924,243"
4/9/2025,LIRR,"262,570"
4/9/2025,Subway,"4,343,794"
4/9/2025,SIR,"8,147"
4/9/2025,MNR,"226,464"
4/9/2025,CRZ Entries,"517,277"
4/9/2025,CBD Entries,"585,774"
4/9/2025,Bus,"1,548,648"
4/9/2025,BT,"953,471"
4/9/2025,AAR,"44,074"
4/10/2025,Bus,"1,524,644"
4/10/2025,Subway,"4,299,477"
4/10/2025,SIR,"7,667"
4/10/2025,AAR,"43,061"
4/10/2025,MNR,"220,604"
4/10/2025,LIRR,"263,157"
4/10/2025,CRZ Entries,"527,664"
4/10/2025,CBD Entries,"595,541"
4/10/2025,BT,"967,534"
4/11/2025,BT,"974,076"
4/11/2025,Subway,"3,864,826"
4/11/2025,SIR,"6,310"
4/11/2025,MNR,"210,055"
4/11/2025,LIRR,"247,547"
4/11/2025,CRZ Entries,"520,242"
4/11/2025,CBD Entries,"587,965"
4/11/2025,Bus,"1,396,300"
4/11/2025,AAR,"40,728"
4/12/2025,AAR,"25,806"
4/12/2025,Subway,"2,528,127"
4/12/2025,SIR,"2,092"
4/12/2025,MNR,"111,344"
4/12/2025,LIRR,"122,395"
4/12/2025,CRZ Entries,"484,258"
4/12/2025,CBD Entries,"547,463"
4/12/2025,Bus,"842,497"
4/12/2025,BT,"889,346"
4/13/2025,MNR,"102,506"
4/13/2025,Subway,"2,180,093"
4/13/2025,SIR,"1,844"
4/13/2025,LIRR,"108,197"
4/13/2025,CRZ Entries,"443,646"
4/13/2025,CBD Entries,"507,105"
4/13/2025,Bus,"734,980"
4/13/2025,BT,"829,487"
4/13/2025,AAR,"25,731"
4/14/2025,BT,"876,586"
4/14/2025,Subway,"3,598,255"
4/14/2025,SIR,"6,681"
4/14/2025,MNR,"224,282"
4/14/2025,LIRR,"246,154"
4/14/2025,CRZ Entries,"459,677"
4/14/2025,CBD Entries,"523,285"
4/14/2025,Bus,"1,309,503"
4/14/2025,AAR,"35,872"
4/15/2025,AAR,"40,080"
4/15/2025,Subway,"3,997,927"
4/15/2025,SIR,"7,232"
4/15/2025,MNR,"239,573"
4/15/2025,LIRR,"270,809"
4/15/2025,CRZ Entries,"497,077"
4/15/2025,CBD Entries,"557,724"
4/15/2025,Bus,"1,368,277"
4/15/2025,BT,"929,248"
4/16/2025,LIRR,"262,626"
4/16/2025,Subway,"4,059,487"
4/16/2025,SIR,"7,174"
4/16/2025,MNR,"236,314"
4/16/2025,CRZ Entries,"515,168"
4/16/2025,CBD Entries,"585,075"
4/16/2025,Bus,"1,368,776"
4/16/2025,BT,"953,357"
4/16/2025,AAR,"40,487"
4/17/2025,CBD Entries,"596,243"
4/17/2025,Subway,"4,077,460"
4/17/2025,SIR,"6,960"
4/17/2025,BT,"999,371"
4/17/2025,MNR,"233,477"
4/17/2025,AAR,"40,017"
4/17/2025,LIRR,"275,186"
4/17/2025,CRZ Entries,"527,358"
4/17/2025,Bus,"1,364,437"
4/18/2025,BT,"961,407"
4/18/2025,Subway,"3,551,334"
4/18/2025,SIR,"5,534"
4/18/2025,MNR,"224,930"
4/18/2025,LIRR,"260,413"
4/18/2025,CRZ Entries,"498,479"
4/18/2025,CBD Entries,"565,946"
4/18/2025,Bus,"1,218,484"
4/18/2025,AAR,"36,191"
4/19/2025,AAR,"26,086"
4/19/2025,Subway,"2,880,379"
4/19/2025,SIR,"3,316"
4/19/2025,MNR,"134,808"
4/19/2025,LIRR,"152,672"
4/19/2025,CRZ Entries,"491,853"
4/19/2025,CBD Entries,"556,677"
4/19/2025,Bus,"942,925"
4/19/2025,BT,"930,835"
4/20/2025,MNR,"110,984"
4/20/2025,Subway,"2,100,218"
4/20/2025,SIR,"2,284"
4/20/2025,LIRR,"124,079"
4/20/2025,CRZ Entries,"454,215"
4/20/2025,CBD Entries,"520,381"
4/20/2025,Bus,"682,601"
4/20/2025,BT,"917,009"
4/20/2025,AAR,"28,290"
4/21/2025,BT,"952,531"
4/21/2025,Subway,"3,806,992"
4/21/2025,SIR,"7,174"
4/21/2025,MNR,"220,681"
4/21/2025,LIRR,"258,848"
4/21/2025,CRZ Entries,"484,304"
4/21/2025,CBD Entries,"553,116"
4/21/2025,Bus,"1,424,279"
4/21/2025,AAR,"35,874"
4/22/2025,AAR,"41,427"
4/22/2025,Subway,"4,307,321"
4/22/2025,SIR,"8,048"
4/22/2025,MNR,"237,443"
4/22/2025,LIRR,"270,985"
4/22/2025,CRZ Entries,"505,174"
4/22/2025,CBD Entries,"571,632"
4/22/2025,Bus,"1,534,439"
4/22/2025,BT,"955,091"
4/23/2025,LIRR,"273,441"
4/23/2025,Subway,"4,402,438"
4/23/2025,SIR,"8,204"
4/23/2025,MNR,"236,130"
4/23/2025,CRZ Entries,"520,755"
4/23/2025,CBD Entries,"589,635"
4/23/2025,Bus,"1,547,077"
4/23/2025,BT,"977,457"
4/23/2025,AAR,"43,714"
4/24/2025,Bus,"1,542,577"
4/24/2025,Subway,"4,419,648"
4/24/2025,SIR,"8,126"
4/24/2025,AAR,"42,722"
4/24/2025,MNR,"237,334"
4/24/2025,LIRR,"269,508"
4/24/2025,CRZ Entries,"538,173"
4/24/2025,CBD Entries,"601,402"
4/24/2025,BT,"1,003,124"
4/25/2025,BT,"1,021,430"
4/25/2025,Subway,"4,124,744"
4/25/2025,SIR,"6,775"
4/25/2025,MNR,"225,725"
4/25/2025,LIRR,"256,108"
4/25/2025,CRZ Entries,"540,167"
4/25/2025,CBD Entries,"604,563"
4/25/2025,Bus,"1,477,842"
4/25/2025,AAR,"41,123"
4/26/2025,AAR,"24,813"
4/26/2025,Subway,"2,696,077"
4/26/2025,SIR,"2,947"
4/26/2025,MNR,"112,915"
4/26/2025,LIRR,"128,572"
4/26/2025,CRZ Entries,"511,520"
4/26/2025,CBD Entries,"571,111"
4/26/2025,Bus,"937,070"
4/26/2025,BT,"926,498"
4/27/2025,MNR,"104,529"
4/27/2025,Subway,"2,329,464"
4/27/2025,SIR,"2,308"
4/27/2025,LIRR,"116,980"
4/27/2025,CRZ Entries,"480,205"
4/27/2025,CBD Entries,"545,298"
4/27/2025,Bus,"763,308"
4/27/2025,BT,"940,981"
4/27/2025,AAR,"26,217"
4/28/2025,BT,"948,022"
4/28/2025,Subway,"3,946,503"
4/28/2025,SIR,"7,535"
4/28/2025,MNR,"219,281"
4/28/2025,LIRR,"252,796"
4/28/2025,CRZ Entries,"491,503"
4/28/2025,CBD Entries,"555,769"
4/28/2025,Bus,"1,490,933"
4/28/2025,AAR,"38,772"
4/29/2025,AAR,"42,717"
4/29/2025,Subway,"4,350,681"
4/29/2025,SIR,"8,166"
4/29/2025,MNR,"236,516"
4/29/2025,LIRR,"275,022"
4/29/2025,CRZ Entries,"511,123"
4/29/2025,CBD Entries,"578,955"
4/29/2025,Bus,"1,556,823"
4/29/2025,BT,"959,501"
4/30/2025,LIRR,"274,421"
4/30/2025,Subway,"4,406,705"
4/30/2025,SIR,"8,233"
4/30/2025,MNR,"235,657"
4/30/2025,CRZ Entries,"527,609"
4/30/2025,CBD Entries,"596,109"
4/30/2025,Bus,"1,562,345"
4/30/2025,BT,"985,425"
4/30/2025,AAR,"44,071"
5/1/2025,CBD Entries,"603,047"
5/1/2025,Subway,"4,440,098"
5/1/2025,SIR,"8,065"
5/1/2025,MNR,"217,184"
5/1/2025,BT,"1,001,289"
5/1/2025,AAR,"42,862"
5/1/2025,LIRR,"255,295"
5/1/2025,CRZ Entries,"536,725"
5/1/2025,Bus,"1,544,986"
5/2/2025,BT,"1,022,746"
5/2/2025,Subway,"4,120,612"
5/2/2025,SIR,"7,035"
5/2/2025,MNR,"208,851"
5/2/2025,LIRR,"241,602"
5/2/2025,CRZ Entries,"541,649"
5/2/2025,CBD Entries,"612,115"
5/2/2025,Bus,"1,481,552"
5/2/2025,AAR,"41,919"
5/3/2025,AAR,"26,948"
5/3/2025,Subway,"2,896,423"
5/3/2025,SIR,"3,171"
5/3/2025,MNR,"122,132"
5/3/2025,LIRR,"133,711"
5/3/2025,CRZ Entries,"518,920"
5/3/2025,CBD Entries,"585,030"
5/3/2025,Bus,"997,122"
5/3/2025,BT,"966,765"
5/4/2025,LIRR,"110,229"
5/4/2025,Subway,"2,175,053"
5/4/2025,SIR,"2,965"
5/4/2025,MNR,"96,550"
5/4/2025,CRZ Entries,"461,843"
5/4/2025,CBD Entries,"517,540"
5/4/2025,Bus,"704,772"
5/4/2025,BT,"857,229"
5/4/2025,AAR,"25,492"
5/5/2025,BT,"925,086"
5/5/2025,Subway,"3,924,272"
5/5/2025,SIR,"7,248"
5/5/2025,MNR,"209,710"
5/5/2025,LIRR,"245,700"
5/5/2025,CRZ Entries,"497,467"
5/5/2025,CBD Entries,"563,368"
5/5/2025,Bus,"1,374,815"
5/5/2025,AAR,"39,989"
5/6/2025,BT,"943,342"
5/6/2025,Subway,"4,289,517"
5/6/2025,SIR,"7,802"
5/6/2025,MNR,"230,786"
5/6/2025,LIRR,"259,823"
5/6/2025,CRZ Entries,"515,890"
5/6/2025,CBD Entries,"581,190"
5/6/2025,Bus,"1,474,148"
5/6/2025,AAR,"42,573"
5/7/2025,AAR,"44,564"
5/7/2025,Subway,"4,438,683"
5/7/2025,SIR,"8,339"
5/7/2025,MNR,"237,348"
5/7/2025,LIRR,"265,244"
5/7/2025,CRZ Entries,"527,186"
5/7/2025,CBD Entries,"594,746"
5/7/2025,Bus,"1,534,698"
5/7/2025,BT,"989,240"
5/8/2025,AAR,"44,027"
5/8/2025,Subway,"4,380,539"
5/8/2025,SIR,"7,976"
5/8/2025,MNR,"228,124"
5/8/2025,LIRR,"267,298"
5/8/2025,CRZ Entries,"546,625"
5/8/2025,CBD Entries,"613,194"
5/8/2025,Bus,"1,519,593"
5/8/2025,BT,"1,009,991"
5/9/2025,Bus,"1,331,879"
5/9/2025,Subway,"3,893,760"
5/9/2025,SIR,"6,262"
5/9/2025,AAR,"41,254"
5/9/2025,MNR,"207,842"
5/9/2025,LIRR,"253,493"
5/9/2025,CRZ Entries,"536,945"
5/9/2025,CBD Entries,"604,005"
5/9/2025,BT,"1,006,355"
5/10/2025,BT,"1,011,526"
5/10/2025,Subway,"2,895,080"
5/10/2025,SIR,"3,309"
5/10/2025,MNR,"132,365"
5/10/2025,LIRR,"156,932"
5/10/2025,CRZ Entries,"525,743"
5/10/2025,CBD Entries,"595,494"
5/10/2025,Bus,"971,181"
5/10/2025,AAR,"27,783"
5/11/2025,AAR,"31,380"
5/11/2025,Subway,"2,177,273"
5/11/2025,SIR,"2,398"
5/11/2025,MNR,"118,279"
5/11/2025,LIRR,"137,582"
5/11/2025,CRZ Entries,"497,206"
5/11/2025,CBD Entries,"570,347"
5/11/2025,Bus,"727,298"
5/11/2025,BT,"991,991"
5/12/2025,MNR,"225,151"
5/12/2025,Subway,"3,950,681"
5/12/2025,SIR,"7,463"
5/12/2025,LIRR,"267,260"
5/12/2025,CRZ Entries,"500,550"
5/12/2025,CBD Entries,"569,158"
5/12/2025,Bus,"1,454,909"
5/12/2025,BT,"973,174"
5/12/2025,AAR,"37,902"
5/13/2025,BT,"955,146"
5/13/2025,Subway,"4,101,901"
5/13/2025,SIR,"7,899"
5/13/2025,MNR,"236,762"
5/13/2025,LIRR,"273,175"
5/13/2025,CRZ Entries,"517,598"
5/13/2025,CBD Entries,"584,027"
5/13/2025,Bus,"1,499,466"
5/13/2025,AAR,"42,501"
5/14/2025,AAR,"43,850"
5/14/2025,Subway,"4,325,655"
5/14/2025,SIR,"7,815"
5/14/2025,MNR,"231,338"
5/14/2025,LIRR,"268,675"
5/14/2025,CRZ Entries,"521,406"
5/14/2025,CBD Entries,"582,744"
5/14/2025,Bus,"1,410,385"
5/14/2025,BT,"952,819"
5/15/2025,AAR,"43,184"
5/15/2025,Subway,"4,226,351"
5/15/2025,SIR,"8,217"
5/15/2025,MNR,"233,021"
5/15/2025,LIRR,"269,831"
5/15/2025,CRZ Entries,"548,622"
5/15/2025,CBD Entries,"619,201"
5/15/2025,Bus,"1,490,616"
5/15/2025,BT,"1,029,707"
5/16/2025,CBD Entries,"627,406"
5/16/2025,Subway,"3,917,793"
5/16/2025,SIR,"6,109"
5/16/2025,BT,"1,059,003"
5/16/2025,MNR,"234,569"
5/16/2025,AAR,"41,634"
5/16/2025,LIRR,"273,352"
5/16/2025,CRZ Entries,"555,978"
5/16/2025,Bus,"1,290,844"
5/17/2025,BT,"1,000,935"
5/17/2025,Subway,"2,806,907"
5/17/2025,SIR,"2,161"
5/17/2025,MNR,"141,007"
5/17/2025,LIRR,"147,850"
5/17/2025,CRZ Entries,"533,116"
5/17/2025,CBD Entries,"598,384"
5/17/2025,Bus,"758,100"
5/17/2025,AAR,"26,202"
5/18/2025,AAR,"27,587"
5/18/2025,Subway,"2,348,810"
5/18/2025,SIR,"2,779"
5/18/2025,MNR,"118,803"
5/18/2025,LIRR,"128,018"
5/18/2025,CRZ Entries,"498,434"
5/18/2025,CBD Entries,"567,796"
5/18/2025,Bus,"735,919"
5/18/2025,BT,"982,949"
5/19/2025,MNR,"226,926"
5/19/2025,Subway,"3,859,712"
5/19/2025,SIR,"7,084"
5/19/2025,LIRR,"261,500"
5/19/2025,CRZ Entries,"508,135"
5/19/2025,CBD Entries,"577,706"
5/19/2025,Bus,"1,383,215"
5/19/2025,BT,"982,764"
5/19/2025,AAR,"39,503"
5/20/2025,BT,"991,236"
5/20/2025,Subway,"4,288,364"
5/20/2025,SIR,"7,694"
5/20/2025,MNR,"255,638"
5/20/2025,LIRR,"285,050"
5/20/2025,CRZ Entries,"524,091"
5/20/2025,CBD Entries,"594,230"
5/20/2025,Bus,"1,526,811"
5/20/2025,AAR,"43,311"
5/21/2025,AAR,"43,061"
5/21/2025,Subway,"4,359,486"
5/21/2025,SIR,"7,997"
5/21/2025,MNR,"239,556"
5/21/2025,LIRR,"277,010"
5/21/2025,CRZ Entries,"532,201"
5/21/2025,CBD Entries,"599,643"
5/21/2025,Bus,"1,435,870"
5/21/2025,BT,"980,696"
5/22/2025,LIRR,"262,440"
5/22/2025,Subway,"4,177,436"
5/22/2025,SIR,"7,259"
5/22/2025,MNR,"226,023"
5/22/2025,CRZ Entries,"530,563"
5/22/2025,CBD Entries,"595,992"
5/22/2025,Bus,"1,360,223"
5/22/2025,BT,"998,261"
5/22/2025,AAR,"41,619"
5/23/2025,Bus,"1,350,033"
5/23/2025,Subway,"3,867,945"
5/23/2025,SIR,"6,449"
5/23/2025,AAR,"39,780"
5/23/2025,MNR,"222,482"
5/23/2025,LIRR,"276,688"
5/23/2025,CRZ Entries,"524,190"
5/23/2025,CBD Entries,"594,017"
5/23/2025,BT,"1,031,719"
5/24/2025,BT,"913,459"
5/24/2025,Subway,"2,613,079"
5/24/2025,SIR,"3,341"
5/24/2025,MNR,"123,603"
5/24/2025,LIRR,"150,831"
5/24/2025,CRZ Entries,"468,696"
5/24/2025,CBD Entries,"532,950"
5/24/2025,Bus,"892,650"
5/24/2025,AAR,"24,931"
5/25/2025,AAR,"26,605"
5/25/2025,Subway,"2,265,268"
5/25/2025,SIR,"2,743"
5/25/2025,MNR,"114,432"
5/25/2025,LIRR,"134,252"
5/25/2025,CRZ Entries,"443,567"
5/25/2025,CBD Entries,"512,342"
5/25/2025,Bus,"734,847"
5/25/2025,BT,"900,233"
5/26/2025,MNR,"108,449"
5/26/2025,Subway,"2,225,230"
5/26/2025,SIR,"3,307"
5/26/2025,LIRR,"130,049"
5/26/2025,CRZ Entries,"399,174"
5/26/2025,CBD Entries,"463,543"
5/26/2025,Bus,"796,572"
5/26/2025,BT,"840,714"
5/26/2025,AAR,"18,515"
5/27/2025,BT,"970,362"
5/27/2025,Subway,"4,131,820"
5/27/2025,SIR,"7,983"
5/27/2025,MNR,"243,011"
5/27/2025,LIRR,"281,318"
5/27/2025,CRZ Entries,"504,691"
5/27/2025,CBD Entries,"574,207"
5/27/2025,Bus,"1,458,610"
5/27/2025,AAR,"41,019"
5/28/2025,AAR,"43,951"
5/28/2025,Subway,"4,319,577"
5/28/2025,SIR,"7,971"
5/28/2025,MNR,"241,099"
5/28/2025,LIRR,"273,219"
5/28/2025,CRZ Entries,"517,078"
5/28/2025,CBD Entries,"585,014"
5/28/2025,Bus,"1,439,867"
5/28/2025,BT,"960,376"
5/29/2025,LIRR,"272,341"
5/29/2025,Subway,"4,330,609"
5/29/2025,SIR,"7,730"
5/29/2025,MNR,"233,835"
5/29/2025,CRZ Entries,"534,290"
5/29/2025,CBD Entries,"603,540"
5/29/2025,Bus,"1,451,583"
5/29/2025,BT,"990,565"
5/29/2025,AAR,"42,557"
5/30/2025,Bus,"1,417,061"
5/30/2025,Subway,"4,013,939"
5/30/2025,SIR,"6,788"
5/30/2025,MNR,"220,334"
5/30/2025,AAR,"42,154"
5/30/2025,LIRR,"267,632"
5/30/2025,CRZ Entries,"533,129"
5/30/2025,CBD Entries,"601,404"
5/30/2025,BT,"1,015,385"
5/31/2025,BT,"910,906"
5/31/2025,Subway,"2,703,804"
5/31/2025,SIR,"2,743"
5/31/2025,MNR,"116,390"
5/31/2025,LIRR,"145,270"
5/31/2025,CRZ Entries,"498,973"
5/31/2025,CBD Entries,"563,611"
5/31/2025,Bus,"928,331"
5/31/2025,AAR,"25,399"
6/1/2025,AAR,"27,401"
6/1/2025,Subway,"2,216,471"
6/1/2025,SIR,"2,520"
6/1/2025,MNR,"99,548"
6/1/2025,LIRR,"121,796"
6/1/2025,CRZ Entries,"471,081"
6/1/2025,CBD Entries,"537,110"
6/1/2025,Bus,"757,386"
6/1/2025,BT,"910,180"
6/2/2025,LIRR,"232,864"
6/2/2025,Subway,"3,825,105"
6/2/2025,SIR,"7,190"
6/2/2025,MNR,"207,612"
6/2/2025,CRZ Entries,"475,683"
6/2/2025,CBD Entries,"536,609"
6/2/2025,Bus,"1,433,260"
6/2/2025,BT,"896,736"
6/2/2025,AAR,"37,700"
6/3/2025,BT,"926,194"
6/3/2025,Subway,"4,277,676"
6/3/2025,SIR,"8,081"
6/3/2025,MNR,"245,856"
6/3/2025,LIRR,"263,483"
6/3/2025,CRZ Entries,"500,569"
6/3/2025,CBD Entries,"563,793"
6/3/2025,Bus,"1,504,149"
6/3/2025,AAR,"42,931"
6/4/2025,BT,"1,017,096"
6/4/2025,Subway,"4,453,078"
6/4/2025,SIR,"8,434"
6/4/2025,MNR,"245,882"
6/4/2025,LIRR,"282,470"
6/4/2025,CRZ Entries,"527,257"
6/4/2025,CBD Entries,"597,848"
6/4/2025,Bus,"1,542,346"
6/4/2025,AAR,"45,757"
6/5/2025,AAR,"43,649"
6/5/2025,Subway,"4,209,248"
6/5/2025,SIR,"7,400"
6/5/2025,MNR,"239,951"
6/5/2025,LIRR,"276,354"
6/5/2025,CRZ Entries,"539,708"
6/5/2025,CBD Entries,"610,503"
6/5/2025,Bus,"1,435,569"
6/5/2025,BT,"1,030,065"
6/6/2025,AAR,"41,920"
6/6/2025,Subway,"3,971,366"
6/6/2025,SIR,"6,642"
6/6/2025,MNR,"232,473"
6/6/2025,LIRR,"275,908"
6/6/2025,CRZ Entries,"518,370"
6/6/2025,CBD Entries,"588,357"
6/6/2025,Bus,"1,387,859"
6/6/2025,BT,"1,041,083"
6/7/2025,Bus,"914,494"
6/7/2025,Subway,"2,746,462"
6/7/2025,SIR,"2,939"
6/7/2025,AAR,"26,651"
6/7/2025,MNR,"128,292"
6/7/2025,LIRR,"142,141"
6/7/2025,CRZ Entries,"496,566"
6/7/2025,CBD Entries,"560,695"
6/7/2025,BT,"953,498"
6/8/2025,BT,"968,131"
6/8/2025,Subway,"2,419,073"
6/8/2025,SIR,"2,486"
6/8/2025,MNR,"125,365"
6/8/2025,LIRR,"135,005"
6/8/2025,CRZ Entries,"479,586"
6/8/2025,CBD Entries,"547,858"
6/8/2025,Bus,"756,088"
6/8/2025,AAR,"27,726"
6/9/2025,AAR,"40,161"
6/9/2025,Subway,"3,894,637"
6/9/2025,SIR,"7,392"
6/9/2025,MNR,"222,549"
6/9/2025,LIRR,"255,303"
6/9/2025,CRZ Entries,"492,176"
6/9/2025,CBD Entries,"561,829"
6/9/2025,Bus,"1,419,682"
6/9/2025,BT,"961,646"
6/10/2025,MNR,"239,058"
6/10/2025,Subway,"4,242,094"
6/10/2025,SIR,"7,558"
6/10/2025,LIRR,"275,576"
6/10/2025,CRZ Entries,"506,704"
6/10/2025,CBD Entries,"572,615"
6/10/2025,Bus,"1,443,471"
6/10/2025,BT,"954,511"
6/10/2025,AAR,"42,936"
6/11/2025,BT,"1,003,515"
6/11/2025,Subway,"4,389,844"
6/11/2025,SIR,"8,316"
6/11/2025,MNR,"244,814"
6/11/2025,LIRR,"282,392"
6/11/2025,CRZ Entries,"525,009"
6/11/2025,CBD Entries,"593,244"
6/11/2025,Bus,"1,533,682"
6/11/2025,AAR,"46,251"
6/12/2025,AAR,"45,320"
6/12/2025,Subway,"4,389,106"
6/12/2025,SIR,"7,676"
6/12/2025,MNR,"241,736"
6/12/2025,LIRR,"282,071"
6/12/2025,CRZ Entries,"542,010"
6/12/2025,CBD Entries,"613,180"
6/12/2025,Bus,"1,518,029"
6/12/2025,BT,"1,034,603"
6/13/2025,AAR,"42,554"
6/13/2025,Subway,"4,016,599"
6/13/2025,SIR,"6,646"
6/13/2025,MNR,"223,767"
6/13/2025,LIRR,"271,326"
6/13/2025,CRZ Entries,"529,728"
6/13/2025,CBD Entries,"600,724"
6/13/2025,Bus,"1,440,700"
6/13/2025,BT,"1,038,680"
6/14/2025,CBD Entries,"548,137"
6/14/2025,Subway,"2,648,754"
6/14/2025,SIR,"2,812"
6/14/2025,BT,"920,854"
6/14/2025,MNR,"117,635"
6/14/2025,AAR,"27,033"
6/14/2025,LIRR,"137,307"
6/14/2025,CRZ Entries,"484,827"
6/14/2025,Bus,"848,789"
6/15/2025,BT,"926,691"
6/15/2025,Subway,"2,060,343"
6/15/2025,SIR,"2,227"
6/15/2025,MNR,"107,802"
6/15/2025,LIRR,"128,639"
6/15/2025,CRZ Entries,"456,312"
6/15/2025,CBD Entries,"523,431"
6/15/2025,Bus,"708,559"
6/15/2025,AAR,"28,137"
6/16/2025,AAR,"39,076"
6/16/2025,Subway,"3,881,697"
6/16/2025,SIR,"7,310"
6/16/2025,MNR,"233,061"
6/16/2025,LIRR,"259,549"
6/16/2025,CRZ Entries,"483,183"
6/16/2025,CBD Entries,"551,055"
6/16/2025,Bus,"1,422,102"
6/16/2025,BT,"953,519"
6/17/2025,MNR,"252,443"
6/17/2025,Subway,"4,244,501"
6/17/2025,SIR,"7,787"
6/17/2025,LIRR,"278,874"
6/17/2025,CRZ Entries,"506,016"
6/17/2025,CBD Entries,"574,699"
6/17/2025,Bus,"1,462,892"
6/17/2025,BT,"963,515"
6/17/2025,AAR,"43,724"
6/18/2025,BT,"1,022,007"
6/18/2025,Subway,"4,352,533"
6/18/2025,SIR,"7,816"
6/18/2025,MNR,"258,760"
6/18/2025,LIRR,"287,437"
6/18/2025,CRZ Entries,"524,562"
6/18/2025,CBD Entries,"594,075"
6/18/2025,Bus,"1,488,512"
6/18/2025,AAR,"45,681"
6/19/2025,AAR,"30,585"
6/19/2025,Subway,"3,312,985"
6/19/2025,SIR,"4,879"
6/19/2025,MNR,"128,671"
6/19/2025,LIRR,"151,719"
6/19/2025,CRZ Entries,"499,929"
6/19/2025,CBD Entries,"569,203"
6/19/2025,Bus,"1,166,095"
6/19/2025,BT,"986,519"
6/20/2025,LIRR,"275,003"
6/20/2025,Subway,"3,917,085"
6/20/2025,SIR,"6,535"
6/20/2025,MNR,"238,453"
6/20/2025,CRZ Entries,"520,330"
6/20/2025,CBD Entries,"590,494"
6/20/2025,Bus,"1,402,524"
6/20/2025,BT,"1,045,862"
6/20/2025,AAR,"42,403"
6/21/2025,Bus,"976,504"
6/21/2025,Subway,"2,750,049"
6/21/2025,SIR,"3,008"
6/21/2025,AAR,"28,166"
6/21/2025,MNR,"137,237"
6/21/2025,LIRR,"157,226"
6/21/2025,CRZ Entries,"498,572"
6/21/2025,CBD Entries,"564,325"
6/21/2025,BT,"1,012,175"
6/22/2025,BT,"958,088"
6/22/2025,Subway,"2,036,654"
6/22/2025,SIR,"1,961"
6/22/2025,MNR,"106,241"
6/22/2025,LIRR,"124,808"
6/22/2025,CRZ Entries,"472,985"
6/22/2025,CBD Entries,"540,947"
6/22/2025,Bus,"720,311"
6/22/2025,AAR,"27,873"
6/23/2025,AAR,"38,543"
6/23/2025,Subway,"3,675,099"
6/23/2025,SIR,"6,749"
6/23/2025,MNR,"220,195"
6/23/2025,LIRR,"267,072"
6/23/2025,CRZ Entries,"493,387"
6/23/2025,CBD Entries,"560,860"
6/23/2025,Bus,"1,364,226"
6/23/2025,BT,"1,004,985"
6/24/2025,MNR,"228,175"
6/24/2025,Subway,"3,857,783"
6/24/2025,SIR,"6,962"
6/24/2025,LIRR,"274,554"
6/24/2025,CRZ Entries,"508,897"
6/24/2025,CBD Entries,"576,576"
6/24/2025,Bus,"1,358,019"
6/24/2025,BT,"1,002,946"
6/24/2025,AAR,"41,227"
6/25/2025,BT,"1,022,469"
6/25/2025,Subway,"4,044,532"
6/25/2025,SIR,"7,305"
6/25/2025,MNR,"234,020"
6/25/2025,LIRR,"275,835"
6/25/2025,CRZ Entries,"518,042"
6/25/2025,CBD Entries,"588,529"
6/25/2025,Bus,"1,365,564"
6/25/2025,AAR,"43,104"
6/26/2025,AAR,"42,597"
6/26/2025,Subway,"4,176,259"
6/26/2025,SIR,"7,544"
6/26/2025,MNR,"237,407"
6/26/2025,LIRR,"284,518"
6/26/2025,CRZ Entries,"530,476"
6/26/2025,CBD Entries,"598,642"
6/26/2025,Bus,"1,430,075"
6/26/2025,BT,"1,043,189"
6/27/2025,AAR,"41,129"
6/27/2025,Subway,"3,745,156"
6/27/2025,SIR,"6,180"
6/27/2025,MNR,"236,144"
6/27/2025,LIRR,"269,267"
6/27/2025,CRZ Entries,"527,598"
6/27/2025,CBD Entries,"597,400"
6/27/2025,Bus,"1,309,638"
6/27/2025,BT,"1,035,138"
6/28/2025,Bus,"915,611"
6/28/2025,Subway,"2,779,328"
6/28/2025,SIR,"3,356"
6/28/2025,MNR,"133,369"
6/28/2025,AAR,"26,021"
6/28/2025,LIRR,"140,546"
6/28/2025,CRZ Entries,"496,660"
6/28/2025,CBD Entries,"562,919"
6/28/2025,BT,"979,613"
6/29/2025,BT,"977,389"
6/29/2025,Subway,"2,443,017"
6/29/2025,SIR,"2,965"
6/29/2025,MNR,"128,084"
6/29/2025,LIRR,"140,810"
6/29/2025,CRZ Entries,"462,437"
6/29/2025,CBD Entries,"531,999"
6/29/2025,Bus,"747,156"
6/29/2025,AAR,"27,283"
6/30/2025,AAR,"38,466"
6/30/2025,Subway,"3,570,724"
6/30/2025,SIR,"7,013"
6/30/2025,MNR,"226,634"
6/30/2025,LIRR,"265,402"
6/30/2025,CRZ Entries,"484,319"
6/30/2025,CBD Entries,"552,156"
6/30/2025,Bus,"1,322,280"
6/30/2025,BT,"978,738"
7/1/2025,LIRR,"245,375"
7/1/2025,Subway,"3,827,420"
7/1/2025,SIR,"7,169"
7/1/2025,MNR,"212,691"
7/1/2025,CRZ Entries,"486,400"
7/1/2025,CBD Entries,"552,919"
7/1/2025,Bus,"1,352,948"
7/1/2025,BT,"962,753"
7/1/2025,AAR,"41,983"
7/2/2025,BT,"989,748"
7/2/2025,Subway,"3,850,919"
7/2/2025,SIR,"7,241"
7/2/2025,MNR,"213,549"
7/2/2025,LIRR,"267,728"
7/2/2025,CRZ Entries,"493,313"
7/2/2025,CBD Entries,"560,964"
7/2/2025,Bus,"1,398,660"
7/2/2025,AAR,"44,290"
7/3/2025,BT,"1,033,884"
7/3/2025,Subway,"3,599,213"
7/3/2025,SIR,"6,320"
7/3/2025,MNR,"208,213"
7/3/2025,LIRR,"266,204"
7/3/2025,CRZ Entries,"487,405"
7/3/2025,CBD Entries,"559,318"
7/3/2025,Bus,"1,348,055"
7/3/2025,AAR,"42,904"
7/4/2025,AAR,"23,960"
7/4/2025,Subway,"2,325,024"
7/4/2025,SIR,"3,278"
7/4/2025,MNR,"107,177"
7/4/2025,LIRR,"141,707"
7/4/2025,CRZ Entries,"344,431"
7/4/2025,CBD Entries,"370,595"
7/4/2025,Bus,"777,322"
7/4/2025,BT,"823,510"
7/5/2025,AAR,"23,179"
7/5/2025,Subway,"2,279,010"
7/5/2025,SIR,"3,032"
7/5/2025,MNR,"108,845"
7/5/2025,LIRR,"147,313"
7/5/2025,CRZ Entries,"417,488"
7/5/2025,CBD Entries,"473,374"
7/5/2025,Bus,"865,914"
7/5/2025,BT,"869,114"
7/6/2025,Bus,"739,870"
7/6/2025,Subway,"1,991,884"
7/6/2025,SIR,"2,336"
7/6/2025,AAR,"26,944"
7/6/2025,MNR,"106,648"
7/6/2025,LIRR,"146,359"
7/6/2025,CRZ Entries,"427,051"
7/6/2025,CBD Entries,"495,165"
7/6/2025,BT,"928,952"
7/7/2025,BT,"941,314"
7/7/2025,Subway,"3,494,924"
7/7/2025,SIR,"6,657"
7/7/2025,MNR,"211,317"
7/7/2025,LIRR,"248,037"
7/7/2025,CRZ Entries,"472,168"
7/7/2025,CBD Entries,"539,785"
7/7/2025,Bus,"1,345,304"
7/7/2025,AAR,"39,214"
7/8/2025,AAR,"42,288"
7/8/2025,Subway,"3,921,235"
7/8/2025,SIR,"7,104"
7/8/2025,MNR,"241,553"
7/8/2025,LIRR,"262,625"
7/8/2025,CRZ Entries,"496,160"
7/8/2025,CBD Entries,"562,596"
7/8/2025,Bus,"1,411,193"
7/8/2025,BT,"954,114"
7/9/2025,MNR,"236,794"
7/9/2025,Subway,"4,071,286"
7/9/2025,SIR,"7,633"
7/9/2025,LIRR,"266,421"
7/9/2025,CRZ Entries,"511,140"
7/9/2025,CBD Entries,"575,949"
7/9/2025,Bus,"1,451,732"
7/9/2025,BT,"985,054"
7/9/2025,AAR,"45,132"
7/10/2025,BT,"991,161"
7/10/2025,Subway,"4,019,506"
7/10/2025,SIR,"7,343"
7/10/2025,MNR,"229,112"
7/10/2025,LIRR,"263,195"
7/10/2025,CRZ Entries,"519,365"
7/10/2025,CBD Entries,"584,824"
7/10/2025,Bus,"1,393,906"
7/10/2025,AAR,"43,008"
7/11/2025,AAR,"42,338"
7/11/2025,Subway,"3,752,472"
7/11/2025,SIR,"6,312"
7/11/2025,MNR,"225,186"
7/11/2025,LIRR,"272,902"
7/11/2025,CRZ Entries,"518,022"
7/11/2025,CBD Entries,"585,622"
7/11/2025,Bus,"1,338,079"
7/11/2025,BT,"1,015,625"
7/12/2025,AAR,"27,698"
7/12/2025,Subway,"2,696,784"
7/12/2025,SIR,"3,333"
7/12/2025,MNR,"135,356"
7/12/2025,LIRR,"149,285"
7/12/2025,CRZ Entries,"489,791"
7/12/2025,CBD Entries,"548,482"
7/12/2025,Bus,"960,786"
7/12/2025,BT,"977,883"
7/13/2025,CBD Entries,"512,419"
7/13/2025,Subway,"2,144,413"
7/13/2025,SIR,"2,436"
7/13/2025,BT,"947,683"
7/13/2025,MNR,"115,440"
7/13/2025,AAR,"27,530"
7/13/2025,LIRR,"132,047"
7/13/2025,CRZ Entries,"460,304"
7/13/2025,Bus,"750,701"
7/14/2025,BT,"949,245"
7/14/2025,Subway,"3,605,195"
7/14/2025,SIR,"6,862"
7/14/2025,MNR,"218,295"
7/14/2025,LIRR,"257,985"
7/14/2025,CRZ Entries,"488,753"
7/14/2025,CBD Entries,"551,976"
7/14/2025,Bus,"1,339,218"
7/14/2025,AAR,"39,010"
7/15/2025,AAR,"42,917"
7/15/2025,Subway,"4,039,160"
7/15/2025,SIR,"7,585"
7/15/2025,MNR,"240,472"
7/15/2025,LIRR,"273,821"
7/15/2025,CRZ Entries,"505,180"
7/15/2025,CBD Entries,"568,443"
7/15/2025,Bus,"1,440,912"
7/15/2025,BT,"964,769"
7/16/2025,MNR,"239,169"
7/16/2025,Subway,"4,117,704"
7/16/2025,SIR,"7,572"
7/16/2025,LIRR,"274,639"
7/16/2025,CRZ Entries,"517,696"
7/16/2025,CBD Entries,"582,827"
7/16/2025,Bus,"1,448,849"
7/16/2025,BT,"984,544"
7/16/2025,AAR,"44,891"
7/17/2025,BT,"1,012,349"
7/17/2025,Subway,"4,029,813"
7/17/2025,SIR,"7,131"
7/17/2025,MNR,"230,292"
7/17/2025,LIRR,"272,814"
7/17/2025,CRZ Entries,"529,651"
7/17/2025,CBD Entries,"598,461"
7/17/2025,Bus,"1,405,028"
7/17/2025,AAR,"43,352"
7/18/2025,AAR,"42,209"
7/18/2025,Subway,"3,739,145"
7/18/2025,SIR,"6,115"
7/18/2025,MNR,"223,832"
7/18/2025,LIRR,"278,160"
7/18/2025,CRZ Entries,"522,779"
7/18/2025,CBD Entries,"591,287"
7/18/2025,Bus,"1,335,124"
7/18/2025,BT,"1,034,137"
7/19/2025,LIRR,"168,171"
7/19/2025,Subway,"2,655,440"
7/19/2025,SIR,"3,241"
7/19/2025,MNR,"133,834"
7/19/2025,CRZ Entries,"492,020"
7/19/2025,CBD Entries,"555,768"
7/19/2025,Bus,"936,694"
7/19/2025,BT,"991,761"
7/19/2025,AAR,"28,090"
7/20/2025,Bus,"753,370"
7/20/2025,Subway,"2,111,747"
7/20/2025,SIR,"2,433"
7/20/2025,AAR,"27,099"
7/20/2025,MNR,"107,317"
7/20/2025,LIRR,"140,696"
7/20/2025,CRZ Entries,"460,599"
7/20/2025,CBD Entries,"526,015"
7/20/2025,BT,"957,647"
7/21/2025,BT,"970,671"
7/21/2025,Subway,"3,671,940"
7/21/2025,SIR,"6,941"
7/21/2025,MNR,"224,453"
7/21/2025,LIRR,"267,689"
7/21/2025,CRZ Entries,"485,347"
7/21/2025,CBD Entries,"552,298"
7/21/2025,Bus,"1,361,375"
7/21/2025,AAR,"39,272"
7/22/2025,AAR,"43,313"
7/22/2025,Subway,"4,085,230"
7/22/2025,SIR,"7,645"
7/22/2025,MNR,"245,466"
7/22/2025,LIRR,"295,419"
7/22/2025,CRZ Entries,"500,828"
7/22/2025,CBD Entries,"566,171"
7/22/2025,Bus,"1,433,292"
7/22/2025,BT,"962,297"
7/23/2025,MNR,"240,979"
7/23/2025,Subway,"4,124,410"
7/23/2025,SIR,"7,619"
7/23/2025,LIRR,"298,419"
7/23/2025,CRZ Entries,"515,261"
7/23/2025,CBD Entries,"583,481"
7/23/2025,Bus,"1,431,350"
7/23/2025,BT,"981,504"
7/23/2025,AAR,"44,930"
7/24/2025,BT,"1,016,811"
7/24/2025,Subway,"4,079,094"
7/24/2025,SIR,"7,277"
7/24/2025,MNR,"236,538"
7/24/2025,LIRR,"277,559"
7/24/2025,CRZ Entries,"526,974"
7/24/2025,CBD Entries,"592,456"
7/24/2025,Bus,"1,422,129"
7/24/2025,AAR,"43,574"
7/25/2025,AAR,"40,952"
7/25/2025,Subway,"3,656,150"
7/25/2025,SIR,"5,508"
7/25/2025,MNR,"222,755"
7/25/2025,LIRR,"262,297"
7/25/2025,CRZ Entries,"518,744"
7/25/2025,CBD Entries,"588,419"
7/25/2025,Bus,"1,280,081"
7/25/2025,BT,"1,015,431"
7/26/2025,AAR,"27,624"
7/26/2025,Subway,"2,790,923"
7/26/2025,SIR,"3,040"
7/26/2025,MNR,"137,302"
7/26/2025,LIRR,"159,323"
7/26/2025,CRZ Entries,"499,170"
7/26/2025,CBD Entries,"563,385"
7/26/2025,Bus,"922,083"
7/26/2025,BT,"1,015,567"
7/27/2025,CRZ Entries,"457,180"
7/27/2025,Subway,"2,149,759"
7/27/2025,SIR,"2,128"
7/27/2025,Bus,"704,038"
7/27/2025,MNR,"112,224"
7/27/2025,BT,"925,287"
7/27/2025,AAR,"25,966"
7/27/2025,LIRR,"127,073"
7/27/2025,CBD Entries,"523,954"
7/28/2025,BT,"975,543"
7/28/2025,Subway,"3,664,264"
7/28/2025,SIR,"6,780"
7/28/2025,MNR,"227,711"
7/28/2025,LIRR,"262,687"
7/28/2025,CRZ Entries,"490,341"
7/28/2025,CBD Entries,"557,783"
7/28/2025,Bus,"1,355,899"
7/28/2025,AAR,"38,491"
7/29/2025,AAR,"42,045"
7/29/2025,Subway,"3,942,701"
7/29/2025,SIR,"7,230"
7/29/2025,MNR,"240,606"
7/29/2025,LIRR,"275,947"
7/29/2025,CRZ Entries,"506,126"
7/29/2025,CBD Entries,"574,356"
7/29/2025,Bus,"1,391,706"
7/29/2025,BT,"970,476"
7/30/2025,MNR,"241,950"
7/30/2025,Subway,"3,995,693"
7/30/2025,SIR,"7,350"
7/30/2025,LIRR,"272,520"
7/30/2025,CRZ Entries,"511,770"
7/30/2025,CBD Entries,"580,299"
7/30/2025,Bus,"1,381,553"
7/30/2025,BT,"978,621"
7/30/2025,AAR,"43,086"
7/31/2025,BT,"958,049"
7/31/2025,Subway,"3,718,979"
7/31/2025,SIR,"7,004"
7/31/2025,MNR,"229,384"
7/31/2025,LIRR,"260,275"
7/31/2025,CRZ Entries,"506,462"
7/31/2025,CBD Entries,"572,629"
7/31/2025,Bus,"1,310,912"
7/31/2025,AAR,"42,155"
8/1/2025,AAR,"41,345"
8/1/2025,Subway,"3,597,962"
8/1/2025,SIR,"5,983"
8/1/2025,MNR,"174,071"
8/1/2025,LIRR,"225,675"
8/1/2025,CRZ Entries,"508,733"
8/1/2025,CBD Entries,"579,089"
8/1/2025,Bus,"1,318,643"
8/1/2025,BT,"1,010,258"
8/2/2025,LIRR,"151,706"
8/2/2025,Subway,"2,661,432"
8/2/2025,SIR,"3,134"
8/2/2025,MNR,"125,916"
8/2/2025,CRZ Entries,"476,734"
8/2/2025,CBD Entries,"541,316"
8/2/2025,Bus,"924,525"
8/2/2025,BT,"992,084"
8/2/2025,AAR,"28,936"
8/3/2025,Bus,"766,036"
8/3/2025,Subway,"2,109,148"
8/3/2025,SIR,"2,438"
8/3/2025,AAR,"27,902"
8/3/2025,MNR,"102,414"
8/3/2025,LIRR,"131,196"
8/3/2025,CRZ Entries,"443,041"
8/3/2025,CBD Entries,"508,382"
8/3/2025,BT,"937,381"
8/4/2025,BT,"963,338"
8/4/2025,Subway,"3,603,453"
8/4/2025,SIR,"6,910"
8/4/2025,MNR,"207,908"
8/4/2025,LIRR,"253,148"
8/4/2025,CRZ Entries,"472,834"
8/4/2025,CBD Entries,"541,255"
8/4/2025,Bus,"1,367,299"
8/4/2025,AAR,"39,688"
8/5/2025,AAR,"44,101"
8/5/2025,Subway,"3,990,441"
8/5/2025,SIR,"7,688"
8/5/2025,MNR,"227,260"
8/5/2025,LIRR,"272,605"
8/5/2025,CRZ Entries,"494,700"
8/5/2025,CBD Entries,"563,946"
8/5/2025,Bus,"1,424,105"
8/5/2025,BT,"957,256"
8/6/2025,MNR,"222,043"
8/6/2025,Subway,"3,994,828"
8/6/2025,SIR,"7,627"
8/6/2025,LIRR,"273,051"
8/6/2025,CRZ Entries,"503,937"
8/6/2025,CBD Entries,"572,039"
8/6/2025,Bus,"1,415,758"
8/6/2025,BT,"975,465"
8/6/2025,AAR,"44,869"
8/7/2025,BT,"1,004,118"
8/7/2025,Subway,"3,944,318"
8/7/2025,SIR,"7,256"
8/7/2025,MNR,"214,868"
8/7/2025,LIRR,"265,143"
8/7/2025,CRZ Entries,"514,904"
8/7/2025,CBD Entries,"586,245"
8/7/2025,Bus,"1,408,353"
8/7/2025,AAR,"43,838"
8/8/2025,AAR,"41,991"
8/8/2025,Subway,"3,654,469"
8/8/2025,SIR,"6,315"
8/8/2025,MNR,"212,368"
8/8/2025,LIRR,"260,507"
8/8/2025,CRZ Entries,"508,787"
8/8/2025,CBD Entries,"578,625"
8/8/2025,Bus,"1,326,591"
8/8/2025,BT,"1,019,042"
8/9/2025,LIRR,"153,113"
8/9/2025,Subway,"2,671,051"
8/9/2025,SIR,"2,595"
8/9/2025,MNR,"131,416"
8/9/2025,CRZ Entries,"470,918"
8/9/2025,CBD Entries,"534,173"
8/9/2025,Bus,"922,892"
8/9/2025,BT,"985,098"
8/9/2025,AAR,"28,414"
8/10/2025,CBD Entries,"516,631"
8/10/2025,Subway,"2,201,175"
8/10/2025,SIR,"2,109"
8/10/2025,BT,"964,503"
8/10/2025,MNR,"116,733"
8/10/2025,AAR,"27,679"
8/10/2025,LIRR,"136,708"
8/10/2025,CRZ Entries,"448,299"
8/10/2025,Bus,"736,132"
8/11/2025,BT,"959,647"
8/11/2025,Subway,"3,541,477"
8/11/2025,SIR,"6,657"
8/11/2025,MNR,"211,894"
8/11/2025,LIRR,"254,512"
8/11/2025,CRZ Entries,"474,195"
8/11/2025,CBD Entries,"544,096"
8/11/2025,Bus,"1,325,167"
8/11/2025,AAR,"38,985"
8/12/2025,AAR,"43,664"
8/12/2025,Subway,"3,891,327"
8/12/2025,SIR,"7,367"
8/12/2025,MNR,"225,090"
8/12/2025,LIRR,"272,560"
8/12/2025,CRZ Entries,"491,063"
8/12/2025,CBD Entries,"557,546"
8/12/2025,Bus,"1,393,854"
8/12/2025,BT,"966,304"
8/13/2025,MNR,"221,321"
8/13/2025,Subway,"3,880,241"
8/13/2025,SIR,"7,233"
8/13/2025,LIRR,"267,156"
8/13/2025,CRZ Entries,"500,378"
8/13/2025,CBD Entries,"569,361"
8/13/2025,Bus,"1,355,986"
8/13/2025,BT,"971,639"
8/13/2025,AAR,"44,349"
8/14/2025,BT,"1,012,190"
8/14/2025,Subway,"3,823,077"
8/14/2025,SIR,"6,878"
8/14/2025,MNR,"210,265"
8/14/2025,LIRR,"264,290"
8/14/2025,CRZ Entries,"513,978"
8/14/2025,CBD Entries,"585,499"
8/14/2025,Bus,"1,364,955"
8/14/2025,AAR,"43,367"
8/15/2025,AAR,"41,588"
8/15/2025,Subway,"3,551,008"
8/15/2025,SIR,"5,990"
8/15/2025,MNR,"203,201"
8/15/2025,LIRR,"258,243"
8/15/2025,CRZ Entries,"503,939"
8/15/2025,CBD Entries,"575,069"
8/15/2025,Bus,"1,308,147"
8/15/2025,BT,"1,028,472"
8/16/2025,LIRR,"153,433"
8/16/2025,Subway,"2,568,833"
8/16/2025,SIR,"2,433"
8/16/2025,MNR,"120,490"
8/16/2025,CRZ Entries,"471,921"
8/16/2025,CBD Entries,"540,124"
8/16/2025,Bus,"912,705"
8/16/2025,BT,"990,201"
8/16/2025,AAR,"28,833"
8/17/2025,Bus,"725,657"
8/17/2025,Subway,"2,015,821"
8/17/2025,SIR,"1,642"
8/17/2025,AAR,"27,882"
8/17/2025,MNR,"101,391"
8/17/2025,LIRR,"125,268"
8/17/2025,CRZ Entries,"444,245"
8/17/2025,CBD Entries,"514,796"
8/17/2025,BT,"960,971"
8/18/2025,BT,"949,948"
8/18/2025,Subway,"3,376,936"
8/18/2025,SIR,"6,475"
8/18/2025,MNR,"200,323"
8/18/2025,LIRR,"246,904"
8/18/2025,CRZ Entries,"466,129"
8/18/2025,CBD Entries,"535,621"
8/18/2025,Bus,"1,264,049"
8/18/2025,AAR,"38,413"
8/19/2025,AAR,"41,917"
8/19/2025,Subway,"3,788,813"
8/19/2025,SIR,"7,134"
8/19/2025,MNR,"217,321"
8/19/2025,LIRR,"269,818"
8/19/2025,CRZ Entries,"483,349"
8/19/2025,CBD Entries,"551,588"
8/19/2025,Bus,"1,340,712"
8/19/2025,BT,"954,649"
8/20/2025,MNR,"208,647"
8/20/2025,Subway,"3,712,709"
8/20/2025,SIR,"6,673"
8/20/2025,LIRR,"255,602"
8/20/2025,CRZ Entries,"487,739"
8/20/2025,CBD Entries,"555,592"
8/20/2025,Bus,"1,265,037"
8/20/2025,BT,"941,839"
8/20/2025,AAR,"42,821"
8/21/2025,BT,"993,364"
8/21/2025,Subway,"3,790,576"
8/21/2025,SIR,"6,538"
8/21/2025,MNR,"218,083"
8/21/2025,LIRR,"268,214"
8/21/2025,CRZ Entries,"503,544"
8/21/2025,CBD Entries,"572,855"
8/21/2025,Bus,"1,296,398"
8/21/2025,AAR,"41,317"
8/22/2025,AAR,"40,155"
8/22/2025,Subway,"3,640,772"
8/22/2025,SIR,"6,102"
8/22/2025,MNR,"217,013"
8/22/2025,LIRR,"264,414"
8/22/2025,CRZ Entries,"505,286"
8/22/2025,CBD Entries,"576,344"
8/22/2025,Bus,"1,287,328"
8/22/2025,BT,"1,022,733"
8/23/2025,BT,"1,006,389"
8/23/2025,Subway,"2,669,472"
8/23/2025,SIR,"3,351"
8/23/2025,MNR,"133,514"
8/23/2025,LIRR,"166,882"
8/23/2025,CRZ Entries,"487,215"
8/23/2025,CBD Entries,"553,608"
8/23/2025,Bus,"925,878"
8/23/2025,AAR,"27,407"
8/24/2025,CBD Entries,"528,050"
8/24/2025,Subway,"2,154,935"
8/24/2025,SIR,"2,459"
8/24/2025,MNR,"109,360"
8/24/2025,AAR,"26,911"
8/24/2025,BT,"962,150"
8/24/2025,LIRR,"149,695"
8/24/2025,CRZ Entries,"458,481"
8/24/2025,Bus,"739,780"
8/25/2025,BT,"970,575"
8/25/2025,Subway,"3,499,592"
8/25/2025,SIR,"6,329"
8/25/2025,MNR,"207,511"
8/25/2025,LIRR,"275,475"
8/25/2025,CRZ Entries,"469,466"
8/25/2025,CBD Entries,"540,962"
8/25/2025,Bus,"1,287,007"
8/25/2025,AAR,"37,653"
8/26/2025,AAR,"41,461"
8/26/2025,Subway,"3,934,641"
8/26/2025,SIR,"7,249"
8/26/2025,MNR,"222,383"
8/26/2025,LIRR,"294,008"
8/26/2025,CRZ Entries,"484,927"
8/26/2025,CBD Entries,"554,316"
8/26/2025,Bus,"1,381,193"
8/26/2025,BT,"964,498"
8/27/2025,LIRR,"294,556"
8/27/2025,Subway,"3,959,633"
8/27/2025,SIR,"7,311"
8/27/2025,MNR,"220,687"
8/27/2025,CRZ Entries,"495,649"
8/27/2025,CBD Entries,"565,997"
8/27/2025,Bus,"1,392,630"
8/27/2025,BT,"985,440"
8/27/2025,AAR,"43,498"
8/28/2025,BT,"1,019,765"
8/28/2025,Subway,"3,844,830"
8/28/2025,SIR,"6,992"
8/28/2025,MNR,"212,908"
8/28/2025,LIRR,"293,877"
8/28/2025,CRZ Entries,"503,521"
8/28/2025,CBD Entries,"574,538"
8/28/2025,Bus,"1,363,724"
8/28/2025,AAR,"42,332"
8/29/2025,BT,"1,027,183"
8/29/2025,Subway,"3,559,792"
8/29/2025,SIR,"5,796"
8/29/2025,MNR,"205,508"
8/29/2025,LIRR,"284,378"
8/29/2025,CRZ Entries,"500,850"
8/29/2025,CBD Entries,"574,985"
8/29/2025,Bus,"1,289,424"
8/29/2025,AAR,"40,464"
8/30/2025,AAR,"27,458"
8/30/2025,Subway,"2,575,973"
8/30/2025,SIR,"3,039"
8/30/2025,MNR,"129,878"
8/30/2025,LIRR,"174,467"
8/30/2025,CRZ Entries,"465,081"
8/30/2025,CBD Entries,"532,571"
8/30/2025,Bus,"895,879"
8/30/2025,BT,"963,358"
8/31/2025,AAR,"28,459"
8/31/2025,Subway,"2,197,950"
8/31/2025,SIR,"2,401"
8/31/2025,MNR,"113,092"
8/31/2025,LIRR,"152,591"
8/31/2025,CRZ Entries,"451,084"
8/31/2025,CBD Entries,"524,543"
8/31/2025,Bus,"705,740"
8/31/2025,BT,"956,024"
9/1/2025,Bus,"673,370"
9/1/2025,Subway,"2,092,253"
9/1/2025,SIR,"2,399"
9/1/2025,AAR,"17,488"
9/1/2025,MNR,"100,886"
9/1/2025,LIRR,"140,632"
9/1/2025,CRZ Entries,"405,009"
9/1/2025,CBD Entries,"470,708"
9/1/2025,BT,"853,219"
9/2/2025,BT,"971,199"
9/2/2025,Subway,"3,842,843"
9/2/2025,SIR,"7,277"
9/2/2025,MNR,"228,222"
9/2/2025,LIRR,"277,073"
9/2/2025,CRZ Entries,"494,239"
9/2/2025,CBD Entries,"564,878"
9/2/2025,Bus,"1,346,568"
9/2/2025,AAR,"41,991"
9/3/2025,AAR,"46,061"
9/3/2025,Subway,"4,101,293"
9/3/2025,SIR,"7,483"
9/3/2025,MNR,"238,831"
9/3/2025,LIRR,"293,705"
9/3/2025,CRZ Entries,"503,384"
9/3/2025,CBD Entries,"572,264"
9/3/2025,Bus,"1,438,356"
9/3/2025,BT,"960,254"
9/4/2025,MNR,"232,772"
9/4/2025,Subway,"4,258,378"
9/4/2025,SIR,"7,709"
9/4/2025,LIRR,"289,721"
9/4/2025,CRZ Entries,"518,054"
9/4/2025,CBD Entries,"584,644"
9/4/2025,Bus,"1,469,632"
9/4/2025,BT,"966,487"
9/4/2025,AAR,"45,376"
9/5/2025,BT,"1,005,336"
9/5/2025,Subway,"4,020,205"
9/5/2025,SIR,"6,830"
9/5/2025,MNR,"225,330"
9/5/2025,LIRR,"279,193"
9/5/2025,CRZ Entries,"526,170"
9/5/2025,CBD Entries,"594,321"
9/5/2025,Bus,"1,437,614"
9/5/2025,AAR,"43,782"
9/6/2025,AAR,"27,218"
9/6/2025,Subway,"2,589,586"
9/6/2025,SIR,"2,213"
9/6/2025,MNR,"117,043"
9/6/2025,LIRR,"141,330"
9/6/2025,CRZ Entries,"499,423"
9/6/2025,CBD Entries,"560,115"
9/6/2025,Bus,"846,107"
9/6/2025,BT,"917,387"
9/7/2025,AAR,"28,255"
9/7/2025,Subway,"2,058,463"
9/7/2025,SIR,"1,425"
9/7/2025,MNR,"99,960"
9/7/2025,LIRR,"122,696"
9/7/2025,CRZ Entries,"460,258"
9/7/2025,CBD Entries,"523,680"
9/7/2025,Bus,"684,550"
9/7/2025,BT,"862,573"
9/8/2025,CBD Entries,"559,406"
9/8/2025,Subway,"4,051,429"
9/8/2025,SIR,"7,574"
9/8/2025,BT,"945,027"
9/8/2025,MNR,"226,542"
9/8/2025,AAR,"41,777"
9/8/2025,LIRR,"266,996"
9/8/2025,CRZ Entries,"492,346"
9/8/2025,Bus,"1,497,567"
9/9/2025,BT,"954,339"
9/9/2025,Subway,"4,433,601"
9/9/2025,SIR,"8,282"
9/9/2025,MNR,"249,487"
9/9/2025,LIRR,"278,353"
9/9/2025,CRZ Entries,"507,897"
9/9/2025,CBD Entries,"575,700"
9/9/2025,Bus,"1,551,093"
9/9/2025,AAR,"45,766"
9/10/2025,AAR,"46,875"
9/10/2025,Subway,"4,472,327"
9/10/2025,SIR,"8,093"
9/10/2025,MNR,"244,711"
9/10/2025,LIRR,"277,619"
9/10/2025,CRZ Entries,"523,856"
9/10/2025,CBD Entries,"590,074"
9/10/2025,Bus,"1,540,037"
9/10/2025,BT,"963,539"
9/11/2025,MNR,"239,089"
9/11/2025,Subway,"4,499,093"
9/11/2025,SIR,"8,324"
9/11/2025,LIRR,"284,101"
9/11/2025,CRZ Entries,"524,119"
9/11/2025,CBD Entries,"590,188"
9/11/2025,Bus,"1,550,699"
9/11/2025,BT,"986,086"
9/11/2025,AAR,"45,113"
9/12/2025,BT,"1,034,050"
9/12/2025,Subway,"4,196,585"
9/12/2025,SIR,"6,806"
9/12/2025,MNR,"230,142"
9/12/2025,LIRR,"280,104"
9/12/2025,CRZ Entries,"539,715"
9/12/2025,CBD Entries,"607,463"
9/12/2025,Bus,"1,477,001"
9/12/2025,AAR,"44,800"
9/13/2025,AAR,"29,120"
9/13/2025,Subway,"2,916,067"
9/13/2025,SIR,"2,491"
9/13/2025,MNR,"144,805"
9/13/2025,LIRR,"152,575"
9/13/2025,CRZ Entries,"524,411"
9/13/2025,CBD Entries,"588,396"
9/13/2025,Bus,"965,501"
9/13/2025,BT,"996,581"
9/14/2025,LIRR,"128,586"
9/14/2025,Subway,"2,260,774"
9/14/2025,SIR,"1,733"
9/14/2025,MNR,"117,465"
9/14/2025,CRZ Entries,"488,963"
9/14/2025,CBD Entries,"558,337"
9/14/2025,Bus,"759,804"
9/14/2025,BT,"961,790"
9/14/2025,AAR,"29,323"
9/15/2025,Bus,"1,508,135"
9/15/2025,Subway,"4,046,573"
9/15/2025,SIR,"7,707"
9/15/2025,AAR,"41,693"
9/15/2025,MNR,"228,659"
9/15/2025,LIRR,"271,084"
9/15/2025,CRZ Entries,"495,828"
9/15/2025,CBD Entries,"563,416"
9/15/2025,BT,"953,354"
9/16/2025,BT,"964,074"
9/16/2025,Subway,"4,425,430"
9/16/2025,SIR,"8,395"
9/16/2025,MNR,"246,166"
9/16/2025,LIRR,"286,694"
9/16/2025,CRZ Entries,"512,773"
9/16/2025,CBD Entries,"580,138"
9/16/2025,Bus,"1,561,603"
9/16/2025,AAR,"46,067"
9/17/2025,AAR,"46,498"
9/17/2025,Subway,"4,446,829"
9/17/2025,SIR,"8,106"
9/17/2025,MNR,"242,860"
9/17/2025,LIRR,"286,428"
9/17/2025,CRZ Entries,"522,265"
9/17/2025,CBD Entries,"589,690"
9/17/2025,Bus,"1,527,852"
9/17/2025,BT,"961,549"
9/18/2025,MNR,"239,470"
9/18/2025,Subway,"4,488,401"
9/18/2025,SIR,"7,949"
9/18/2025,LIRR,"281,845"
9/18/2025,CRZ Entries,"538,345"
9/18/2025,CBD Entries,"603,572"
9/18/2025,Bus,"1,550,224"
9/18/2025,BT,"1,006,303"
9/18/2025,AAR,"46,174"
9/19/2025,BT,"1,042,086"
9/19/2025,Subway,"4,177,680"
9/19/2025,SIR,"6,987"
9/19/2025,MNR,"231,477"
9/19/2025,LIRR,"286,808"
9/19/2025,CRZ Entries,"539,919"
9/19/2025,CBD Entries,"608,394"
9/19/2025,Bus,"1,480,671"
9/19/2025,AAR,"44,232"
9/20/2025,AAR,"28,263"
9/20/2025,Subway,"2,907,031"
9/20/2025,SIR,"2,721"
9/20/2025,MNR,"137,816"
9/20/2025,LIRR,"162,463"
9/20/2025,CRZ Entries,"525,352"
9/20/2025,CBD Entries,"588,932"
9/20/2025,Bus,"949,447"
9/20/2025,BT,"1,000,287"
9/21/2025,LIRR,"138,648"
9/21/2025,Subway,"2,305,677"
9/21/2025,SIR,"1,826"
9/21/2025,MNR,"119,583"
9/21/2025,CRZ Entries,"486,871"
9/21/2025,CBD Entries,"556,640"
9/21/2025,Bus,"730,328"
9/21/2025,BT,"951,666"
9/21/2025,AAR,"28,507"
9/22/2025,Bus,"1,398,995"
9/22/2025,Subway,"3,931,188"
9/22/2025,SIR,"7,385"
9/22/2025,MNR,"235,311"
9/22/2025,AAR,"40,106"
9/22/2025,LIRR,"277,694"
9/22/2025,CRZ Entries,"478,490"
9/22/2025,CBD Entries,"545,829"
9/22/2025,BT,"942,647"
9/23/2025,BT,"900,181"
9/23/2025,Subway,"3,913,543"
9/23/2025,SIR,"7,547"
9/23/2025,MNR,"251,491"
9/23/2025,LIRR,"292,843"
9/23/2025,CRZ Entries,"461,632"
9/23/2025,CBD Entries,"521,957"
9/23/2025,Bus,"1,278,886"
9/23/2025,AAR,"39,820"
9/24/2025,AAR,"41,928"
9/24/2025,Subway,"4,031,358"
9/24/2025,SIR,"7,537"
9/24/2025,MNR,"246,884"
9/24/2025,LIRR,"301,441"
9/24/2025,CRZ Entries,"490,813"
9/24/2025,CBD Entries,"556,653"
9/24/2025,Bus,"1,312,722"
9/24/2025,BT,"921,997"
9/25/2025,LIRR,"298,380"
9/25/2025,Subway,"4,423,394"
9/25/2025,SIR,"7,834"
9/25/2025,MNR,"243,174"
9/25/2025,CRZ Entries,"512,347"
9/25/2025,CBD Entries,"578,090"
9/25/2025,Bus,"1,444,408"
9/25/2025,BT,"966,221"
9/25/2025,AAR,"43,591"
9/26/2025,BT,"1,043,628"
9/26/2025,Subway,"4,199,816"
9/26/2025,SIR,"6,937"
9/26/2025,MNR,"240,853"
9/26/2025,LIRR,"306,735"
9/26/2025,CRZ Entries,"531,409"
9/26/2025,CBD Entries,"602,233"
9/26/2025,Bus,"1,455,644"
9/26/2025,AAR,"43,185"
9/27/2025,BT,"997,436"
9/27/2025,Subway,"2,911,538"
9/27/2025,SIR,"3,051"
9/27/2025,MNR,"145,805"
9/27/2025,LIRR,"181,410"
9/27/2025,CRZ Entries,"531,438"
9/27/2025,CBD Entries,"597,376"
9/27/2025,Bus,"933,791"
9/27/2025,AAR,"27,542"
9/28/2025,AAR,"28,439"
9/28/2025,Subway,"2,213,509"
9/28/2025,SIR,"2,589"
9/28/2025,MNR,"114,310"
9/28/2025,LIRR,"149,259"
9/28/2025,CRZ Entries,"487,271"
9/28/2025,CBD Entries,"550,478"
9/28/2025,Bus,"742,362"
9/28/2025,BT,"932,462"
9/29/2025,AAR,"41,836"
9/29/2025,Subway,"4,061,628"
9/29/2025,SIR,"7,641"
9/29/2025,MNR,"232,338"
9/29/2025,LIRR,"278,761"
9/29/2025,CRZ Entries,"489,589"
9/29/2025,CBD Entries,"556,266"
9/29/2025,Bus,"1,482,688"
9/29/2025,BT,"950,405"
9/30/2025,Bus,"1,534,316"
9/30/2025,Subway,"4,440,014"
9/30/2025,SIR,"8,347"
9/30/2025,AAR,"45,235"
9/30/2025,MNR,"257,469"
9/30/2025,LIRR,"286,693"
9/30/2025,CRZ Entries,"505,841"
9/30/2025,CBD Entries,"570,885"
9/30/2025,BT,"961,539"
10/1/2025,BT,"943,997"
10/1/2025,Subway,"4,339,922"
10/1/2025,SIR,"8,212"
10/1/2025,MNR,"243,325"
10/1/2025,LIRR,"259,808"
10/1/2025,CRZ Entries,"498,305"
10/1/2025,CBD Entries,"560,691"
10/1/2025,Bus,"1,473,098"
10/1/2025,AAR,"46,020"
10/2/2025,AAR,"40,497"
10/2/2025,Subway,"3,815,531"
10/2/2025,SIR,"6,807"
10/2/2025,MNR,"236,427"
10/2/2025,LIRR,"257,417"
10/2/2025,CRZ Entries,"490,442"
10/2/2025,CBD Entries,"553,064"
10/2/2025,Bus,"1,261,553"
10/2/2025,BT,"913,797"
10/3/2025,MNR,"225,487"
10/3/2025,Subway,"4,066,815"
10/3/2025,SIR,"6,890"
10/3/2025,LIRR,"265,055"
10/3/2025,CRZ Entries,"529,663"
10/3/2025,CBD Entries,"598,480"
10/3/2025,Bus,"1,434,440"
10/3/2025,BT,"1,008,171"
10/3/2025,AAR,"44,933"
10/4/2025,BT,"965,808"
10/4/2025,Subway,"2,104,373"
10/4/2025,SIR,"2,113"
10/4/2025,MNR,"136,719"
10/4/2025,LIRR,"143,110"
10/4/2025,CRZ Entries,"518,442"
10/4/2025,CBD Entries,"583,919"
10/4/2025,Bus,"718,806"
10/4/2025,AAR,"29,130"
10/5/2025,AAR,"29,332"
10/5/2025,Subway,"2,193,758"
10/5/2025,SIR,"1,940"
10/5/2025,MNR,"109,130"
10/5/2025,LIRR,"120,574"
10/5/2025,CRZ Entries,"483,443"
10/5/2025,CBD Entries,"551,355"
10/5/2025,Bus,"702,569"
10/5/2025,BT,"936,413"
10/6/2025,AAR,"42,251"
10/6/2025,Subway,"3,927,545"
10/6/2025,SIR,"7,519"
10/6/2025,MNR,"226,803"
10/6/2025,LIRR,"261,527"
10/6/2025,CRZ Entries,"486,155"
10/6/2025,CBD Entries,"551,459"
10/6/2025,Bus,"1,396,894"
10/6/2025,BT,"929,249"
10/7/2025,CBD Entries,"557,894"
10/7/2025,Subway,"4,212,383"
10/7/2025,SIR,"8,179"
10/7/2025,BT,"900,999"
10/7/2025,MNR,"254,323"
10/7/2025,AAR,"44,898"
10/7/2025,LIRR,"278,786"
10/7/2025,CRZ Entries,"497,959"
10/7/2025,Bus,"1,404,064"
10/8/2025,BT,"913,834"
10/8/2025,Subway,"4,237,976"
10/8/2025,SIR,"7,903"
10/8/2025,MNR,"249,146"
10/8/2025,LIRR,"269,959"
10/8/2025,CRZ Entries,"515,826"
10/8/2025,CBD Entries,"575,970"
10/8/2025,Bus,"1,395,842"
10/8/2025,AAR,"45,158"
10/9/2025,AAR,"46,236"
10/9/2025,Subway,"4,452,806"
10/9/2025,SIR,"7,996"
10/9/2025,MNR,"250,000"
10/9/2025,LIRR,"291,108"
10/9/2025,CRZ Entries,"537,602"
10/9/2025,CBD Entries,"602,517"
10/9/2025,Bus,"1,452,407"
10/9/2025,BT,"1,010,954"
10/10/2025,MNR,"245,256"
10/10/2025,Subway,"4,043,304"
10/10/2025,SIR,"6,790"
10/10/2025,LIRR,"285,283"
10/10/2025,CRZ Entries,"540,792"
10/10/2025,CBD Entries,"608,468"
10/10/2025,Bus,"1,368,369"
10/10/2025,BT,"1,042,761"
10/10/2025,AAR,"44,822"
10/11/2025,BT,"962,632"
10/11/2025,Subway,"2,732,324"
10/11/2025,SIR,"2,926"
10/11/2025,MNR,"145,487"
10/11/2025,LIRR,"155,564"
10/11/2025,CRZ Entries,"516,572"
10/11/2025,CBD Entries,"579,599"
10/11/2025,Bus,"859,727"
10/11/2025,AAR,"28,513"
10/12/2025,AAR,"23,732"
10/12/2025,Subway,"1,968,515"
10/12/2025,SIR,"1,968"
10/12/2025,MNR,"98,164"
10/12/2025,LIRR,"105,833"
10/12/2025,CRZ Entries,"445,752"
10/12/2025,CBD Entries,"503,174"
10/12/2025,Bus,"592,660"
10/12/2025,BT,"761,450"
10/13/2025,LIRR,"226,891"
10/13/2025,Subway,"2,788,416"
10/13/2025,SIR,"3,548"
10/13/2025,MNR,"203,344"
10/13/2025,CRZ Entries,"424,539"
10/13/2025,CBD Entries,"482,865"
10/13/2025,Bus,"891,300"
10/13/2025,BT,"778,635"
10/13/2025,AAR,"27,812"
10/14/2025,Bus,"1,409,939"
10/14/2025,Subway,"4,190,034"
10/14/2025,SIR,"7,739"
10/14/2025,AAR,"42,716"
10/14/2025,MNR,"250,229"
10/14/2025,LIRR,"280,029"
10/14/2025,CRZ Entries,"500,773"
10/14/2025,CBD Entries,"561,387"
10/14/2025,BT,"917,366"
10/15/2025,BT,"960,851"
10/15/2025,Subway,"4,328,358"
10/15/2025,SIR,"7,915"
10/15/2025,MNR,"250,634"
10/15/2025,LIRR,"283,734"
10/15/2025,CRZ Entries,"516,539"
10/15/2025,CBD Entries,"579,030"
10/15/2025,Bus,"1,443,106"
10/15/2025,AAR,"46,081"
10/16/2025,AAR,"46,342"
10/16/2025,Subway,"4,462,590"
10/16/2025,SIR,"7,794"
10/16/2025,MNR,"249,181"
10/16/2025,LIRR,"289,634"
10/16/2025,CRZ Entries,"537,918"
10/16/2025,CBD Entries,"603,395"
10/16/2025,Bus,"1,429,707"
10/16/2025,BT,"997,185"
10/17/2025,MNR,"240,862"
10/17/2025,Subway,"4,113,843"
10/17/2025,SIR,"6,689"
10/17/2025,LIRR,"269,171"
10/17/2025,CRZ Entries,"540,006"
10/17/2025,CBD Entries,"608,143"
10/17/2025,Bus,"1,364,083"
10/17/2025,BT,"1,021,890"
10/17/2025,AAR,"44,786"
10/18/2025,BT,"980,808"
10/18/2025,Subway,"2,931,765"
10/18/2025,SIR,42
10/18/2025,MNR,"156,049"
10/18/2025,LIRR,"154,085"
10/18/2025,CRZ Entries,"521,611"
10/18/2025,CBD Entries,"584,687"
10/18/2025,Bus,"903,291"
10/18/2025,AAR,"28,890"
10/19/2025,AAR,"29,387"
10/19/2025,Subway,"2,264,572"
10/19/2025,SIR,1
10/19/2025,MNR,"125,200"
10/19/2025,LIRR,"128,355"
10/19/2025,CRZ Entries,"494,717"
10/19/2025,CBD Entries,"554,532"
10/19/2025,Bus,"727,587"
10/19/2025,BT,"951,447"
10/20/2025,AAR,"40,468"
10/20/2025,Subway,"3,601,800"
10/20/2025,SIR,"6,134"
10/20/2025,MNR,"232,341"
10/20/2025,LIRR,"264,955"
10/20/2025,CRZ Entries,"482,547"
10/20/2025,CBD Entries,"550,195"
10/20/2025,Bus,"1,220,586"
10/20/2025,BT,"927,388"
10/21/2025,Bus,"1,472,383"
10/21/2025,Subway,"4,461,061"
10/21/2025,SIR,"8,052"
10/21/2025,MNR,"252,266"
10/21/2025,AAR,"46,279"
10/21/2025,LIRR,"285,947"
10/21/2025,CRZ Entries,"505,504"
10/21/2025,CBD Entries,"571,945"
10/21/2025,BT,"952,108"
10/22/2025,BT,"960,587"
10/22/2025,Subway,"4,523,614"
10/22/2025,SIR,"8,324"
10/22/2025,MNR,"243,232"
10/22/2025,LIRR,"275,757"
10/22/2025,CRZ Entries,"516,920"
10/22/2025,CBD Entries,"582,822"
10/22/2025,Bus,"1,467,664"
10/22/2025,AAR,"47,380"
10/23/2025,AAR,"46,401"
10/23/2025,Subway,"4,559,508"
10/23/2025,SIR,"7,887"
10/23/2025,MNR,"247,800"
10/23/2025,LIRR,"286,021"
10/23/2025,CRZ Entries,"532,687"
10/23/2025,CBD Entries,"599,125"
10/23/2025,Bus,"1,461,341"
10/23/2025,BT,"990,734"
10/24/2025,LIRR,"274,534"
10/24/2025,Subway,"4,276,483"
10/24/2025,SIR,"6,741"
10/24/2025,MNR,"240,961"
10/24/2025,CRZ Entries,"538,058"
10/24/2025,CBD Entries,"603,680"
10/24/2025,Bus,"1,410,451"
10/24/2025,BT,"1,014,462"
10/24/2025,AAR,"44,360"
10/25/2025,BT,"985,797"
10/25/2025,Subway,"2,949,713"
10/25/2025,SIR,71
10/25/2025,MNR,"157,311"
10/25/2025,LIRR,"155,774"
10/25/2025,CRZ Entries,"525,430"
10/25/2025,CBD Entries,"590,403"
10/25/2025,Bus,"900,658"
10/25/2025,AAR,"29,197"
10/26/2025,BT,"919,543"
10/26/2025,Subway,"2,286,150"
10/26/2025,SIR,4
10/26/2025,MNR,"119,440"
10/26/2025,LIRR,"126,937"
10/26/2025,CRZ Entries,"482,960"
10/26/2025,CBD Entries,"549,762"
10/26/2025,Bus,"828,951"
10/26/2025,AAR,"29,588"
10/27/2025,AAR,"41,385"
10/27/2025,Subway,"4,127,115"
10/27/2025,SIR,"7,507"
10/27/2025,MNR,"232,879"
10/27/2025,LIRR,"266,942"
10/27/2025,CRZ Entries,"488,623"
10/27/2025,CBD Entries,"553,465"
10/27/2025,Bus,"1,402,134"
10/27/2025,BT,"933,494"
10/28/2025,AAR,"45,787"
10/28/2025,Subway,"4,530,266"
10/28/2025,SIR,"8,079"
10/28/2025,MNR,"251,648"
10/28/2025,LIRR,"283,192"
10/28/2025,CRZ Entries,"509,358"
10/28/2025,CBD Entries,"572,705"
10/28/2025,Bus,"1,455,220"
10/28/2025,BT,"943,247"
10/29/2025,Bus,"1,469,294"
10/29/2025,Subway,"4,602,493"
10/29/2025,SIR,"8,220"
10/29/2025,AAR,"47,416"
10/29/2025,MNR,"248,483"
10/29/2025,LIRR,"281,041"
10/29/2025,CRZ Entries,"523,719"
10/29/2025,CBD Entries,"587,348"
10/29/2025,BT,"960,281"
10/30/2025,BT,"889,125"
10/30/2025,Subway,"4,324,588"
10/30/2025,SIR,"7,567"
10/30/2025,MNR,"233,660"
10/30/2025,LIRR,"267,015"
10/30/2025,CRZ Entries,"511,435"
10/30/2025,CBD Entries,"566,504"
10/30/2025,Bus,"1,227,694"
10/30/2025,AAR,"44,144"
10/31/2025,AAR,"43,132"
10/31/2025,Subway,"4,432,080"
10/31/2025,SIR,"6,460"
10/31/2025,MNR,"238,548"
10/31/2025,LIRR,"277,129"
10/31/2025,CRZ Entries,"532,586"
10/31/2025,CBD Entries,"596,286"
10/31/2025,Bus,"1,317,185"
10/31/2025,BT,"983,811"
11/1/2025,MNR,"136,951"
11/1/2025,Subway,"3,100,676"
11/1/2025,SIR,"3,055"
11/1/2025,LIRR,"144,681"
11/1/2025,CRZ Entries,"557,583"
11/1/2025,CBD Entries,"621,678"
11/1/2025,Bus,"898,965"
11/1/2025,BT,"983,673"
11/1/2025,AAR,"28,093"
11/2/2025,BT,"817,612"
11/2/2025,Subway,"2,832,239"
11/2/2025,SIR,"4,004"
11/2/2025,MNR,"126,613"
11/2/2025,LIRR,"139,969"
11/2/2025,CRZ Entries,"471,290"
11/2/2025,CBD Entries,"515,320"
11/2/2025,Bus,"650,701"
11/2/2025,AAR,"25,958"
11/3/2025,AAR,"43,099"
11/3/2025,Subway,"4,161,669"
11/3/2025,SIR,"7,712"
11/3/2025,MNR,"220,572"
11/3/2025,LIRR,"255,395"
11/3/2025,CRZ Entries,"488,655"
11/3/2025,CBD Entries,"555,643"
11/3/2025,Bus,"1,391,623"
11/3/2025,BT,"940,016"
11/4/2025,AAR,"43,413"
11/4/2025,Subway,"4,115,365"
11/4/2025,SIR,"6,902"
11/4/2025,MNR,"239,630"
11/4/2025,LIRR,"272,769"
11/4/2025,CRZ Entries,"484,039"
11/4/2025,CBD Entries,"546,060"
11/4/2025,Bus,"1,328,396"
11/4/2025,BT,"904,786"
11/5/2025,CBD Entries,"583,951"
11/5/2025,Subway,"4,481,565"
11/5/2025,SIR,"8,275"
11/5/2025,BT,"952,224"
11/5/2025,MNR,"241,336"
11/5/2025,AAR,"47,577"
11/5/2025,LIRR,"278,711"
11/5/2025,CRZ Entries,"516,723"
11/5/2025,Bus,"1,446,631"
11/6/2025,BT,"982,260"
11/6/2025,Subway,"4,476,845"
11/6/2025,SIR,"7,819"
11/6/2025,MNR,"237,999"
11/6/2025,LIRR,"277,537"
11/6/2025,CRZ Entries,"532,580"
11/6/2025,CBD Entries,"597,423"
11/6/2025,Bus,"1,380,841"
11/6/2025,AAR,"46,597"
11/7/2025,AAR,"44,889"
11/7/2025,Subway,"4,143,987"
11/7/2025,SIR,"6,673"
11/7/2025,MNR,"227,739"
11/7/2025,LIRR,"271,989"
11/7/2025,CRZ Entries,"533,038"
11/7/2025,CBD Entries,"600,352"
11/7/2025,Bus,"1,278,966"
11/7/2025,BT,"999,735"
11/8/2025,MNR,"144,272"
11/8/2025,Subway,"2,998,303"
11/8/2025,SIR,98
11/8/2025,LIRR,"146,648"
11/8/2025,CRZ Entries,"520,741"
11/8/2025,CBD Entries,"582,779"
11/8/2025,Bus,"904,574"
11/8/2025,BT,"951,693"
11/8/2025,AAR,"28,928"
11/9/2025,BT,"859,442"
11/9/2025,Subway,"2,170,348"
11/9/2025,SIR,6
11/9/2025,MNR,"102,557"
11/9/2025,LIRR,"108,466"
11/9/2025,CRZ Entries,"463,682"
11/9/2025,CBD Entries,"526,073"
11/9/2025,Bus,"664,738"
11/9/2025,AAR,"28,414"
11/10/2025,AAR,"42,668"
11/10/2025,Subway,"4,042,262"
11/10/2025,SIR,"7,111"
11/10/2025,MNR,"224,338"
11/10/2025,LIRR,"261,926"
11/10/2025,CRZ Entries,"485,465"
11/10/2025,CBD Entries,"550,681"
11/10/2025,Bus,"1,330,157"
11/10/2025,BT,"918,164"
11/11/2025,LIRR,"261,323"
11/11/2025,Subway,"3,805,525"
11/11/2025,SIR,"5,848"
11/11/2025,MNR,"231,128"
11/11/2025,CRZ Entries,"476,517"
11/11/2025,CBD Entries,"536,744"
11/11/2025,Bus,"1,138,614"
11/11/2025,BT,"862,673"
11/11/2025,AAR,"37,343"
11/12/2025,Bus,"1,416,400"
11/12/2025,Subway,"4,490,139"
11/12/2025,SIR,"8,127"
11/12/2025,AAR,"48,814"
11/12/2025,MNR,"241,668"
11/12/2025,LIRR,"277,019"
11/12/2025,CRZ Entries,"516,005"
11/12/2025,CBD Entries,"578,898"
11/12/2025,BT,"947,918"
11/13/2025,BT,"973,866"
11/13/2025,Subway,"4,514,518"
11/13/2025,SIR,"7,775"
11/13/2025,MNR,"240,393"
11/13/2025,LIRR,"278,935"
11/13/2025,CRZ Entries,"530,783"
11/13/2025,CBD Entries,"594,706"
11/13/2025,Bus,"1,393,834"
11/13/2025,AAR,"48,365"
11/14/2025,AAR,"45,674"
11/14/2025,Subway,"4,202,637"
11/14/2025,SIR,"6,632"
11/14/2025,MNR,"228,051"
11/14/2025,LIRR,"266,627"
11/14/2025,CRZ Entries,"540,060"
11/14/2025,CBD Entries,"605,783"
11/14/2025,Bus,"1,358,720"
11/14/2025,BT,"999,518"
11/15/2025,MNR,"134,636"
11/15/2025,Subway,"2,916,948"
11/15/2025,SIR,"2,601"
11/15/2025,LIRR,"147,186"
11/15/2025,CRZ Entries,"521,944"
11/15/2025,CBD Entries,"583,136"
11/15/2025,Bus,"901,107"
11/15/2025,BT,"944,176"
11/15/2025,AAR,"29,345"
11/16/2025,BT,"875,912"
11/16/2025,Subway,"2,244,614"
11/16/2025,SIR,"1,930"
11/16/2025,MNR,"104,396"
11/16/2025,LIRR,"122,244"
11/16/2025,CRZ Entries,"476,770"
11/16/2025,CBD Entries,"533,624"
11/16/2025,Bus,"698,030"
11/16/2025,AAR,"29,190"
11/17/2025,AAR,"43,573"
11/17/2025,Subway,"4,073,219"
11/17/2025,SIR,"7,340"
11/17/2025,MNR,"224,332"
11/17/2025,LIRR,"265,144"
11/17/2025,CRZ Entries,"489,233"
11/17/2025,CBD Entries,"554,857"
11/17/2025,Bus,"1,345,238"
11/17/2025,BT,"920,434"
11/18/2025,AAR,"47,836"
11/18/2025,Subway,"4,478,041"
11/18/2025,SIR,"7,946"
11/18/2025,MNR,"244,622"
11/18/2025,LIRR,"276,957"
11/18/2025,CRZ Entries,"508,767"
11/18/2025,CBD Entries,"571,751"
11/18/2025,Bus,"1,412,746"
11/18/2025,BT,"939,249"
11/19/2025,CRZ Entries,"518,999"
11/19/2025,Subway,"4,485,722"
11/19/2025,SIR,"7,984"
11/19/2025,Bus,"1,324,616"
11/19/2025,MNR,"242,379"
11/19/2025,BT,"946,470"
11/19/2025,AAR,"49,261"
11/19/2025,LIRR,"285,721"
11/19/2025,CBD Entries,"580,388"
11/20/2025,BT,"989,094"
11/20/2025,Subway,"4,507,934"
11/20/2025,SIR,"7,966"
11/20/2025,MNR,"242,044"
11/20/2025,LIRR,"281,238"
11/20/2025,CRZ Entries,"538,095"
11/20/2025,CBD Entries,"600,338"
11/20/2025,Bus,"1,351,795"
11/20/2025,AAR,"48,100"
11/21/2025,AAR,"46,310"
11/21/2025,Subway,"4,136,195"
11/21/2025,SIR,"6,706"
11/21/2025,MNR,"227,894"
11/21/2025,LIRR,"265,950"
11/21/2025,CRZ Entries,"538,403"
11/21/2025,CBD Entries,"603,007"
11/21/2025,Bus,"1,308,473"
11/21/2025,BT,"1,007,336"
11/22/2025,MNR,"136,221"
11/22/2025,Subway,"2,789,019"
11/22/2025,SIR,"2,501"
11/22/2025,LIRR,"154,859"
11/22/2025,CRZ Entries,"518,407"
11/22/2025,CBD Entries,"578,855"
11/22/2025,Bus,"843,858"
11/22/2025,BT,"932,418"
11/22/2025,AAR,"28,732"
11/23/2025,BT,"859,248"
11/23/2025,Subway,"2,214,468"
11/23/2025,SIR,"1,919"
11/23/2025,MNR,"111,766"
11/23/2025,LIRR,"124,945"
11/23/2025,CRZ Entries,"464,531"
11/23/2025,CBD Entries,"525,804"
11/23/2025,Bus,"677,274"
11/23/2025,AAR,"29,629"
11/24/2025,AAR,"43,753"
11/24/2025,Subway,"4,093,423"
11/24/2025,SIR,"7,369"
11/24/2025,MNR,"235,318"
11/24/2025,LIRR,"278,824"
11/24/2025,CRZ Entries,"483,667"
11/24/2025,CBD Entries,"550,340"
11/24/2025,Bus,"1,325,785"
11/24/2025,BT,"931,195"
11/25/2025,LIRR,"287,401"
11/25/2025,Subway,"4,220,008"
11/25/2025,SIR,"7,701"
11/25/2025,MNR,"245,330"
11/25/2025,CRZ Entries,"497,669"
11/25/2025,CBD Entries,"562,668"
11/25/2025,Bus,"1,323,388"
11/25/2025,BT,"984,962"
11/25/2025,AAR,"46,923"
11/26/2025,Bus,"1,236,618"
11/26/2025,Subway,"3,810,090"
11/26/2025,SIR,"7,074"
11/26/2025,AAR,"42,124"
11/26/2025,MNR,"255,782"
11/26/2025,LIRR,"303,778"
11/26/2025,CRZ Entries,"495,541"
11/26/2025,CBD Entries,"562,332"
11/26/2025,BT,"1,002,049"
11/27/2025,BT,"915,340"
11/27/2025,Subway,"1,828,134"
11/27/2025,SIR,"2,356"
11/27/2025,MNR,"118,294"
11/27/2025,LIRR,"136,991"
11/27/2025,CRZ Entries,"390,555"
11/27/2025,CBD Entries,"456,868"
11/27/2025,Bus,"495,496"
11/27/2025,AAR,"31,998"
11/28/2025,AAR,"23,232"
11/28/2025,Subway,"2,812,012"
11/28/2025,SIR,"3,865"
11/28/2025,MNR,"137,068"
11/28/2025,LIRR,"155,678"
11/28/2025,CRZ Entries,"425,942"
11/28/2025,CBD Entries,"486,749"
11/28/2025,Bus,"841,444"
11/28/2025,BT,"840,279"
11/29/2025,MNR,"140,888"
11/29/2025,Subway,"2,451,340"
11/29/2025,SIR,"2,407"
11/29/2025,LIRR,"157,271"
11/29/2025,CRZ Entries,"468,381"
11/29/2025,CBD Entries,"525,836"
11/29/2025,Bus,"774,221"
11/29/2025,BT,"892,563"
11/29/2025,AAR,"23,215"
11/30/2025,BT,"873,262"
11/30/2025,Subway,"1,870,396"
11/30/2025,SIR,"1,743"
11/30/2025,MNR,"108,842"
11/30/2025,LIRR,"130,384"
11/30/2025,CRZ Entries,"448,883"
11/30/2025,CBD Entries,"509,436"
11/30/2025,Bus,"586,972"
11/30/2025,AAR,"25,621"
12/1/2025,AAR,"43,282"
12/1/2025,Subway,"4,006,207"
12/1/2025,SIR,"7,223"
12/1/2025,MNR,"216,228"
12/1/2025,LIRR,"249,607"
12/1/2025,CRZ Entries,"491,036"
12/1/2025,CBD Entries,"556,158"
12/1/2025,Bus,"1,303,042"
12/1/2025,BT,"952,445"
12/2/2025,LIRR,"265,911"
12/2/2025,Subway,"4,133,004"
12/2/2025,SIR,"7,245"
12/2/2025,MNR,"223,297"
12/2/2025,CRZ Entries,"488,126"
12/2/2025,CBD Entries,"546,464"
12/2/2025,Bus,"1,222,943"
12/2/2025,BT,"865,367"
12/2/2025,AAR,"44,343"
12/3/2025,CBD Entries,"579,624"
12/3/2025,Subway,"4,602,770"
12/3/2025,SIR,"8,244"
12/3/2025,BT,"949,475"
12/3/2025,MNR,"240,102"
12/3/2025,AAR,"48,995"
12/3/2025,LIRR,"275,589"
12/3/2025,CRZ Entries,"517,549"
12/3/2025,Bus,"1,388,939"
12/4/2025,BT,"975,181"
12/4/2025,Subway,"4,625,030"
12/4/2025,SIR,"7,743"
12/4/2025,MNR,"234,324"
12/4/2025,LIRR,"279,292"
12/4/2025,CRZ Entries,"537,385"
12/4/2025,CBD Entries,"599,786"
12/4/2025,Bus,"1,357,434"
12/4/2025,AAR,"47,977"
12/5/2025,AAR,"45,693"
12/5/2025,Subway,"4,245,175"
12/5/2025,SIR,"6,250"
12/5/2025,MNR,"214,457"
12/5/2025,LIRR,"257,408"
12/5/2025,CRZ Entries,"540,791"
12/5/2025,CBD Entries,"604,868"
12/5/2025,Bus,"1,244,763"
12/5/2025,BT,"979,717"
12/6/2025,MNR,"143,742"
12/6/2025,Subway,"3,167,060"
12/6/2025,SIR,"2,750"
12/6/2025,LIRR,"161,891"
12/6/2025,CRZ Entries,"524,790"
12/6/2025,CBD Entries,"581,765"
12/6/2025,Bus,"862,636"
12/6/2025,BT,"907,338"
12/6/2025,AAR,"29,625"
12/7/2025,BT,"859,180"
12/7/2025,Subway,"2,417,625"
12/7/2025,SIR,"2,085"
12/7/2025,MNR,"108,943"
12/7/2025,LIRR,"132,179"
12/7/2025,CRZ Entries,"481,678"
12/7/2025,CBD Entries,"539,911"
12/7/2025,Bus,"677,370"
12/7/2025,AAR,"30,064"
12/8/2025,AAR,"44,073"
12/8/2025,Subway,"4,146,910"
12/8/2025,SIR,"7,173"
12/8/2025,MNR,"221,975"
12/8/2025,LIRR,"262,078"
12/8/2025,CRZ Entries,"496,401"
12/8/2025,CBD Entries,"561,060"
12/8/2025,Bus,"1,280,746"
12/8/2025,BT,"919,722"
12/9/2025,LIRR,"280,939"
12/9/2025,Subway,"4,498,157"
12/9/2025,SIR,"7,619"
12/9/2025,MNR,"245,102"
12/9/2025,CRZ Entries,"520,020"
12/9/2025,CBD Entries,"581,751"
12/9/2025,Bus,"1,343,371"
12/9/2025,BT,"942,527"
12/9/2025,AAR,"47,915"
12/10/2025,Bus,"1,356,535"
12/10/2025,Subway,"4,570,883"
12/10/2025,SIR,"7,932"
12/10/2025,AAR,"48,763"
12/10/2025,MNR,"243,313"
12/10/2025,LIRR,"278,314"
12/10/2025,CRZ Entries,"527,414"
12/10/2025,CBD Entries,"586,136"
12/10/2025,BT,"950,985"
12/11/2025,BT,"985,569"
12/11/2025,Subway,"4,654,787"
12/11/2025,SIR,"7,601"
12/11/2025,MNR,"244,157"
12/11/2025,LIRR,"282,861"
12/11/2025,CRZ Entries,"547,305"
12/11/2025,CBD Entries,"607,456"
12/11/2025,Bus,"1,354,523"
12/11/2025,AAR,"47,771"
12/12/2025,AAR,"46,724"
12/12/2025,Subway,"4,342,252"
12/12/2025,SIR,"6,359"
12/12/2025,MNR,"232,325"
12/12/2025,LIRR,"271,356"
12/12/2025,CRZ Entries,"554,757"
12/12/2025,CBD Entries,"616,249"
12/12/2025,Bus,"1,310,865"
12/12/2025,BT,"1,010,112"
12/13/2025,MNR,"160,206"
12/13/2025,Subway,"3,223,814"
12/13/2025,SIR,"2,636"
12/13/2025,LIRR,"183,250"
12/13/2025,CRZ Entries,"534,734"
12/13/2025,CBD Entries,"594,199"
12/13/2025,Bus,"895,773"
12/13/2025,BT,"949,108"
12/13/2025,AAR,"29,814"
12/14/2025,BT,"678,234"
12/14/2025,Subway,"2,275,321"
12/14/2025,SIR,"1,816"
12/14/2025,MNR,"106,009"
12/14/2025,LIRR,"116,119"
12/14/2025,CRZ Entries,"401,521"
12/14/2025,CBD Entries,"449,076"
12/14/2025,Bus,"551,669"
12/14/2025,AAR,"25,999"
12/15/2025,AAR,"41,911"
12/15/2025,Subway,"4,071,120"
12/15/2025,SIR,"6,631"
12/15/2025,MNR,"221,439"
12/15/2025,LIRR,"257,524"
12/15/2025,CRZ Entries,"474,945"
12/15/2025,CBD Entries,"533,152"
12/15/2025,Bus,"1,250,173"
12/15/2025,BT,"897,956"
12/16/2025,BT,"938,269"
12/16/2025,Subway,"4,478,870"
12/16/2025,SIR,"7,147"
12/16/2025,MNR,"243,838"
12/16/2025,LIRR,"275,666"
12/16/2025,CRZ Entries,"503,860"
12/16/2025,CBD Entries,"562,004"
12/16/2025,Bus,"1,353,494"
12/16/2025,AAR,"46,871"
12/17/2025,CBD Entries,"580,318"
12/17/2025,Subway,"4,493,497"
12/17/2025,SIR,"7,365"
12/17/2025,MNR,"245,310"
12/17/2025,BT,"970,077"
12/17/2025,AAR,"49,815"
12/17/2025,LIRR,"286,645"
12/17/2025,CRZ Entries,"518,555"
12/17/2025,Bus,"1,383,795"
12/18/2025,BT,"997,713"
12/18/2025,Subway,"4,499,832"
12/18/2025,SIR,"7,371"
12/18/2025,MNR,"245,278"
12/18/2025,LIRR,"294,530"
12/18/2025,CRZ Entries,"532,889"
12/18/2025,CBD Entries,"595,447"
12/18/2025,Bus,"1,378,737"
12/18/2025,AAR,"49,193"
12/19/2025,AAR,"44,942"
12/19/2025,Subway,"3,888,599"
12/19/2025,SIR,"5,598"
12/19/2025,MNR,"221,112"
12/19/2025,LIRR,"269,600"
12/19/2025,CRZ Entries,"528,541"
12/19/2025,CBD Entries,"588,777"
12/19/2025,Bus,"1,167,980"
12/19/2025,BT,"962,046"
12/20/2025,LIRR,"173,942"
12/20/2025,Subway,"2,981,831"
12/20/2025,SIR,"2,583"
12/20/2025,MNR,"155,827"
12/20/2025,CRZ Entries,"513,236"
12/20/2025,CBD Entries,"572,755"
12/20/2025,Bus,"813,781"
12/20/2025,BT,"934,838"
12/20/2025,AAR,"30,138"
12/21/2025,BT,"879,883"
12/21/2025,Subway,"2,390,530"
12/21/2025,SIR,"2,119"
12/21/2025,MNR,"127,045"
12/21/2025,LIRR,"152,661"
12/21/2025,CRZ Entries,"463,899"
12/21/2025,CBD Entries,"526,287"
12/21/2025,Bus,"627,619"
12/21/2025,AAR,"31,036"
12/22/2025,BT,"939,496"
12/22/2025,Subway,"3,869,528"
12/22/2025,SIR,"6,935"
12/22/2025,MNR,"229,496"
12/22/2025,LIRR,"268,354"
12/22/2025,CRZ Entries,"471,375"
12/22/2025,CBD Entries,"535,367"
12/22/2025,Bus,"1,158,803"
12/22/2025,AAR,"42,652"
12/23/2025,AAR,"41,705"
12/23/2025,Subway,"3,602,331"
12/23/2025,SIR,"6,345"
12/23/2025,MNR,"223,698"
12/23/2025,LIRR,"268,202"
12/23/2025,CRZ Entries,"466,947"
12/23/2025,CBD Entries,"530,039"
12/23/2025,Bus,"1,107,930"
12/23/2025,BT,"930,944"
12/24/2025,AAR,"35,738"
12/24/2025,Subway,"2,853,461"
12/24/2025,SIR,"4,540"
12/24/2025,MNR,"195,155"
12/24/2025,LIRR,"244,530"
12/24/2025,CRZ Entries,"441,284"
12/24/2025,CBD Entries,"507,082"
12/24/2025,Bus,"883,076"
12/24/2025,BT,"949,981"
12/25/2025,Bus,"390,603"
12/25/2025,Subway,"1,511,985"
12/25/2025,SIR,"1,826"
12/25/2025,AAR,"22,310"
12/25/2025,MNR,"69,421"
12/25/2025,LIRR,"96,125"
12/25/2025,CRZ Entries,"345,557"
12/25/2025,CBD Entries,"399,158"
12/25/2025,BT,"755,953"
12/26/2025,BT,"761,332"
12/26/2025,Subway,"2,695,535"
12/26/2025,SIR,"4,070"
12/26/2025,MNR,"204,111"
12/26/2025,LIRR,"238,777"
12/26/2025,CRZ Entries,"374,368"
12/26/2025,CBD Entries,"424,593"
12/26/2025,Bus,"793,491"
12/26/2025,AAR,"27,702"
12/27/2025,AAR,"16,279"
12/27/2025,Subway,"2,219,293"
12/27/2025,SIR,"2,424"
12/27/2025,MNR,"114,446"
12/27/2025,LIRR,"130,835"
12/27/2025,CRZ Entries,"331,518"
12/27/2025,CBD Entries,"367,528"
12/27/2025,Bus,"542,506"
12/27/2025,BT,"562,069"
12/28/2025,MNR,"114,540"
12/28/2025,Subway,"2,180,348"
12/28/2025,SIR,"2,302"
12/28/2025,LIRR,"133,665"
12/28/2025,CRZ Entries,"397,417"
12/28/2025,CBD Entries,"448,419"
12/28/2025,Bus,"579,178"
12/28/2025,BT,"754,479"
12/28/2025,AAR,"22,732"
12/29/2025,BT,"851,122"
12/29/2025,Subway,"3,297,161"
12/29/2025,SIR,"5,571"
12/29/2025,MNR,"214,568"
12/29/2025,LIRR,"257,839"
12/29/2025,CRZ Entries,"433,252"
12/29/2025,CBD Entries,"492,004"
12/29/2025,Bus,"1,024,260"
12/29/2025,AAR,"37,707"
12/30/2025,AAR,"40,464"
12/30/2025,Subway,"3,554,107"
12/30/2025,SIR,"5,681"
12/30/2025,MNR,"222,329"
12/30/2025,LIRR,"265,344"
12/30/2025,CRZ Entries,"461,093"
12/30/2025,CBD Entries,"519,563"
12/30/2025,Bus,"1,084,547"
12/30/2025,BT,"898,686"
12/31/2025,AAR,"38,585"
12/31/2025,Subway,"3,084,643"
12/31/2025,SIR,"4,790"
12/31/2025,MNR,"203,486"
12/31/2025,LIRR,"245,088"
12/31/2025,CRZ Entries,"431,667"
12/31/2025,CBD Entries,"492,015"
12/31/2025,Bus,"959,612"
12/31/2025,BT,"851,446"
1/1/2026,CBD Entries,"414,347"
1/1/2026,Subway,"2,016,827"
1/1/2026,SIR,"2,172"
1/1/2026,BT,"661,315"
1/1/2026,MNR,"77,813"
1/1/2026,AAR,"14,441"
1/1/2026,LIRR,"99,745"
1/1/2026,CRZ Entries,"370,115"
1/1/2026,Bus,"474,380"
1/2/2026,BT,"812,469"
1/2/2026,Subway,"3,120,979"
1/2/2026,SIR,"4,632"
1/2/2026,MNR,"163,155"
1/2/2026,LIRR,"192,703"
1/2/2026,CRZ Entries,"422,514"
1/2/2026,CBD Entries,"477,673"
1/2/2026,Bus,"986,192"
1/2/2026,AAR,"33,207"
1/3/2026,AAR,"24,956"
1/3/2026,Subway,"2,478,271"
1/3/2026,SIR,"2,650"
1/3/2026,MNR,"132,196"
1/3/2026,LIRR,"167,213"
1/3/2026,CRZ Entries,"436,646"
1/3/2026,CBD Entries,"484,717"
1/3/2026,Bus,"758,640"
1/3/2026,BT,"804,417"
1/4/2026,MNR,"73,729"
1/4/2026,Subway,"1,934,593"
1/4/2026,SIR,"1,894"
1/4/2026,LIRR,"90,083"
1/4/2026,CRZ Entries,"401,858"
1/4/2026,CBD Entries,"455,429"
1/4/2026,Bus,"626,317"
1/4/2026,BT,"749,343"
1/4/2026,AAR,"27,839"
1/5/2026,BT,"853,613"
1/5/2026,Subway,"3,650,793"
1/5/2026,SIR,"7,098"
1/5/2026,MNR,"177,390"
1/5/2026,LIRR,"219,975"
1/5/2026,CRZ Entries,"442,505"
1/5/2026,CBD Entries,"503,303"
1/5/2026,Bus,"1,282,373"
1/5/2026,AAR,"42,609"
1/6/2026,AAR,"45,834"
1/6/2026,Subway,"3,973,013"
1/6/2026,SIR,"7,542"
1/6/2026,MNR,"197,811"
1/6/2026,LIRR,"245,492"
1/6/2026,CRZ Entries,"452,822"
1/6/2026,CBD Entries,"512,978"
1/6/2026,Bus,"1,334,624"
1/6/2026,BT,"871,458"
1/7/2026,LIRR,"250,828"
1/7/2026,Subway,"4,074,540"
1/7/2026,SIR,"7,722"
1/7/2026,MNR,"207,994"
1/7/2026,CRZ Entries,"465,160"
1/7/2026,CBD Entries,"525,856"
1/7/2026,Bus,"1,348,234"
1/7/2026,BT,"877,731"
1/7/2026,AAR,"47,258"
1/8/2026,Bus,"1,347,632"
1/8/2026,Subway,"4,096,415"
1/8/2026,SIR,"7,519"
1/8/2026,AAR,"46,662"
1/8/2026,MNR,"212,710"
1/8/2026,LIRR,"251,655"
1/8/2026,CRZ Entries,"483,602"
1/8/2026,CBD Entries,"542,750"
1/8/2026,BT,"902,305"
1/9/2026,BT,"915,619"
1/9/2026,Subway,"3,763,800"
1/9/2026,SIR,"6,262"
1/9/2026,MNR,"197,505"
1/9/2026,LIRR,"239,792"
1/9/2026,CRZ Entries,"481,409"
1/9/2026,CBD Entries,"544,083"
1/9/2026,Bus,"1,272,247"
1/9/2026,AAR,"44,891"
1/10/2026,AAR,"26,074"
1/10/2026,Subway,"2,395,364"
1/10/2026,SIR,"2,374"
1/10/2026,MNR,"97,875"
1/10/2026,LIRR,"114,420"
1/10/2026,CRZ Entries,"471,322"
1/10/2026,CBD Entries,"523,158"
1/10/2026,Bus,"774,842"
1/10/2026,BT,"806,027"
1/11/2026,MNR,"84,855"
1/11/2026,Subway,"1,978,534"
1/11/2026,SIR,"2,004"
1/11/2026,LIRR,"99,745"
1/11/2026,CRZ Entries,"433,463"
1/11/2026,CBD Entries,"486,241"
1/11/2026,Bus,"664,557"
1/11/2026,BT,"780,896"
1/11/2026,AAR,"28,246"
1/12/2026,BT,"874,778"
1/12/2026,Subway,"3,770,308"
1/12/2026,SIR,"7,131"
1/12/2026,MNR,"200,032"
1/12/2026,LIRR,"237,811"
1/12/2026,CRZ Entries,"457,853"
1/12/2026,CBD Entries,"519,170"
1/12/2026,Bus,"1,330,401"
1/12/2026,AAR,"42,819"
1/13/2026,AAR,"46,618"
1/13/2026,Subway,"4,108,806"
1/13/2026,SIR,"7,876"
1/13/2026,MNR,"220,239"
1/13/2026,LIRR,"258,513"
1/13/2026,CRZ Entries,"477,444"
1/13/2026,CBD Entries,"539,320"
1/13/2026,Bus,"1,396,832"
1/13/2026,BT,"891,825"
1/14/2026,AAR,"48,298"
1/14/2026,Subway,"4,123,499"
1/14/2026,SIR,"7,634"
1/14/2026,MNR,"223,140"
1/14/2026,LIRR,"259,501"
1/14/2026,CRZ Entries,"481,637"
1/14/2026,CBD Entries,"544,363"
1/14/2026,Bus,"1,399,486"
1/14/2026,BT,"896,921"
1/15/2026,CRZ Entries,"500,848"
1/15/2026,Subway,"4,122,446"
1/15/2026,SIR,"7,425"
1/15/2026,Bus,"1,376,769"
1/15/2026,MNR,"220,178"
1/15/2026,BT,"916,418"
1/15/2026,AAR,"45,600"
1/15/2026,LIRR,"255,079"
1/15/2026,CBD Entries,"563,735"
1/16/2026,BT,"952,643"
1/16/2026,Subway,"3,777,244"
1/16/2026,SIR,"6,148"
1/16/2026,MNR,"208,331"
1/16/2026,LIRR,"241,834"
1/16/2026,CRZ Entries,"503,285"
1/16/2026,CBD Entries,"565,698"
1/16/2026,Bus,"1,290,497"
1/16/2026,AAR,"44,701"
1/17/2026,AAR,"25,898"
1/17/2026,Subway,"2,366,112"
1/17/2026,SIR,"2,423"
1/17/2026,MNR,"102,013"
1/17/2026,LIRR,"112,583"
1/17/2026,CRZ Entries,"446,702"
1/17/2026,CBD Entries,"502,163"
1/17/2026,Bus,"751,576"
1/17/2026,BT,"775,085"
1/18/2026,MNR,"82,259"
1/18/2026,Subway,"1,892,975"
1/18/2026,SIR,"1,675"
1/18/2026,LIRR,"83,410"
1/18/2026,CRZ Entries,"368,812"
1/18/2026,CBD Entries,"418,797"
1/18/2026,Bus,"550,614"
1/18/2026,BT,"625,913"
1/18/2026,AAR,"25,820"
1/19/2026,BT,"828,004"
1/19/2026,Subway,"2,453,300"
1/19/2026,SIR,"2,949"
1/19/2026,MNR,"86,326"
1/19/2026,LIRR,"105,820"
1/19/2026,CRZ Entries,"417,360"
1/19/2026,CBD Entries,"477,378"
1/19/2026,Bus,"899,734"
1/19/2026,AAR,"25,086"
1/20/2026,AAR,"45,009"
1/20/2026,Subway,"3,877,447"
1/20/2026,SIR,"6,924"
1/20/2026,MNR,"219,701"
1/20/2026,LIRR,"253,778"
1/20/2026,CRZ Entries,"472,791"
1/20/2026,CBD Entries,"534,874"
1/20/2026,Bus,"1,273,059"
1/20/2026,BT,"875,173"
1/21/2026,LIRR,"257,748"
1/21/2026,Subway,"4,025,339"
1/21/2026,SIR,"7,303"
1/21/2026,MNR,"225,265"
1/21/2026,CRZ Entries,"487,363"
1/21/2026,CBD Entries,"549,164"
1/21/2026,Bus,"1,338,722"
1/21/2026,BT,"877,676"
1/21/2026,AAR,"47,748"
1/22/2026,Bus,"1,396,482"
1/22/2026,Subway,"4,121,459"
1/22/2026,SIR,"7,295"
1/22/2026,AAR,"47,855"
1/22/2026,MNR,"228,722"
1/22/2026,LIRR,"265,608"
1/22/2026,CRZ Entries,"503,469"
1/22/2026,CBD Entries,"567,215"
1/22/2026,BT,"914,247"
1/23/2026,BT,"933,065"
1/23/2026,Subway,"3,776,980"
1/23/2026,SIR,"6,001"
1/23/2026,MNR,"209,654"
1/23/2026,LIRR,"248,622"
1/23/2026,CRZ Entries,"505,217"
1/23/2026,CBD Entries,"566,911"
1/23/2026,Bus,"1,298,807"
1/23/2026,AAR,"45,077"
1/24/2026,AAR,"23,866"
1/24/2026,Subway,"2,221,402"
1/24/2026,SIR,"2,011"
1/24/2026,MNR,"90,911"
1/24/2026,LIRR,"114,512"
1/24/2026,CRZ Entries,"476,905"
1/24/2026,CBD Entries,"531,327"
1/24/2026,Bus,"655,805"
1/24/2026,BT,"818,220"
1/25/2026,MNR,"27,652"
1/25/2026,Subway,"819,623"
1/25/2026,SIR,773
1/25/2026,LIRR,"30,577"
1/25/2026,CRZ Entries,"117,548"
1/25/2026,CBD Entries,"130,520"
1/25/2026,Bus,"196,889"
1/25/2026,BT,"168,610"
1/25/2026,AAR,"8,401"
1/26/2026,BT,"314,954"
1/26/2026,Subway,"1,755,760"
1/26/2026,SIR,"2,064"
1/26/2026,MNR,"42,911"
1/26/2026,LIRR,"53,590"
1/26/2026,CRZ Entries,"195,624"
1/26/2026,CBD Entries,"218,341"
1/26/2026,Bus,"489,976"
1/26/2026,AAR,"15,007"
1/27/2026,AAR,"36,154"
1/27/2026,Subway,"4,059,702"
1/27/2026,SIR,"6,955"
1/27/2026,MNR,"209,031"
1/27/2026,LIRR,"246,235"
1/27/2026,CRZ Entries,"379,199"
1/27/2026,CBD Entries,"423,228"
1/27/2026,Bus,"1,068,310"
1/27/2026,BT,"739,147"
1/28/2026,LIRR,"268,629"
1/28/2026,Subway,"4,332,658"
1/28/2026,SIR,"7,816"
1/28/2026,MNR,"223,385"
1/28/2026,CRZ Entries,"409,984"
1/28/2026,CBD Entries,"456,237"
1/28/2026,Bus,"1,165,329"
1/28/2026,BT,"817,588"
1/28/2026,AAR,"43,338"
1/29/2026,CBD Entries,"478,975"
1/29/2026,Subway,"4,395,790"
1/29/2026,SIR,"7,886"
1/29/2026,BT,"857,981"
1/29/2026,MNR,"225,215"
1/29/2026,AAR,"42,979"
1/29/2026,LIRR,"270,439"
1/29/2026,CRZ Entries,"429,851"
1/29/2026,Bus,"1,161,323"
1/30/2026,BT,"878,482"
1/30/2026,Subway,"3,957,935"
1/30/2026,SIR,"6,312"
1/30/2026,MNR,"206,477"
1/30/2026,LIRR,"245,174"
1/30/2026,CRZ Entries,"439,608"
1/30/2026,CBD Entries,"487,562"
1/30/2026,Bus,"1,057,360"
1/30/2026,AAR,"43,571"
1/31/2026,AAR,"25,626"
1/31/2026,Subway,"2,581,424"
1/31/2026,SIR,"2,460"
1/31/2026,MNR,"96,472"
1/31/2026,LIRR,"116,643"
1/31/2026,CRZ Entries,"433,913"
1/31/2026,CBD Entries,"475,698"
1/31/2026,Bus,"690,215"
1/31/2026,BT,"756,025"
2/1/2026,MNR,"69,254"
2/1/2026,Subway,"1,981,353"
2/1/2026,SIR,"1,714"
2/1/2026,LIRR,"80,871"
2/1/2026,CRZ Entries,"383,455"
2/1/2026,CBD Entries,"432,357"
2/1/2026,Bus,"524,589"
2/1/2026,BT,"680,960"
2/1/2026,AAR,"23,002"
2/2/2026,BT,"834,932"
2/2/2026,Subway,"3,985,895"
2/2/2026,SIR,"7,471"
2/2/2026,MNR,"182,299"
2/2/2026,LIRR,"217,203"
2/2/2026,CRZ Entries,"417,821"
2/2/2026,CBD Entries,"473,082"
2/2/2026,Bus,"1,173,735"
2/2/2026,AAR,"43,047"
2/3/2026,AAR,"48,235"
2/3/2026,Subway,"4,397,644"
2/3/2026,SIR,"8,295"
2/3/2026,MNR,"219,849"
2/3/2026,LIRR,"263,234"
2/3/2026,CRZ Entries,"442,166"
2/3/2026,CBD Entries,"498,185"
2/3/2026,Bus,"1,245,949"
2/3/2026,BT,"859,259"
2/4/2026,LIRR,"263,388"
2/4/2026,Subway,"4,439,787"
2/4/2026,SIR,"8,564"
2/4/2026,MNR,"225,121"
2/4/2026,CRZ Entries,"456,353"
2/4/2026,CBD Entries,"512,286"
2/4/2026,Bus,"1,302,237"
2/4/2026,BT,"871,814"
2/4/2026,AAR,"49,579"
2/5/2026,Bus,"1,334,014"
2/5/2026,Subway,"4,432,406"
2/5/2026,SIR,"8,178"
2/5/2026,AAR,"47,826"
2/5/2026,MNR,"225,067"
2/5/2026,LIRR,"265,748"
2/5/2026,CRZ Entries,"471,518"
2/5/2026,CBD Entries,"529,097"
2/5/2026,BT,"898,988"
2/6/2026,BT,"911,531"
2/6/2026,Subway,"4,020,646"
2/6/2026,SIR,"6,749"
2/6/2026,MNR,"210,906"
2/6/2026,LIRR,"252,754"
2/6/2026,CRZ Entries,"472,074"
2/6/2026,CBD Entries,"531,210"
2/6/2026,Bus,"1,261,942"
2/6/2026,AAR,"46,859"
2/7/2026,AAR,"23,563"
2/7/2026,Subway,"2,358,946"
2/7/2026,SIR,"2,120"
2/7/2026,MNR,"89,754"
2/7/2026,LIRR,"102,769"
2/7/2026,CRZ Entries,"444,578"
2/7/2026,CBD Entries,"497,694"
2/7/2026,Bus,"650,789"
2/7/2026,BT,"758,697"
2/8/2026,MNR,"70,025"
2/8/2026,Subway,"1,769,698"
2/8/2026,SIR,"1,562"
2/8/2026,LIRR,"80,029"
2/8/2026,CRZ Entries,"393,433"
2/8/2026,CBD Entries,"445,061"
2/8/2026,Bus,"481,220"
2/8/2026,BT,"685,621"
2/8/2026,AAR,"22,967"
2/9/2026,BT,"863,170"
2/9/2026,Subway,"3,807,229"
2/9/2026,SIR,"7,152"
2/9/2026,MNR,"201,329"
2/9/2026,LIRR,"243,351"
2/9/2026,CRZ Entries,"441,513"
2/9/2026,CBD Entries,"500,310"
2/9/2026,Bus,"1,219,415"
2/9/2026,AAR,"42,126"
2/10/2026,AAR,"47,006"
2/10/2026,Subway,"4,283,901"
2/10/2026,SIR,"8,435"
2/10/2026,MNR,"225,826"
2/10/2026,LIRR,"262,988"
2/10/2026,CRZ Entries,"459,086"
2/10/2026,CBD Entries,"517,401"
2/10/2026,Bus,"1,337,815"
2/10/2026,BT,"867,843"
2/11/2026,LIRR,"268,664"
2/11/2026,Subway,"4,377,163"
2/11/2026,SIR,"8,433"
2/11/2026,MNR,"226,961"
2/11/2026,CRZ Entries,"474,161"
2/11/2026,CBD Entries,"533,806"
2/11/2026,Bus,"1,358,378"
2/11/2026,BT,"894,697"
2/11/2026,AAR,"50,053"
2/12/2026,Bus,"1,326,128"
2/12/2026,Subway,"4,266,487"
2/12/2026,SIR,"7,654"
2/12/2026,MNR,"226,582"
2/12/2026,BT,"922,239"
2/12/2026,LIRR,"265,892"
2/12/2026,CRZ Entries,"493,259"
2/12/2026,CBD Entries,"549,799"
2/12/2026,AAR,"47,865"
2/13/2026,BT,"960,871"
2/13/2026,Subway,"4,034,457"
2/13/2026,SIR,"6,677"
2/13/2026,MNR,"215,551"
2/13/2026,LIRR,"256,378"
2/13/2026,CRZ Entries,"499,559"
2/13/2026,CBD Entries,"556,352"
2/13/2026,Bus,"1,241,227"
2/13/2026,AAR,"47,055"
2/14/2026,AAR,"29,123"
2/14/2026,Subway,"2,839,785"
2/14/2026,SIR,"2,882"
2/14/2026,MNR,"110,510"
2/14/2026,LIRR,"125,137"
2/14/2026,CRZ Entries,"484,983"
2/14/2026,CBD Entries,"539,296"
2/14/2026,Bus,"802,553"
2/14/2026,BT,"851,409"
2/15/2026,LIRR,"112,300"
2/15/2026,Subway,"2,247,495"
2/15/2026,SIR,"2,304"
2/15/2026,MNR,"93,826"
2/15/2026,CRZ Entries,"427,502"
2/15/2026,CBD Entries,"481,656"
2/15/2026,Bus,"629,233"
2/15/2026,BT,"800,112"
2/15/2026,AAR,"28,498"
2/16/2026,BT,"792,379"
2/16/2026,Subway,"2,560,717"
2/16/2026,SIR,"3,053"
2/16/2026,MNR,"86,277"
2/16/2026,LIRR,"101,152"
2/16/2026,CRZ Entries,"388,706"
2/16/2026,CBD Entries,"447,577"
2/16/2026,Bus,"834,155"
2/16/2026,AAR,"24,970"
2/17/2026,BT,"885,324"
2/17/2026,Subway,"3,797,796"
2/17/2026,SIR,"7,110"
2/17/2026,MNR,"223,936"
2/17/2026,LIRR,"260,663"
2/17/2026,CRZ Entries,"456,906"
2/17/2026,CBD Entries,"517,421"
2/17/2026,Bus,"1,170,513"
2/17/2026,AAR,"45,265"
2/18/2026,AAR,"47,110"
2/18/2026,Subway,"3,974,070"
2/18/2026,SIR,"7,243"
2/18/2026,MNR,"224,093"
2/18/2026,LIRR,"269,864"
2/18/2026,CRZ Entries,"455,865"
2/18/2026,CBD Entries,"515,699"
2/18/2026,Bus,"1,220,537"
2/18/2026,BT,"865,910"
2/19/2026,AAR,"46,003"
2/19/2026,Subway,"4,052,265"
2/19/2026,SIR,"7,484"
2/19/2026,MNR,"228,261"
2/19/2026,LIRR,"273,447"
2/19/2026,CRZ Entries,"480,397"
2/19/2026,CBD Entries,"542,565"
2/19/2026,Bus,"1,259,788"
2/19/2026,BT,"908,186"
2/20/2026,Bus,"1,088,131"
2/20/2026,Subway,"3,550,862"
2/20/2026,SIR,"5,737"
2/20/2026,AAR,"43,085"
2/20/2026,MNR,"203,096"
2/20/2026,LIRR,"251,262"
2/20/2026,CRZ Entries,"482,242"
2/20/2026,CBD Entries,"541,421"
2/20/2026,BT,"885,347"
2/21/2026,BT,"894,417"
2/21/2026,Subway,"2,710,824"
2/21/2026,SIR,"2,860"
2/21/2026,MNR,"113,589"
2/21/2026,LIRR,"142,725"
2/21/2026,CRZ Entries,"486,446"
2/21/2026,CBD Entries,"546,358"
2/21/2026,Bus,"839,959"
2/21/2026,AAR,"29,438"
2/22/2026,AAR,"21,783"
2/22/2026,Subway,"1,439,320"
2/22/2026,SIR,"1,558"
2/22/2026,MNR,"60,366"
2/22/2026,LIRR,"65,623"
2/22/2026,CRZ Entries,"283,493"
2/22/2026,CBD Entries,"320,300"
2/22/2026,Bus,"438,165"
2/22/2026,BT,"493,463"
2/23/2026,MNR,"16,152"
2/23/2026,Subway,"830,660"
2/23/2026,SIR,316
2/23/2026,LIRR,0
2/23/2026,CRZ Entries,"64,128"
2/23/2026,CBD Entries,"72,167"
2/23/2026,Bus,"202,460"
2/23/2026,BT,"113,642"
2/23/2026,AAR,"14,355"
2/24/2026,BT,"622,501"
2/24/2026,Subway,"3,487,403"
2/24/2026,SIR,"2,363"
2/24/2026,MNR,"108,743"
2/24/2026,LIRR,"90,520"
2/24/2026,CRZ Entries,"357,473"
2/24/2026,CBD Entries,"400,602"
2/24/2026,Bus,"963,843"
2/24/2026,AAR,"25,054"
2/25/2026,AAR,"42,319"
2/25/2026,Subway,"4,139,212"
2/25/2026,SIR,"7,126"
2/25/2026,MNR,"212,973"
2/25/2026,LIRR,"250,926"
2/25/2026,CRZ Entries,"426,838"
2/25/2026,CBD Entries,"476,262"
2/25/2026,Bus,"1,230,769"
2/25/2026,BT,"799,927"
2/26/2026,AAR,"45,069"
2/26/2026,Subway,"4,373,179"
2/26/2026,SIR,"8,132"
2/26/2026,MNR,"231,970"
2/26/2026,LIRR,"272,009"
2/26/2026,CRZ Entries,"472,508"
2/26/2026,CBD Entries,"530,447"
2/26/2026,Bus,"1,330,375"
2/26/2026,BT,"904,170"
2/27/2026,CBD Entries,"538,698"
2/27/2026,Subway,"4,070,331"
2/27/2026,SIR,"7,157"
2/27/2026,BT,"935,612"
2/27/2026,MNR,"218,043"
2/27/2026,AAR,"47,326"
2/27/2026,LIRR,"257,875"
2/27/2026,CRZ Entries,"481,516"
2/27/2026,Bus,"1,288,410"
2/28/2026,BT,"874,002"
2/28/2026,Subway,"2,839,556"
2/28/2026,SIR,"3,099"
2/28/2026,MNR,"120,082"
2/28/2026,LIRR,"150,484"
2/28/2026,CRZ Entries,"473,404"
2/28/2026,CBD Entries,"530,608"
2/28/2026,Bus,"866,582"
2/28/2026,AAR,"30,477"
3/1/2026,AAR,"27,986"
3/1/2026,Subway,"2,092,624"
3/1/2026,SIR,"2,306"
3/1/2026,MNR,"80,318"
3/1/2026,LIRR,"102,690"
3/1/2026,CRZ Entries,"419,690"
3/1/2026,CBD Entries,"477,671"
3/1/2026,Bus,"632,277"
3/1/2026,BT,"783,123"
3/2/2026,MNR,"189,527"
3/2/2026,Subway,"3,977,302"
3/2/2026,SIR,"7,606"
3/2/2026,LIRR,"228,349"
3/2/2026,CRZ Entries,"455,141"
3/2/2026,CBD Entries,"511,019"
3/2/2026,Bus,"1,302,247"
3/2/2026,BT,"872,174"
3/2/2026,AAR,"44,302"
3/3/2026,BT,"854,906"
3/3/2026,Subway,"4,204,675"
3/3/2026,SIR,"8,211"
3/3/2026,MNR,"216,028"
3/3/2026,LIRR,"255,481"
3/3/2026,CRZ Entries,"462,338"
3/3/2026,CBD Entries,"521,456"
3/3/2026,Bus,"1,291,843"
3/3/2026,AAR,"47,579"
3/4/2026,AAR,"50,528"
3/4/2026,Subway,"4,389,363"
3/4/2026,SIR,"8,652"
3/4/2026,MNR,"230,841"
3/4/2026,LIRR,"267,999"
3/4/2026,CRZ Entries,"486,998"
3/4/2026,CBD Entries,"548,615"
3/4/2026,Bus,"1,391,677"
3/4/2026,BT,"912,572"
3/5/2026,LIRR,"263,845"
3/5/2026,Subway,"4,249,962"
3/5/2026,SIR,"7,909"
3/5/2026,MNR,"223,892"
3/5/2026,CRZ Entries,"488,269"
3/5/2026,CBD Entries,"546,960"
3/5/2026,Bus,"1,269,711"
3/5/2026,BT,"912,659"
3/5/2026,AAR,"47,969"
3/6/2026,Bus,"1,302,863"
3/6/2026,Subway,"4,001,475"
3/6/2026,SIR,"6,895"
3/6/2026,AAR,"47,619"
3/6/2026,MNR,"213,668"
3/6/2026,LIRR,"252,224"
3/6/2026,CRZ Entries,"496,820"
3/6/2026,CBD Entries,"558,993"
3/6/2026,BT,"959,491"
3/7/2026,BT,"888,546"
3/7/2026,Subway,"2,773,292"
3/7/2026,SIR,"3,041"
3/7/2026,MNR,"112,304"
3/7/2026,LIRR,"122,719"
3/7/2026,CRZ Entries,"489,385"
3/7/2026,CBD Entries,"540,865"
3/7/2026,Bus,"858,706"
3/7/2026,AAR,"30,093"
3/8/2026,AAR,"31,053"
3/8/2026,Subway,"2,118,735"
3/8/2026,SIR,"2,307"
3/8/2026,MNR,"90,561"
3/8/2026,LIRR,"106,218"
3/8/2026,CRZ Entries,"432,911"
3/8/2026,CBD Entries,"493,504"
3/8/2026,Bus,"665,659"
3/8/2026,BT,"826,545"
3/9/2026,MNR,"216,978"
3/9/2026,Subway,"4,017,877"
3/9/2026,SIR,"8,061"
3/9/2026,LIRR,"256,980"
3/9/2026,CRZ Entries,"464,066"
3/9/2026,CBD Entries,"523,601"
3/9/2026,Bus,"1,328,707"
3/9/2026,BT,"906,718"
3/9/2026,AAR,"45,175"
3/10/2026,BT,"926,447"
3/10/2026,Subway,"4,429,117"
3/10/2026,SIR,"9,144"
3/10/2026,MNR,"242,120"
3/10/2026,LIRR,"286,451"
3/10/2026,CRZ Entries,"478,848"
3/10/2026,CBD Entries,"538,948"
3/10/2026,Bus,"1,412,694"
3/10/2026,AAR,"49,773"
3/11/2026,AAR,"50,810"
3/11/2026,Subway,"4,423,114"
3/11/2026,SIR,"8,969"
3/11/2026,MNR,"240,805"
3/11/2026,LIRR,"276,278"
3/11/2026,CRZ Entries,"490,034"
3/11/2026,CBD Entries,"550,814"
3/11/2026,Bus,"1,404,358"
3/11/2026,BT,"929,885"
3/12/2026,BT,"937,084"
3/12/2026,Subway,"4,360,259"
3/12/2026,SIR,"8,261"
3/12/2026,MNR,"236,207"
3/12/2026,LIRR,"280,281"
3/12/2026,CRZ Entries,"493,503"
3/12/2026,CBD Entries,"554,591"
3/12/2026,Bus,"1,317,907"
3/12/2026,AAR,"48,958"
3/13/2026,CRZ Entries,"504,802"
3/13/2026,Subway,"4,099,078"
3/13/2026,SIR,"6,966"
3/13/2026,Bus,"1,310,749"
3/13/2026,MNR,"224,651"
3/13/2026,BT,"984,218"
3/13/2026,AAR,"47,270"
3/13/2026,LIRR,"276,610"
3/13/2026,CBD Entries,"569,296"
3/14/2026,BT,"911,435"
3/14/2026,Subway,"2,883,522"
3/14/2026,SIR,"3,333"
3/14/2026,MNR,"124,704"
3/14/2026,LIRR,"152,848"
3/14/2026,CRZ Entries,"497,988"
3/14/2026,CBD Entries,"559,207"
3/14/2026,Bus,"885,009"
3/14/2026,AAR,"30,899"
3/15/2026,AAR,"29,818"
3/15/2026,Subway,"2,284,838"
3/15/2026,SIR,"2,453"
3/15/2026,MNR,"95,218"
3/15/2026,LIRR,"117,786"
3/15/2026,CRZ Entries,"443,233"
3/15/2026,CBD Entries,"494,922"
3/15/2026,Bus,"643,762"
3/15/2026,BT,"851,494"
3/16/2026,MNR,"208,691"
3/16/2026,Subway,"3,857,027"
3/16/2026,SIR,"7,268"
3/16/2026,LIRR,"249,381"
3/16/2026,CRZ Entries,"454,731"
3/16/2026,CBD Entries,"515,737"
3/16/2026,Bus,"1,238,844"
3/16/2026,BT,"858,980"
3/16/2026,AAR,"43,491"
3/17/2026,BT,"910,899"
3/17/2026,Subway,"4,469,055"
3/17/2026,SIR,"8,718"
3/17/2026,MNR,"242,645"
3/17/2026,LIRR,"279,541"
3/17/2026,CRZ Entries,"471,446"
3/17/2026,CBD Entries,"532,111"
3/17/2026,Bus,"1,356,227"
3/17/2026,AAR,"48,561"
3/18/2026,AAR,"50,031"
3/18/2026,Subway,"4,510,854"
3/18/2026,SIR,"8,489"
3/18/2026,MNR,"244,436"
3/18/2026,LIRR,"281,676"
3/18/2026,CRZ Entries,"501,026"
3/18/2026,CBD Entries,"564,667"
3/18/2026,Bus,"1,402,034"
3/18/2026,BT,"948,429"
3/19/2026,LIRR,"281,063"
3/19/2026,Subway,"4,482,768"
3/19/2026,SIR,"8,237"
3/19/2026,MNR,"242,630"
3/19/2026,CRZ Entries,"488,478"
3/19/2026,CBD Entries,"551,152"
3/19/2026,Bus,"1,397,394"
3/19/2026,BT,"975,040"
3/19/2026,AAR,"48,465"
3/20/2026,Bus,"1,209,923"
3/20/2026,Subway,"3,784,106"
3/20/2026,SIR,"6,313"
3/20/2026,AAR,"45,320"
3/20/2026,MNR,"228,693"
3/20/2026,LIRR,"268,288"
3/20/2026,CRZ Entries,"458,532"
3/20/2026,CBD Entries,"520,359"
3/20/2026,BT,"967,383"
3/21/2026,BT,"916,706"
3/21/2026,Subway,"2,811,993"
3/21/2026,SIR,"2,809"
3/21/2026,MNR,"123,117"
3/21/2026,LIRR,"137,175"
3/21/2026,CRZ Entries,"452,024"
3/21/2026,CBD Entries,"510,759"
3/21/2026,Bus,"890,063"
3/21/2026,AAR,"29,424"
3/22/2026,AAR,"29,741"
3/22/2026,Subway,"2,121,729"
3/22/2026,SIR,"2,056"
3/22/2026,MNR,"102,101"
3/22/2026,LIRR,"123,518"
3/22/2026,CRZ Entries,"420,641"
3/22/2026,CBD Entries,"482,084"
3/22/2026,Bus,"687,957"
3/22/2026,BT,"878,557"
3/23/2026,MNR,"213,572"
3/23/2026,Subway,"3,888,821"
3/23/2026,SIR,"7,474"
3/23/2026,LIRR,"255,362"
3/23/2026,CRZ Entries,"435,073"
3/23/2026,CBD Entries,"492,508"
3/23/2026,Bus,"1,259,485"
3/23/2026,BT,"875,747"
3/23/2026,AAR,"43,326"
3/24/2026,BT,"915,023"
3/24/2026,Subway,"4,385,137"
3/24/2026,SIR,"8,554"
3/24/2026,MNR,"239,664"
3/24/2026,LIRR,"285,995"
3/24/2026,CRZ Entries,"455,612"
3/24/2026,CBD Entries,"514,007"
3/24/2026,Bus,"1,400,840"
3/24/2026,AAR,"48,170"
3/25/2026,AAR,"49,877"
3/25/2026,Subway,"4,402,186"
3/25/2026,SIR,"8,487"
3/25/2026,MNR,"240,153"
3/25/2026,LIRR,"279,314"
3/25/2026,CRZ Entries,"463,515"
3/25/2026,CBD Entries,"522,775"
3/25/2026,Bus,"1,412,694"
3/25/2026,BT,"930,286"
3/26/2026,LIRR,"304,253"
3/26/2026,Subway,"4,431,640"
3/26/2026,SIR,"8,566"
3/26/2026,MNR,"241,015"
3/26/2026,CRZ Entries,"478,701"
3/26/2026,CBD Entries,"539,436"
3/26/2026,Bus,"1,358,425"
3/26/2026,BT,"969,427"
3/26/2026,AAR,"49,422"
3/27/2026,CBD Entries,"540,526"
3/27/2026,Subway,"4,019,397"
3/27/2026,SIR,"6,767"
3/27/2026,BT,"974,683"
3/27/2026,MNR,"221,909"
3/27/2026,AAR,"46,350"
3/27/2026,LIRR,"264,326"
3/27/2026,CRZ Entries,"479,407"
3/27/2026,Bus,"1,271,472"
3/28/2026,BT,"919,497"
3/28/2026,Subway,"2,929,313"
3/28/2026,SIR,"2,596"
3/28/2026,MNR,"124,691"
3/28/2026,LIRR,"150,533"
3/28/2026,CRZ Entries,"460,930"
3/28/2026,CBD Entries,"519,955"
3/28/2026,Bus,"863,605"
3/28/2026,AAR,"29,859"
3/29/2026,AAR,"31,135"
3/29/2026,Subway,"2,203,483"
3/29/2026,SIR,"2,068"
3/29/2026,MNR,"97,853"
3/29/2026,LIRR,"121,016"
3/29/2026,CRZ Entries,"421,131"
3/29/2026,CBD Entries,"479,448"
3/29/2026,Bus,"687,814"
3/29/2026,BT,"858,515"
3/30/2026,MNR,"222,861"
3/30/2026,Subway,"3,998,952"
3/30/2026,SIR,"7,836"
3/30/2026,LIRR,"270,783"
3/30/2026,CRZ Entries,"440,461"
3/30/2026,CBD Entries,"501,277"
3/30/2026,Bus,"1,306,701"
3/30/2026,BT,"900,924"
3/30/2026,AAR,"43,437"
3/31/2026,BT,"915,291"
3/31/2026,Subway,"4,383,951"
3/31/2026,SIR,"8,594"
3/31/2026,MNR,"246,489"
3/31/2026,LIRR,"283,190"
3/31/2026,CRZ Entries,"451,308"
3/31/2026,CBD Entries,"513,102"
3/31/2026,Bus,"1,373,723"
3/31/2026,AAR,"47,728"
4/1/2026,AAR,"49,070"
4/1/2026,Subway,"4,232,496"
4/1/2026,SIR,"7,908"
4/1/2026,MNR,"215,767"
4/1/2026,LIRR,"251,388"
4/1/2026,CRZ Entries,"457,009"
4/1/2026,CBD Entries,"518,685"
4/1/2026,Bus,"1,317,172"
4/1/2026,BT,"938,363"
4/2/2026,LIRR,"254,880"
4/2/2026,Subway,"3,898,932"
4/2/2026,SIR,"6,981"
4/2/2026,MNR,"215,928"
4/2/2026,CRZ Entries,"455,426"
4/2/2026,CBD Entries,"513,095"
4/2/2026,Bus,"1,171,959"
4/2/2026,BT,"903,741"
4/2/2026,AAR,"45,303"
4/3/2026,AAR,"41,964"
4/3/2026,Subway,"3,586,160"
4/3/2026,SIR,"5,621"
4/3/2026,MNR,"224,159"
4/3/2026,LIRR,"257,779"
4/3/2026,CRZ Entries,"387,593"
4/3/2026,CBD Entries,"436,113"
4/3/2026,Bus,"1,105,341"
4/3/2026,BT,"892,868"
4/4/2026,BT,"890,900"
4/4/2026,Subway,"2,951,280"
4/4/2026,SIR,"3,374"
4/4/2026,MNR,"145,498"
4/4/2026,LIRR,"153,371"
4/4/2026,CRZ Entries,"441,771"
4/4/2026,CBD Entries,"499,183"
4/4/2026,Bus,"862,014"
4/4/2026,AAR,"29,151"
4/5/2026,AAR,"32,321"
4/5/2026,Subway,"1,988,182"
4/5/2026,SIR,"2,079"
4/5/2026,MNR,"106,661"
4/5/2026,LIRR,"117,368"
4/5/2026,CRZ Entries,
4/5/2026,CBD Entries,
4/5/2026,Bus,"569,834"
4/5/2026,BT,"847,545"
4/6/2026,BT,"912,482"
4/6/2026,Subway,"3,663,808"
4/6/2026,SIR,"6,834"
4/6/2026,MNR,"214,677"
4/6/2026,LIRR,"248,376"
4/6/2026,Bus,"1,188,753"
4/6/2026,AAR,"40,038"
4/7/2026,BT,"880,048"
4/7/2026,Subway,"4,088,263"
4/7/2026,SIR,"7,633"
4/7/2026,MNR,"239,713"
4/7/2026,LIRR,"271,051"
4/7/2026,Bus,"1,255,337"
4/7/2026,AAR,"45,336"
4/8/2026,BT,"826,719"
4/8/2026,Subway,"4,074,008"
4/8/2026,SIR,"7,527"
4/8/2026,MNR,"242,421"
4/8/2026,LIRR,"273,134"
4/8/2026,Bus,"1,227,903"
4/8/2026,AAR,"46,167"
4/9/2026,AAR,"45,482"
4/9/2026,LIRR,"283,722"
4/9/2026,SIR,"7,418"
4/9/2026,Bus,"1,229,949"
4/9/2026,BT,"906,459"
4/9/2026,Subway,"4,099,280"
4/9/2026,MNR,"242,312"
